380;0.012608767;0.011159658;0.011789799;0.011931896;0.011349678;0.012416363;0.011935472;0.012001753;0.011591911;0.012221336;0.011808634;0.012038231;0.012530565;0.012024403;0.011495352;0.011942387;0.011559486;0.011478901;0.011516333;0.011968374
381;0.012832403;0.012275696;0.012662649;0.012636662;0.012800932;0.012558699;0.012462139;0.012793064;0.012835264;0.012110233;0.012302876;0.012420416;0.012825727;0.011928797;0.012462139;0.012371063;0.012495279;0.012641907;0.01240015;0.012554169
382;0.013375282;0.012712717;0.012990952;0.012820244;0.013621092;0.012711525;0.013469934;0.012923479;0.012811184;0.012778759;0.012520552;0.012910843;0.012953281;0.012476921;0.013526917;0.012829542;0.013207912;0.012996435;0.013016701;0.013075113
383;0.013915539;0.013526678;0.013091087;0.013628721;0.013985634;0.01320529;0.013738394;0.013550282;0.013206005;0.013525248;0.0133214;0.013249874;0.013458729;0.013239622;0.013473272;0.013166666;0.013471365;0.013370991;0.013904333;0.013960123
384;0.01492238;0.013705254;0.01373744;0.014198542;0.01397419;0.01399374;0.014022827;0.013956547;0.013394356;0.013969421;0.01350379;0.013985634;0.014039993;0.013532162;0.013512373;0.013355732;0.013757467;0.014034271;0.013865471;0.014550686
385;0.01510644;0.014364004;0.014019728;0.014346361;0.013892651;0.014178038;0.014188766;0.013898849;0.014278889;0.013933182;0.01413703;0.01429081;0.013964653;0.013966322;0.014383316;0.014135599;0.014185667;0.014192581;0.014268398;0.01420188
386;0.015371084;0.014447689;0.01448369;0.014556646;0.014449835;0.01436615;0.014663219;0.014292955;0.015294552;0.014766932;0.014464617;0.014329195;0.014266491;0.014060259;0.014611483;0.014500618;0.014104366;0.014219522;0.014200687;0.0143013
387;0.015398741;0.014990568;0.014882803;0.015110254;0.015164375;0.015062571;0.015166759;0.015031576;0.015062571;0.015002966;0.014737368;0.01505065;0.014507055;0.014558554;0.014918089;0.014970779;0.014540434;0.014602661;0.014762163;0.014806986
388;0.015835762;0.015706539;0.015053034;0.015442133;0.015148401;0.014868498;0.015659809;0.015338659;0.015272141;0.01499176;0.015234232;0.015199184;0.015102386;0.015146017;0.015836239;0.014891863;0.015220404;0.014912844;0.015531778;0.014703035
389;0.015863895;0.015745163;0.015664101;0.015512228;0.015399933;0.015336275;0.015331745;0.015809059;0.015792847;0.015291214;0.015403509;0.015398026;0.015523195;0.015202761;0.015482664;0.015476704;0.015619278;0.015409708;0.01540184;0.015536308
390;0.016218185;0.015913486;0.015707493;0.016143799;0.015882015;0.015685558;0.015951633;0.016083241;0.015861034;0.015910149;0.015486002;0.01580143;0.015697479;0.015624523;0.01595974;0.015721321;0.015729427;0.015651226;0.015960217;0.015971661
391;0.016692162;0.015851974;0.016244888;0.016083717;0.015868664;0.016269684;0.016135216;0.016403198;0.015980244;0.016244888;0.016397953;0.016269684;0.01606226;0.015680313;0.016151905;0.015882015;0.01611948;0.016262054;0.016119957;0.015991688
392;0.016858101;0.01625061;0.016523361;0.016186237;0.016309261;0.016501904;0.016625881;0.016541481;0.016204834;0.01601553;0.016130447;0.015750408;0.016289711;0.016243935;0.016069889;0.016279221;0.01588583;0.015875816;0.016487122;0.016267776
393;0.017073154;0.016421795;0.01628828;0.016388416;0.016470432;0.016398907;0.016633511;0.016161919;0.016176701;0.016047955;0.016028404;0.016111374;0.016330719;0.016137123;0.015964985;0.016156673;0.016273022;0.015902996;0.0163064;0.016342163
394;0.017286777;0.016358376;0.016516209;0.016626835;0.016354084;0.01682806;0.016494274;0.016163349;0.016611099;0.01635313;0.016106606;0.016397476;0.016585827;0.016791821;0.016012669;0.016089916;0.016325474;0.016296387;0.016303539;0.016285419
395;0.017364979;0.016731739;0.016713619;0.016534328;0.016824722;0.016547203;0.01668644;0.017056465;0.016433716;0.016639709;0.016820431;0.016674519;0.016499043;0.016424656;0.016544342;0.016688347;0.016543388;0.016562462;0.016593933;0.016627789
396;0.017510414;0.016953468;0.016685009;0.016916752;0.017124176;0.016973495;0.01706028;0.01696825;0.016997814;0.016782284;0.016638279;0.016924858;0.016690731;0.016725063;0.016792774;0.016979694;0.01695919;0.01648283;0.016517639;0.016973495
397;0.01777935;0.01736021;0.017166138;0.017647266;0.017404556;0.017328739;0.017707348;0.017158508;0.017436028;0.017103195;0.017333031;0.017300129;0.017279148;0.01701498;0.017305374;0.017037392;0.016882896;0.017028809;0.017165184;0.017160416
398;0.01906538;0.01831007;0.018189907;0.018648624;0.018119335;0.018627167;0.018323421;0.018409729;0.018253326;0.018353462;0.018372059;0.018226624;0.018343925;0.018089294;0.018139839;0.018052578;0.018034935;0.018104076;0.018363953;0.018400192
399;0.022738457;0.02203083;0.022238731;0.022066593;0.022114754;0.022414207;0.022089958;0.02243042;0.022110462;0.022215843;0.022211552;0.022105694;0.022168159;0.021876335;0.022019863;0.022232533;0.021996498;0.021987438;0.022390842;0.022435665
400;0.029054642;0.028357506;0.028641224;0.028420925;0.028770447;0.028815746;0.028506756;0.02859354;0.028630733;0.028534889;0.028716564;0.028450012;0.028338432;0.028305054;0.02833128;0.028670788;0.028411865;0.028347015;0.028655052;0.02859354
401;0.037951469;0.037371635;0.037628174;0.038022041;0.037855148;0.037929535;0.037658691;0.038025856;0.03772068;0.037970543;0.037614822;0.037556648;0.037603378;0.037712097;0.037763596;0.037732124;0.037648201;0.037496567;0.037552834;0.037662506
402;0.057506561;0.056995392;0.057232857;0.057159424;0.057024002;0.057086945;0.05711937;0.057188034;0.057033539;0.057026863;0.056951523;0.05721283;0.056932449;0.057020187;0.057144165;0.057287216;0.057190895;0.057229042;0.057307243;0.057232857
403;0.099554062;0.09941864;0.09936142;0.099668503;0.099458694;0.099655151;0.099685669;0.09967041;0.099647522;0.099660873;0.099681854;0.099697113;0.099607468;0.099859238;0.099916458;0.100008011;0.100147247;0.100105286;0.100208282;0.100227356
404;0.178894043;0.179023743;0.178791046;0.179466248;0.179336548;0.179618835;0.179542542;0.179973602;0.179504395;0.17975235;0.179519653;0.180168152;0.179862976;0.180194855;0.180011749;0.180179596;0.180389404;0.180408478;0.180740356;0.180397034
405;0.227169037;0.227695465;0.22794342;0.228904724;0.228168488;0.228923798;0.228736877;0.229000092;0.228832245;0.228691101;0.228725433;0.228981018;0.228889465;0.229537964;0.229454041;0.22952652;0.229743958;0.230117798;0.230144501;0.22996521
406;0.196651459;0.197048187;0.197120667;0.197776794;0.197593689;0.198287964;0.198066711;0.198123932;0.198051453;0.198177338;0.198040009;0.198173523;0.198177338;0.198608398;0.198509216;0.198543549;0.198852539;0.199203491;0.199142456;0.19903183
407;0.137531281;0.138134003;0.137866974;0.13854599;0.138366699;0.13891983;0.138648987;0.138759613;0.138702393;0.138729095;0.138378143;0.138881683;0.138893127;0.13891983;0.13892746;0.139263153;0.13904953;0.139175415;0.139335632;0.139438629
408;0.076633453;0.076856613;0.07692337;0.077331543;0.076828003;0.077112198;0.077163696;0.077503204;0.077106476;0.077138901;0.076770782;0.07730484;0.077322006;0.077503204;0.077497482;0.07733345;0.077196121;0.077299118;0.077535629;0.077676773
409;0.040143013;0.040253639;0.040164948;0.040290833;0.040031433;0.04022789;0.040128708;0.040298462;0.040213585;0.040297508;0.040047646;0.04028511;0.040240288;0.040385246;0.040350914;0.040403366;0.040219307;0.040231705;0.04047966;0.040629387
410;0.026665688;0.026383877;0.026139259;0.026572704;0.026390076;0.02610445;0.026246071;0.026502609;0.026304722;0.026136875;0.026177883;0.026369572;0.026157856;0.026278496;0.026410103;0.026156902;0.026274204;0.026405811;0.026300907;0.026299
411;0.020702839;0.020055294;0.020235538;0.020175934;0.020085335;0.020238876;0.020387173;0.020152569;0.020080566;0.020067215;0.019937515;0.019841671;0.019964218;0.019903183;0.019955158;0.020082951;0.020036221;0.019720554;0.020314217;0.019961357
412;0.017056942;0.016292095;0.016386032;0.016613483;0.016406536;0.016235352;0.016499043;0.016367435;0.016400814;0.016329288;0.016396999;0.016119957;0.016302109;0.016186714;0.016201973;0.016257763;0.016238213;0.016087055;0.016198158;0.016338348
413;0.015381575;0.014839888;0.014885187;0.014808893;0.01477623;0.014812231;0.014961958;0.0146873;0.014818192;0.014747381;0.01473093;0.01472044;0.014635324;0.014388084;0.014609098;0.01465559;0.014723063;0.014580965;0.014814377;0.014665604
414;0.014595509;0.014244318;0.014221191;0.014327526;0.014163733;0.014271021;0.014269114;0.014280081;0.014056683;0.013941526;0.014117241;0.014028788;0.01393342;0.013970613;0.013933659;0.014087677;0.013963223;0.01383543;0.014008045;0.013995886
415;0.014091969;0.01367116;0.013507843;0.01361227;0.013688087;0.013472557;0.01352191;0.013737917;0.013660669;0.013456106;0.013170242;0.013469934;0.013567448;0.013161182;0.013329983;0.013496876;0.013285875;0.013466835;0.013397455;0.013433456
416;0.013240337;0.012937307;0.012961626;0.012876272;0.012997627;0.01286602;0.012845039;0.012971401;0.012806892;0.012853146;0.012707233;0.012782574;0.012774467;0.012790442;0.012760162;0.012797117;0.012580156;0.012819767;0.012849808;0.012945414
417;0.012991905;0.012471199;0.012457371;0.012479782;0.012570143;0.012509346;0.012565613;0.012452364;0.012545824;0.012494802;0.012400627;0.012304783;0.012167931;0.012335062;0.012409925;0.012187958;0.012402773;0.012271643;0.012515068;0.012392998
418;0.012779951;0.012240887;0.012080193;0.012407064;0.012353182;0.012218475;0.01224637;0.012486935;0.012449741;0.012157679;0.012024879;0.012319803;0.011966467;0.012162209;0.01220727;0.01211977;0.011979103;0.011802435;0.012318373;0.012123585
419;0.012295246;0.011615515;0.011628389;0.011883736;0.01166153;0.011904001;0.012005091;0.011709929;0.011710167;0.011712551;0.011721134;0.011698961;0.01161027;0.011818886;0.011701822;0.011586666;0.011664152;0.011540413;0.011621952;0.011715889
420;0.011894226;0.011161804;0.011215687;0.011443377;0.011303425;0.011360645;0.011448622;0.011277676;0.011282682;0.011303186;0.011259317;0.011155367;0.011099339;0.011254072;0.011296988;0.011075974;0.011191845;0.011231661;0.011150122;0.011309624
421;0.011541367;0.010997534;0.01096034;0.011100531;0.011138201;0.011116505;0.011121035;0.010968447;0.010895967;0.011078358;0.010941982;0.011039495;0.0110991;0.010957956;0.010970592;0.010857344;0.010932446;0.010917425;0.011053324;0.010997057
422;0.011207581;0.01075983;0.010755539;0.010891199;0.010782719;0.010926962;0.010779381;0.010884762;0.010847092;0.01074338;0.010579348;0.010524511;0.010658979;0.010602236;0.0105896;0.010523796;0.010413885;0.010581017;0.010749102;0.010844469
423;0.010723829;0.010325432;0.010145664;0.010375738;0.010275602;0.010296345;0.010204077;0.010353565;0.010220289;0.0102005;0.010135412;0.010276794;0.010084867;0.010193586;0.010151863;0.010198116;0.010112762;0.010127068;0.010435343;0.010131836
424;0.010353804;0.009976625;0.009888649;0.009905815;0.009983063;0.009893656;0.00976181;0.010005474;0.009917259;0.009742022;0.009816885;0.009835243;0.009743452;0.009720087;0.009805679;0.009739637;0.009796619;0.009683847;0.009919882;0.009842157
425;0.010336161;0.009859324;0.009948015;0.009731054;0.009909153;0.009796858;0.00986886;0.009839535;0.009749889;0.009656906;0.009754896;0.009677649;0.009632826;0.009558678;0.00960207;0.009641886;0.009674072;0.009725809;0.00982213;0.009757519
426;0.010132074;0.009884357;0.009978771;0.009943008;0.009905815;0.00978446;0.009888649;0.00994873;0.009738207;0.009789467;0.009711266;0.009740829;0.009748936;0.009824276;0.009751797;0.009817123;0.009792566;0.009797812;0.009799242;0.009871483
427;0.010191679;0.010020018;0.010122299;0.01013732;0.010072947;0.010168791;0.010225773;0.010099173;0.009992361;0.010035992;0.009927511;0.009935617;0.009771109;0.00984931;0.009983778;0.009964466;0.009944916;0.009896278;0.009895086;0.009867907
428;0.010628223;0.010241032;0.010441542;0.010213375;0.010367155;0.010380268;0.010569096;0.010377169;0.010183573;0.010382891;0.010249138;0.010140419;0.010138035;0.010204315;0.010246992;0.010181904;0.010139704;0.010175705;0.010301828;0.010138988
429;0.01144433;0.011094093;0.011045933;0.011125565;0.011265993;0.011176348;0.011138678;0.011213064;0.011045694;0.011070728;0.010903835;0.011097908;0.010959625;0.010952711;0.010930777;0.011039019;0.011025429;0.010971069;0.011084318;0.011068344
430;0.015653133;0.01526475;0.015298843;0.015350342;0.015079498;0.015259981;0.015318394;0.015091896;0.01528883;0.015194654;0.015248299;0.01502943;0.015185118;0.015099287;0.015118837;0.015160561;0.015142202;0.015216351;0.015192747;0.015132904
431;0.028283596;0.027798653;0.027861118;0.02794981;0.027738094;0.027882099;0.027902126;0.027852535;0.027830124;0.027765274;0.027828693;0.027671814;0.027834415;0.027761459;0.027797222;0.027904034;0.027719975;0.027925968;0.027951241;0.027868271
432;0.049259186;0.048596382;0.048775673;0.048913002;0.048710823;0.048771858;0.048757553;0.048750877;0.048790932;0.048745155;0.048724174;0.048480988;0.048797607;0.048820496;0.048621178;0.048753738;0.048605919;0.048867226;0.048852921;0.048862457
433;0.086593628;0.08572197;0.085798264;0.086036682;0.085786819;0.085977554;0.085832596;0.086166382;0.085882187;0.085905075;0.085700989;0.085775375;0.08568573;0.085935593;0.08596611;0.086027145;0.086040497;0.086090088;0.086185455;0.086082458
434;0.201015472;0.199356079;0.199840546;0.200119019;0.199501038;0.19978714;0.199783325;0.200164795;0.200111389;0.200035095;0.199775696;0.199710846;0.199821472;0.200073242;0.20022583;0.20022583;0.200229645;0.20066452;0.200763702;0.200546265
435;0.400390625;0.397483826;0.398765564;0.398788452;0.397674561;0.398513794;0.398384094;0.399024963;0.398620605;0.398429871;0.398391724;0.398292542;0.398521423;0.398971558;0.398971558;0.399131775;0.399345398;0.39994812;0.400108337;0.399581909
436;0.471611023;0.46824646;0.469497681;0.469444275;0.46837616;0.46925354;0.469085693;0.469726563;0.469482422;0.469215393;0.469200134;0.468902588;0.469154358;0.469810486;0.469787598;0.470161438;0.470230103;0.471176147;0.471107483;0.47064209
437;0.421890259;0.419082642;0.42035675;0.42035675;0.419303894;0.420066833;0.41986084;0.420471191;0.420158386;0.419944763;0.41998291;0.419944763;0.419746399;0.420524597;0.420768738;0.42074585;0.420982361;0.421691895;0.421821594;0.421333313
438;0.275360107;0.273338318;0.274261475;0.274162292;0.27355957;0.274047852;0.274040222;0.274398804;0.274353027;0.273925781;0.274055481;0.274078369;0.273986816;0.274368286;0.274459839;0.274505615;0.274787903;0.275032043;0.275238037;0.274971008
439;0.120830536;0.119874954;0.120246887;0.120347977;0.120010376;0.120212555;0.120101929;0.12036705;0.120328903;0.120210648;0.120157242;0.120069504;0.120063782;0.120298386;0.120277405;0.120283127;0.120479584;0.120412827;0.120599747;0.120506287
440;0.050207138;0.049790382;0.049871445;0.049852371;0.049749374;0.049859047;0.049836159;0.049821854;0.049982071;0.049805641;0.049758911;0.049773216;0.049742699;0.049910545;0.049833298;0.049861908;0.049818993;0.049941063;0.049934387;0.049967766
441;0.019947052;0.019638538;0.019748688;0.019677162;0.019698143;0.019597054;0.019600868;0.019591808;0.019632339;0.019571781;0.019457817;0.019588947;0.019597054;0.019403934;0.019483566;0.01957655;0.019645691;0.019609928;0.019690514;0.019570827
442;0.010171652;0.010035992;0.009964705;0.009919405;0.009956121;0.009986877;0.009930134;0.009836674;0.009912491;0.009926081;0.009755135;0.009815454;0.009934664;0.009730339;0.00978899;0.009879589;0.009762287;0.009866238;0.00981617;0.009822607
443;0.007250547;0.007039428;0.007057428;0.007036567;0.007059693;0.007012725;0.007076383;0.00703454;0.006988168;0.007038474;0.007014513;0.007009149;0.007028818;0.006993651;0.006908774;0.006925941;0.007003307;0.006971598;0.006904721;0.007010937
444;0.006199956;0.006055355;0.005982041;0.00601542;0.005972981;0.005926847;0.005946398;0.006031871;0.005975962;0.005978227;0.005965233;0.005827308;0.006013989;0.005882263;0.005921364;0.005874991;0.005868793;0.005943656;0.006040454;0.005883098
445;0.005591631;0.005318999;0.005466461;0.005437136;0.005395412;0.005461335;0.005369425;0.005440116;0.005528808;0.005372882;0.005211711;0.005346894;0.005278945;0.005344033;0.005415916;0.005379915;0.005355716;0.005163789;0.005383968;0.005294561
446;0.005214214;0.004772544;0.004997373;0.004923344;0.004856706;0.004992723;0.005068302;0.004935145;0.004901767;0.004874229;0.004791141;0.004776478;0.00480783;0.004863977;0.00483501;0.004871011;0.004868746;0.004899621;0.004895568;0.004957318
447;0.004598379;0.004404902;0.004539847;0.004485488;0.00443697;0.004413247;0.004552364;0.004437089;0.004409432;0.004415989;0.0043329;0.004302025;0.004235864;0.004392266;0.004276037;0.004323959;0.00427258;0.004399657;0.004319787;0.004352093
448;0.004143834;0.004155636;0.00403142;0.004177809;0.003977895;0.00408268;0.004108191;0.004138231;0.004150867;0.00399828;0.004006267;0.003997564;0.003955841;0.004061937;0.003981352;0.004114151;0.0040555;0.003965497;0.004085422;0.004020214
449;0.004122734;0.003961682;0.003937125;0.003967762;0.004090071;0.003879845;0.003995419;0.003920317;0.00395143;0.003923655;0.003866494;0.003868222;0.003824115;0.003937483;0.003860116;0.003834248;0.003902137;0.003744781;0.003868937;0.003836393
450;0.004013062;0.003982544;0.003872037;0.003905833;0.003907919;0.003882766;0.003896177;0.00393188;0.003867507;0.00382328;0.00378263;0.003769279;0.003840446;0.003733575;0.00381434;0.003780782;0.003760517;0.003797233;0.003839076;0.003751874
451;0.003862977;0.003805578;0.003637791;0.003763318;0.003804505;0.00364846;0.003706217;0.003700256;0.00373894;0.003725827;0.003698587;0.003649056;0.003821194;0.00360465;0.003678083;0.003700972;0.00362587;0.003618896;0.003694296;0.003575385
452;0.003654778;0.003568709;0.003558993;0.003579557;0.003619552;0.003535628;0.003691614;0.003563941;0.003537834;0.003570974;0.003445089;0.003535986;0.003625035;0.003468215;0.003430843;0.003546894;0.003408372;0.003522575;0.003423274;0.003480077
453;0.003694177;0.003498733;0.003518641;0.003489494;0.003512561;0.003544927;0.003454566;0.003536046;0.003389299;0.003478527;0.003456473;0.003388762;0.003474593;0.00338757;0.003500283;0.003500462;0.003464937;0.003370583;0.003513634;0.003499866
454;0.003573537;0.003385425;0.003400266;0.003446341;0.00335288;0.003458202;0.003337443;0.003398657;0.00343281;0.00342834;0.003418446;0.003354251;0.003277898;0.003336906;0.003448308;0.003319621;0.003264666;0.003382862;0.003348947;0.003384888
455;0.003392696;0.003178418;0.003275156;0.003311217;0.003244281;0.00326395;0.00326997;0.003245711;0.003285706;0.003272355;0.003092885;0.003127217;0.003113687;0.003156126;0.003157973;0.00318557;0.003201008;0.00319016;0.003221452;0.003176153
456;0.003166199;0.00311625;0.003103673;0.003234267;0.003158271;0.00314784;0.003111124;0.003279686;0.003091156;0.003086805;0.003111184;0.00306654;0.003017306;0.003027856;0.002945244;0.003127515;0.00308007;0.003054559;0.003061295;0.003111005
457;0.003129721;0.003127217;0.003088057;0.003050327;0.003038704;0.003036797;0.003066301;0.003157318;0.002949297;0.003091812;0.00305897;0.002959251;0.002957761;0.00303477;0.002996862;0.002922475;0.003014922;0.002934635;0.00289768;0.002980947
458;0.003078938;0.00293082;0.002849936;0.002924263;0.002919614;0.002895117;0.002979815;0.002971709;0.002954423;0.002960801;0.002986789;0.002881765;0.002801239;0.002840519;0.002835453;0.002792954;0.002949059;0.002890587;0.002942741;0.002862871
459;0.002944529;0.002777576;0.002784908;0.002762198;0.002875566;0.002800822;0.002904117;0.002824306;0.002800763;0.002868891;0.002810836;0.002834439;0.002742052;0.002791345;0.002755284;0.002660871;0.002814889;0.002779305;0.002818346;0.002763927
460;0.002878249;0.002763927;0.002779424;0.002632141;0.00290513;0.002709985;0.002852082;0.002763152;0.002763689;0.002753496;0.002619922;0.00275892;0.002695084;0.002678812;0.002720416;0.00260365;0.002739906;0.002675414;0.002670884;0.002669275
461;0.002813816;0.002776504;0.002655149;0.002600193;0.002789617;0.002608597;0.002672374;0.002538025;0.002563536;0.00267452;0.002568185;0.002529323;0.002598763;0.002598166;0.002609372;0.002515316;0.002490938;0.002467573;0.002491713;0.002651989
462;0.002745271;0.002559483;0.002552509;0.002489626;0.002509058;0.002593279;0.002561629;0.002513409;0.002535701;0.002528369;0.00255692;0.002583623;0.002553821;0.002560675;0.002500653;0.002416015;0.002464533;0.002459288;0.002482116;0.002492249
463;0.002635539;0.002397239;0.002470136;0.002448022;0.002426326;0.002397776;0.002438664;0.002521038;0.002408624;0.00242883;0.002432108;0.002395749;0.002401948;0.002338767;0.002300084;0.002356529;0.002438068;0.002310574;0.00234741;0.002359092
464;0.002561569;0.00240612;0.002355814;0.002435625;0.002348006;0.002301931;0.00233525;0.002313912;0.002414525;0.002400219;0.00228864;0.002377391;0.002333403;0.002260506;0.002297997;0.002337396;0.002345562;0.002363265;0.002280116;0.002240002
465;0.002208352;0.002173781;0.002266109;0.00233525;0.002230227;0.002173662;0.002296329;0.002376437;0.002253592;0.002218008;0.002107024;0.002229452;0.002233148;0.002204657;0.002258301;0.002205968;0.00216639;0.002099693;0.002220094;0.002097964
466;0.002318323;0.002185643;0.002197206;0.00223583;0.00222677;0.002259851;0.002238154;0.002284348;0.002164423;0.002159059;0.002157152;0.002173126;0.00221014;0.002186954;0.002224743;0.002175093;0.002222896;0.00216502;0.002153277;0.002197802
467;0.002262533;0.002080679;0.002062142;0.00214076;0.00212574;0.002192616;0.002115011;0.00215286;0.002185524;0.002147079;0.002077103;0.002022743;0.002153516;0.002108812;0.002124727;0.002029717;0.00204879;0.002102017;0.002131164;0.002079189
468;0.002196372;0.002055883;0.002096176;0.002113223;0.002080798;0.00209403;0.002028704;0.002143323;0.002064824;0.002141953;0.001983523;0.001942694;0.002061486;0.002023697;0.001960695;0.001955628;0.001974165;0.002007306;0.002013445;0.002015412
469;0.002125919;0.002019048;0.002105117;0.001988351;0.001901239;0.001935363;0.001894116;0.001939803;0.002015114;0.001932234;0.001941115;0.002022088;0.001973152;0.002067804;0.001945317;0.001938611;0.00193271;0.001972616;0.001951963;0.001950949
470;0.002103329;0.001925886;0.00196898;0.001843274;0.001924098;0.001848668;0.001824111;0.001891196;0.001934171;0.002018034;0.001951247;0.001837552;0.001917213;0.001854271;0.001929283;0.001980662;0.001820058;0.001880437;0.0019297;0.001895994
471;0.001995087;0.001843214;0.001888722;0.001752347;0.001820445;0.001900315;0.001928359;0.001875311;0.001772702;0.00190571;0.001794279;0.001802534;0.001745313;0.001773477;0.001732975;0.001816511;0.001809001;0.001786441;0.001760811;0.001818836
472;0.001926512;0.001832217;0.001782149;0.001751274;0.001704991;0.001916528;0.001786083;0.001764059;0.00176999;0.001787335;0.001747519;0.001829803;0.001770705;0.00172016;0.001698703;0.001733094;0.001644075;0.001735806;0.001744717;0.00177744
473;0.001804024;0.001736164;0.001720101;0.001777738;0.001778036;0.001704931;0.001755476;0.001744151;0.001816094;0.001718491;0.001801729;0.00174427;0.001776248;0.001761556;0.001701415;0.001727551;0.001676261;0.001679868;0.00167197;0.001647055
474;0.001754403;0.001758754;0.001729608;0.001840949;0.001719922;0.00182873;0.001648545;0.001703739;0.00170213;0.001748443;0.001801938;0.001564115;0.001567662;0.00160858;0.001636833;0.001581937;0.00172317;0.00159654;0.001624167;0.001666337
475;0.0017277;0.001613766;0.00165391;0.001608729;0.001675338;0.001634747;0.001687765;0.00172928;0.001685709;0.001693249;0.001621544;0.001575142;0.001613915;0.001622915;0.001677215;0.001589805;0.001653969;0.00155592;0.001586765;0.00158003
476;0.00169763;0.001568317;0.00159359;0.001567394;0.001551121;0.001522988;0.001608491;0.001648158;0.001627177;0.001618505;0.001576036;0.001571864;0.001585156;0.001617551;0.001538008;0.001467347;0.001581162;0.001525193;0.001504898;0.001542896
477;0.001636565;0.001523256;0.001534283;0.001501709;0.001535505;0.001517355;0.001555651;0.001605302;0.001552463;0.001557738;0.001554847;0.001429528;0.001525551;0.001487494;0.001478612;0.001430303;0.001519054;0.001527429;0.001529872;0.001507878
478;0.001640826;0.001508445;0.001477957;0.001569301;0.001559407;0.001576185;0.001505703;0.001589805;0.001472861;0.001472116;0.001427472;0.001448542;0.001420766;0.001568973;0.001456499;0.001398325;0.001499265;0.001518071;0.001509905;0.001503676
479;0.001578629;0.001527578;0.001419753;0.001536012;0.001524478;0.001442909;0.001477748;0.001374722;0.001344353;0.001453936;0.001385897;0.001471668;0.001407474;0.001339495;0.001463175;0.001528859;0.001377076;0.001523107;0.001348346;0.001331836
480;0.001554281;0.001475751;0.001480192;0.001397401;0.001406342;0.001399189;0.001376927;0.001443446;0.001358926;0.00136441;0.001340955;0.001395404;0.001420349;0.001405269;0.001326263;0.001412243;0.001334012;0.001383454;0.00134173;0.00128153
481;0.001569271;0.001396209;0.001370013;0.001341343;0.001356423;0.001421481;0.001387686;0.001507849;0.00146243;0.001363397;0.001275241;0.001291841;0.001334041;0.001348853;0.001383871;0.00132364;0.001295805;0.001348674;0.001335979;0.001294911
482;0.001468509;0.001386046;0.001337588;0.001441479;0.001363009;0.00140211;0.001392692;0.001348078;0.001453757;0.00135994;0.001388431;0.001305103;0.001257867;0.001236588;0.00135982;0.001234591;0.001333356;0.001297593;0.001339763;0.001357555
483;0.001306534;0.001212686;0.001169413;0.001310408;0.00136283;0.001348734;0.001323134;0.001304895;0.001282096;0.001253933;0.001256973;0.001264155;0.001318991;0.00128895;0.001323253;0.001275599;0.00139153;0.001117498;0.00129652;0.001339346
484;0.00139454;0.001311272;0.001277387;0.001309663;0.001269519;0.001279682;0.001198977;0.001256198;0.001255214;0.001221061;0.001320571;0.001219958;0.001269549;0.00124833;0.001221359;0.001211882;0.0011217;0.001170754;0.00126797;0.001283765
485;0.001328915;0.001234859;0.001251787;0.001279473;0.001185775;0.001214325;0.001232296;0.001361817;0.001242369;0.001255274;0.001208037;0.001058489;0.00124228;0.001279593;0.001190126;0.001136065;0.001164734;0.001173377;0.001195252;0.001200408
486;0.001273006;0.001191884;0.001230627;0.001237124;0.001130462;0.001174003;0.00127846;0.001293331;0.001235038;0.001236826;0.001135379;0.001248181;0.001138687;0.001138777;0.001203507;0.001206785;0.00116396;0.001181901;0.001186699;0.001187712
487;0.001334041;0.001153052;0.001205742;0.001231879;0.001128554;0.001133353;0.001149863;0.001226455;0.00115478;0.001174241;0.001059771;0.001147717;0.001101762;0.001104027;0.001126379;0.001238912;0.001193404;0.001131058;0.001141965;0.001168281
488;0.001266629;0.001227945;0.00114134;0.001127511;0.00118655;0.001114279;0.0012137;0.001028866;0.001112968;0.001101702;0.001100689;0.001086295;0.001145154;0.001187056;0.001130372;0.001102895;0.001146346;0.001146615;0.00124532;0.001175016
489;0.001390457;0.001335293;0.001321912;0.001192331;0.00118497;0.001187295;0.00120461;0.001088202;0.001243234;0.001244485;0.001253724;0.001288593;0.00118348;0.001218259;0.001185149;0.00109911;0.001142889;0.001151264;0.001164943;0.001153678
490;0.001744568;0.001740783;0.001645207;0.001734674;0.001682609;0.00171417;0.00169906;0.001701713;0.001626313;0.001672715;0.001614392;0.001690179;0.001651794;0.001583338;0.001770467;0.0016357;0.001598269;0.001640916;0.00159803;0.001679331
491;0.002231181;0.002163529;0.00205636;0.002114177;0.00217396;0.002220213;0.002112687;0.002074957;0.002157986;0.002123117;0.00201124;0.002147198;0.002101719;0.002137721;0.002119005;0.002064943;0.002015352;0.002093375;0.002042532;0.002136648
492;0.002193689;0.002061069;0.002154827;0.002105176;0.002128124;0.002072394;0.0022102;0.002142847;0.002116442;0.002132475;0.002174556;0.002018034;0.002081275;0.002085149;0.002109945;0.00203526;0.002013862;0.001986802;0.00211668;0.002074361
493;0.001871824;0.001761675;0.00188008;0.00186944;0.001796186;0.001871407;0.001803607;0.001792967;0.001782566;0.001929313;0.001685262;0.001761168;0.001729161;0.001729906;0.001799703;0.001727045;0.001760393;0.001667529;0.001679838;0.001771599
494;0.001460016;0.001261413;0.001404315;0.001418769;0.001333892;0.001309544;0.001423478;0.001349807;0.00135532;0.001336038;0.001280457;0.001349509;0.001412898;0.001356274;0.001354188;0.001393706;0.001447439;0.00133121;0.001307905;0.001303881
495;0.001057059;0.001094401;0.001043707;0.001042724;0.00104472;0.001077294;0.001092136;0.00114426;0.000973329;0.001011103;0.001060575;0.001056939;0.001028925;0.001105279;0.000976622;0.001044393;0.001043737;0.001036584;0.001041144;0.001027226
496;0.000956029;0.001051456;0.000918984;0.000936434;0.000927821;0.000942335;0.000934422;0.00092487;0.000951722;0.000945374;0.000938386;0.000928536;0.000850841;0.000949383;0.000831753;0.000953078;0.000844806;0.000946805;0.000912011;0.000992984
497;0.001018822;0.00098905;0.000925541;0.00088875;0.000862896;0.000913709;0.000888526;0.000831768;0.001012355;0.000694394;0.000888824;0.000952706;0.000830874;0.000905082;0.000804201;0.000894144;0.00080432;0.000789061;0.000941232;0.000845194
498;0.000941455;0.001040369;0.00096485;0.000941277;0.000881508;0.000903189;0.000827149;0.00088726;0.000871733;0.000868782;0.000801787;0.000874609;0.000949159;0.000883833;0.000922978;0.000902981;0.000795558;0.000782311;0.000855923;0.000905693
499;0.000989616;0.000908807;0.000826046;0.000872195;0.000897363;0.000950456;0.000936911;0.00100854;0.000906736;0.000851259;0.000763103;0.000812396;0.000803754;0.000903338;0.000802815;0.000713915;0.00075224;0.000853896;0.000774518;0.000834256
500;0.001003057;0.000772581;0.000859708;0.00091286;0.000857323;0.000834465;0.00086087;0.000880361;0.000875399;0.000880793;0.000773281;0.000829294;0.000805512;0.000804991;0.000766307;0.000730425;0.000812545;0.000769764;0.000782639;0.000700235
501;0.000845477;0.000852153;0.000836581;0.000815675;0.000954047;0.000870675;0.000805885;0.000805393;0.000930294;0.000792831;0.000745386;0.00084202;0.00084722;0.000749663;0.000850528;0.000721917;0.000805005;0.00080508;0.000793546;0.000718966
502;0.000845566;0.000853464;0.000874892;0.000886947;0.000779718;0.000827566;0.000753716;0.000888363;0.000936851;0.000741884;0.000751719;0.000864476;0.000854284;0.000712886;0.000909075;0.0007779;0.00083974;0.000730813;0.000743106;0.000821382
503;0.000882849;0.000781059;0.000722647;0.000781834;0.000788316;0.000664487;0.000811473;0.000751808;0.000794232;0.000863478;0.000718355;0.000714228;0.000666142;0.00070487;0.000651285;0.000668779;0.000752911;0.000705764;0.000788853;0.000750214
504;0.000871643;0.000710472;0.000703186;0.000749603;0.000845015;0.000687957;0.000723258;0.000666901;0.000744417;0.000763699;0.000706941;0.000738725;0.00062947;0.000728875;0.000720456;0.000724316;0.000730544;0.000704825;0.000700206;0.000671014
505;0.00073424;0.000655562;0.000774339;0.000701413;0.000759944;0.000696078;0.000688136;0.000610396;0.000605524;0.000725612;0.000729203;0.000731289;0.000659019;0.000741899;0.000746116;0.000761271;0.000712901;0.000696659;0.000701964;0.00065352
506;0.000804424;0.000768334;0.000717551;0.000701472;0.000771165;0.000733972;0.000717431;0.000748932;0.000578687;0.000696182;0.000657126;0.000704736;0.00062272;0.000659898;0.000623152;0.000636026;0.000681087;0.000789434;0.000654548;0.000645623
507;0.000604466;0.000619441;0.000631556;0.000701711;0.00064832;0.000772834;0.000590757;0.000717103;0.000672504;0.000633419;0.00059022;0.000632599;0.000605017;0.000562742;0.000617981;0.000450537;0.000591785;0.000523672;0.000605568;0.000647932
508;0.000642434;0.000767007;0.000582516;0.000745907;0.0006973;0.000629947;0.000718176;0.000566632;0.000553548;0.000707239;0.00067836;0.000670522;0.000649154;0.000576898;0.000503868;0.000596851;0.000522003;0.000552461;0.000653774;0.000573441
509;0.000718743;0.000650227;0.000621408;0.000701532;0.000656396;0.00070712;0.000594184;0.000612557;0.000691906;0.000656277;0.000707313;0.000589877;0.000539288;0.000651538;0.00058122;0.000642851;0.000535071;0.000497401;0.000661492;0.000605568
510;0.000700027;0.000664786;0.00060536;0.000644922;0.000774667;0.000657797;0.000688031;0.000641853;0.000754625;0.000577703;0.000665799;0.000636056;0.000585005;0.000605002;0.000639051;0.000618502;0.000606909;0.000612766;0.000600398;0.000575095
511;0.000648841;0.00071837;0.000590548;0.000588581;0.000670895;0.000569865;0.000588268;0.000665352;0.000640258;0.000642136;0.00053075;0.000633776;0.000551179;0.000596836;0.000608474;0.000575826;0.000584945;0.000522211;0.000622377;0.000471532
512;0.000732794;0.000640213;0.000541195;0.000623509;0.000529647;0.000582471;0.000692695;0.00067997;0.000623852;0.000598222;0.000513807;0.000515327;0.000570729;0.000446796;0.000570208;0.000488326;0.000598192;0.000625327;0.000516638;0.000472985
513;0.000633493;0.000531167;0.000605643;0.000545651;0.000532061;0.00047338;0.000512153;0.000774756;0.00055407;0.000505656;0.000573173;0.000536278;0.00049822;0.000620112;0.000586227;0.000508502;0.000650123;0.000578254;0.00055933;0.000501409
514;0.000646114;0.000603527;0.000623927;0.000607297;0.000609666;0.000565171;0.000542313;0.000705287;0.000573099;0.000577703;0.000615418;0.00052771;0.000485897;0.000585943;0.000590935;0.000561938;0.000554159;0.000590906;0.000647783;0.00053075
515;0.000649661;0.000578418;0.000502095;0.000559747;0.000577495;0.000538126;0.00052841;0.000587747;0.000568271;0.000594124;0.000576243;0.000545263;0.000492975;0.000559717;0.000580966;0.000587657;0.000519142;0.000515804;0.000568122;0.000597328
516;0.000595286;0.000510976;0.000555187;0.000509202;0.000592366;0.00056529;0.000518337;0.000494808;0.000514507;0.000547245;0.000506982;0.000515193;0.000423074;0.000529572;0.000609607;0.000515461;0.000541925;0.000514716;0.000470251;0.000522181
517;0.00060305;0.000523135;0.000550479;0.000496298;0.000499144;0.000644892;0.000496507;0.000509739;0.000469148;0.000591636;0.000509843;0.000443511;0.000415601;0.000497669;0.000472941;0.000457302;0.000592813;0.000444971;0.000416324;0.000564918
518;0.000551581;0.000579119;0.000487693;0.000539333;0.000558302;0.000574782;0.000545859;0.000492707;0.000511616;0.000584021;0.000398129;0.000542656;0.000503272;0.000578701;0.000411935;0.000433229;0.000585556;0.000323951;0.000569493;0.000612825
519;0.000605494;0.00050354;0.000463568;0.000571176;0.000638992;0.000476539;0.000649229;0.000529975;0.000590011;0.000555292;0.000460774;0.000505537;0.000500992;0.000445418;0.000483125;0.000479147;0.000514671;0.000501692;0.000440091;0.000524372
520;0.000512794;0.000487022;0.000431836;0.000466056;0.000548124;0.000512481;0.000486888;0.000499859;0.000459351;0.000480354;0.000413045;0.000393346;0.000468031;0.00044132;0.000407465;0.000401497;0.000455171;0.000441283;0.000327103;0.000388831
521;0.000489697;0.000458606;0.000470854;0.000385568;0.00045412;0.000382528;0.00051327;0.00047642;0.000416867;0.000449076;0.000362933;0.000479668;0.000459619;0.000361286;0.000383765;0.000394046;0.000493795;0.000479117;0.000440694;0.000396624
522;0.000606999;0.000400715;0.000460826;0.000415877;0.000459887;0.000543088;0.000419937;0.000546232;0.00049071;0.000399433;0.000448696;0.000394814;0.000449814;0.000356153;0.00046593;0.000492916;0.000492379;0.000453398;0.000499845;0.000400208
523;0.000531584;0.00042329;0.00047832;0.000505894;0.000433117;0.000405423;0.000404246;0.000434943;0.000405587;0.000517294;0.000453077;0.000461556;0.000369929;0.000504002;0.000469834;0.000370979;0.000454195;0.000433743;0.000474475;0.000547722
524;0.000374801;0.000302553;0.000428811;0.000369072;0.000426114;0.000534713;0.000312053;0.000363901;0.0003822;0.000422955;0.000350289;0.000394389;0.000370614;0.000369176;0.000364855;0.000312857;0.000322677;0.000401855;0.000441052;0.000414312
525;0.00034637;0.000361905;0.000386775;0.000334799;0.000369921;0.000407577;0.000398763;0.000405058;0.000378959;0.000403695;0.000431523;0.000350162;0.000331119;0.000355951;0.000374593;0.000374392;0.000273563;0.00037466;0.000349425;0.000331767
526;0.000471361;0.000464194;0.000329763;0.000416301;0.000357635;0.000378072;0.000411637;0.000389732;0.000449814;0.000319362;0.000420071;0.000417635;0.000353985;0.000361376;0.000386953;0.000387363;0.000303268;0.000318386;0.000357427;0.000328645
527;0.000468276;0.000459656;0.000455812;0.000439882;0.000476435;0.000521705;0.000510812;0.000340171;0.000496939;0.000438586;0.00041233;0.000310443;0.00041014;0.000420921;0.000411123;0.000510409;0.000372186;0.00043124;0.000430934;0.000374027
528;0.000276558;0.000415996;0.000412598;0.000440314;0.00034447;0.000394113;0.000324026;0.00036709;0.000308461;0.000359237;0.000320785;0.000291958;0.000385389;0.00022671;0.000326611;0.00030639;0.000344776;0.000291653;0.000254594;0.000370167
529;0.000423327;0.000412576;0.000379018;0.000234228;0.000270478;0.000295244;0.000339299;0.00029584;0.000265479;0.000297524;0.000259228;0.000329234;0.000243202;0.000297643;0.000318833;0.000292562;0.000267074;0.000219338;0.000306062;0.000267848
530;0.000480041;0.000411406;0.000304073;0.000310004;0.000329763;0.000335865;0.00043495;0.000368796;0.0002933;0.000346422;0.000308201;0.000368111;0.0003649;0.000430785;0.000319615;0.000365667;0.000311919;0.000308886;0.000308089;0.000254616
531;0.000477664;0.000469714;0.000415772;0.000359654;0.000494733;0.000403292;0.000467554;0.000498295;0.000354081;0.000379167;0.000425249;0.000388965;0.00040333;0.000374123;0.000395723;0.000273071;0.000386052;0.000386663;0.000292823;0.000351198
532;0.000313364;0.000368737;0.000372276;0.000262976;0.000407062;0.000297964;0.00036101;0.000316463;0.000277594;0.000333294;0.000303984;0.000298142;0.000247918;0.000273481;0.000269257;0.000310518;0.000304498;0.000289492;0.000265978;0.000220016
533;0.00037206;0.000201102;0.000198655;0.000174198;0.000188239;0.000211481;0.0002001;0.000224076;0.000211507;0.000299096;0.000186939;0.000323527;0.000139792;0.000199735;0.000212722;0.00021321;0.000126515;0.000212636;0.000224963;0.0001148
534;0.000277989;0.000329368;0.000201188;0.000236865;0.000255071;0.000242561;0.000261404;0.000293009;0.00029254;0.000271417;0.000188235;0.00029292;0.000317544;0.000215832;0.000299022;0.00028725;0.000207186;0.00027734;0.00029324;0.000284001
535;0.000468537;0.000456952;0.000395931;0.000390396;0.000429258;0.000435248;0.000386849;0.000437282;0.000426911;0.000377506;0.000362396;0.000384167;0.000400379;0.000418961;0.000353016;0.000341378;0.000293784;0.000420682;0.000469565;0.000390381
536;0.000573635;0.000561357;0.000646412;0.000539675;0.000532255;0.000585154;0.000543967;0.000559017;0.000561982;0.000562161;0.000533953;0.000602871;0.000600621;0.00054954;0.000532404;0.000534907;0.000597224;0.000583097;0.000560999;0.000540331
537;0.000751361;0.000659361;0.000709504;0.000675514;0.000695586;0.000770435;0.000734761;0.000646472;0.00068754;0.000704259;0.00068219;0.000740036;0.00069049;0.000664562;0.000688359;0.000683516;0.000702068;0.000632912;0.000702158;0.000648707
538;0.000876173;0.000876591;0.000869319;0.000815153;0.000843808;0.000848621;0.000855878;0.000822842;0.000912085;0.000808701;0.000870526;0.000809982;0.000860602;0.000784725;0.000851616;0.000818953;0.000820532;0.000793576;0.000766605;0.000815049
539;0.001226872;0.001203269;0.001227587;0.001182467;0.001273572;0.001173466;0.001232088;0.001258343;0.001176208;0.00127995;0.001139313;0.001209766;0.001221627;0.001284391;0.001219422;0.001071334;0.001180381;0.001141489;0.001150727;0.001115203
540;0.001960337;0.001990616;0.002010107;0.001986265;0.002023339;0.001915544;0.001953006;0.001979113;0.002004981;0.001889616;0.001931697;0.001924485;0.001889229;0.00193575;0.001927286;0.001910418;0.00202322;0.001963198;0.001853347;0.001838833
541;0.003893971;0.003827035;0.003798664;0.003877521;0.003869116;0.003837168;0.00383234;0.003850996;0.003792882;0.003807485;0.003784239;0.003835499;0.003740132;0.00387454;0.003857493;0.003854275;0.003841639;0.003846765;0.003798604;0.00383532
542;0.010545492;0.010506153;0.010499239;0.010572672;0.010527372;0.010528803;0.010551691;0.01059413;0.010535479;0.010497332;0.010607958;0.01060009;0.010569096;0.010653496;0.010522842;0.010515928;0.010503054;0.010549784;0.010583162;0.010583878
543;0.02673769;0.026775837;0.026783943;0.026771069;0.026753902;0.026796818;0.026766777;0.026838779;0.026795864;0.026734352;0.026826382;0.026853561;0.026793957;0.026740074;0.026743412;0.026756763;0.026765823;0.026838303;0.026884556;0.026807785
544;0.10994339;0.110109329;0.110471725;0.11048317;0.110208511;0.110477448;0.110313416;0.110464096;0.110370636;0.110383987;0.110466003;0.110290527;0.110376358;0.110502243;0.110542297;0.110567093;0.11048317;0.110712051;0.11076355;0.110643387
545;0.46421051;0.465179443;0.466766357;0.46685791;0.465927124;0.466804504;0.466056824;0.466896057;0.466567993;0.466468811;0.466682434;0.466278076;0.46648407;0.467338562;0.467147827;0.46736908;0.46723938;0.468353271;0.468093872;0.467590332
546;0.517410278;0.518753052;0.520309448;0.520187378;0.519378662;0.520309448;0.519577026;0.520507813;0.520187378;0.520111084;0.520477295;0.519821167;0.520217896;0.520980835;0.520858765;0.520980835;0.521011353;0.522094727;0.521759033;0.521209717
547;0.438652039;0.440093994;0.441421509;0.441184998;0.440452576;0.441253662;0.440788269;0.441444397;0.441184998;0.441192627;0.441383362;0.441001892;0.441261292;0.441894531;0.441741943;0.441879272;0.441886902;0.442726135;0.442581177;0.442085266
548;0.279457092;0.280319214;0.281097412;0.281105042;0.280464172;0.28099823;0.280776978;0.281082153;0.281044006;0.281005859;0.281066895;0.280967712;0.281097412;0.281478882;0.281356812;0.281425476;0.281440735;0.281921387;0.281791687;0.281509399
549;0.071418762;0.071577072;0.07191658;0.071741104;0.071628571;0.071804047;0.071838379;0.071912766;0.07182312;0.07175827;0.071910858;0.071857452;0.071886063;0.071910858;0.071954727;0.071939468;0.071893692;0.072000504;0.072027206;0.071947098
550;0.024810791;0.024817467;0.024911404;0.024884701;0.024850368;0.024866581;0.02488327;0.02487278;0.024875164;0.024919987;0.024821281;0.02489996;0.024874687;0.024904251;0.024954319;0.024881363;0.024967194;0.024932384;0.024904728;0.024860382
551;0.012091398;0.012037039;0.01208353;0.01219368;0.012172222;0.012113333;0.012121677;0.012188673;0.012203932;0.012089968;0.012110233;0.012075901;0.012091637;0.012100935;0.012184143;0.012117624;0.012170315;0.012119055;0.01214695;0.012086153
552;0.004983544;0.004915357;0.004956007;0.004987359;0.00497961;0.004914165;0.00497663;0.004998803;0.004907608;0.004891396;0.004935026;0.004858375;0.004942775;0.004901052;0.004974246;0.004924178;0.004935741;0.004935026;0.00498271;0.004941821
553;0.001912475;0.001921028;0.001961052;0.001907796;0.001856387;0.001821756;0.001909226;0.001960635;0.001835585;0.001880646;0.001848191;0.001888931;0.001848072;0.001855224;0.001922071;0.001889944;0.001826108;0.001803875;0.00189361;0.00186035
554;0.001152366;0.001078427;0.00105986;0.001067221;0.001094222;0.001082599;0.001038849;0.00110954;0.001092941;0.001077831;0.001065016;0.001156092;0.001084834;0.001105696;0.001119614;0.001040399;0.001026928;0.001113087;0.001059979;0.00106737
555;0.00087893;0.000863895;0.000736684;0.000788271;0.000820205;0.00084646;0.000811785;0.000766784;0.000853017;0.000807613;0.000769645;0.000800312;0.000778541;0.000798658;0.000783429;0.000833958;0.000757441;0.000790983;0.000795648;0.000753611
556;0.000687197;0.000683606;0.000637382;0.000679806;0.000633925;0.000675306;0.000664786;0.000652447;0.000706106;0.000621587;0.000670269;0.000632152;0.000676423;0.000639677;0.000623882;0.000605851;0.000652105;0.000658378;0.000666186;0.000672325
557;0.00035736;0.000399068;0.000385493;0.000415809;0.000356056;0.000440061;0.00041303;0.000395887;0.000437289;0.000435092;0.000377432;0.000419237;0.000434175;0.000413924;0.0003841;0.000370584;0.000404358;0.000335611;0.000355616;0.000422321
558;0.000140179;0.000170987;0.000138439;0.000179429;0.000126746;0.000125423;0.000149969;0.000186417;0.000172473;0.000129927;0.000156131;0.000136264;0.000188291;0.000166528;0.000176828;0.000143189;0.000122953;0.000146165;8.13194E-05;0.000153847
559;0.000162885;8.09468E-05;0.000121634;0.000127714;0.000139955;4.93443E-05;9.80701E-05;0.00014801;6.43078E-05;6.93686E-05;4.88264E-05;8.94107E-05;0.00011296;9.29106E-05;5.65536E-05;8.76524E-05;0.000102878;7.37999E-05;5.64978E-05;7.76425E-05
560;0.000178635;0.000142567;0.000101821;0.000179712;0.000229124;0.00018457;0.000105254;0.00015052;0.000102591;0.000105649;9.36147E-05;0.000100752;0.000116708;7.72569E-05;0.000201885;0.00020067;7.63685E-05;0.000112547;0.000163931;0.000190906
561;0.000314467;0.000217933;0.000194013;0.000221279;0.00021385;0.000286967;0.000231046;0.00022066;0.000215538;0.000236023;0.000198066;0.000180252;0.000243109;0.000253648;0.000237729;0.000228185;0.000216931;0.000206612;0.00013781;0.000229731
562;0.000156853;0.000162583;0.000142384;0.000146057;0.000166062;0.000164352;0.000163738;0.000188448;0.000183586;0.000176411;0.0001071;0.000156101;0.000116613;0.00016642;0.000111127;0.000152659;0.000101915;0.000162642;0.00021214;0.000138335
563;0.000171464;0.000132572;0.000177294;9.50992E-05;0.000138707;0.000171885;0.000175517;0.000167456;0.000112088;0.000123564;6.49262E-05;0.000141937;8.47485E-05;0.000146203;0.000121603;7.99391E-05;6.9866E-05;0.000101367;0.000184115;3.63709E-05
564;0.000228345;0.000152625;0.000154592;0.000196163;0.000218678;0.000151653;0.000174191;0.00018372;0.00011861;0.000231832;0.00011993;0.000216138;0.000138186;0.000184871;0.000148967;5.24186E-05;0.000151239;0.000169028;0.000190232;0.000162415
565;0.000191942;0.000281297;0.000249684;0.000220831;0.000212673;0.000250176;0.000220872;0.0002307;0.000249662;0.000212479;0.000230279;0.000241607;0.00022139;0.000261381;0.000160452;0.00021993;0.00022158;0.000141054;0.000171166;0.000272311
566;0.000197731;0.00014098;0.000205152;0.000260696;0.000140186;0.000242166;0.000250056;0.000121543;0.000221059;0.000212837;0.000156395;0.000135235;0.000186704;0.000217106;0.000172999;0.00017336;0.000196993;0.000133824;0.000138056;0.000149958
567;0.000223018;0.000182841;0.0002;0.000212044;0.000242386;0.000250489;0.000219095;0.000167966;0.000152864;0.00022459;0.000192985;0.000198592;0.000184894;0.000273041;0.000185803;0.000189882;0.000176687;0.000211254;0.000175618;0.000142045
568;0.00027971;0.000289366;0.000251986;0.000220947;0.000283748;0.000251032;0.000269577;0.000252247;0.000229031;0.000329986;0.000248082;0.00015818;0.000221837;0.000198219;0.000201158;0.000243925;0.000252709;0.000263564;0.000212129;0.000195414
569;0.000346087;0.000412762;0.00040181;0.000326209;0.000340924;0.000357859;0.000340991;0.00035385;0.000309408;0.0003713;0.000329763;0.000314415;0.00028982;0.000231024;0.000376433;0.000379421;0.000313886;0.00031694;0.000268221;0.000255622
570;0.000342473;0.00040254;0.000324674;0.000319146;0.000327788;0.00035245;0.000359498;0.000279069;0.000352465;0.000269569;0.000299476;0.000307202;0.000304237;0.000347771;0.000376724;0.000346065;0.000315942;0.000270814;0.000306152;0.000273198
571;0.000370607;0.000379458;0.000425957;0.000288643;0.00035347;0.000288799;0.000411652;0.000348076;0.000407442;0.000298165;0.000314891;0.000278927;0.000247873;0.00037764;0.000379562;0.000328861;0.000328146;0.000328228;0.000302032;0.000248849
572;0.000505358;0.000472903;0.000456937;0.000459507;0.000532895;0.000460431;0.000365391;0.000470512;0.000453398;0.000424132;0.000366449;0.000439465;0.000388063;0.000437163;0.000473671;0.000429399;0.000406504;0.000427336;0.000502601;0.000409044
573;0.000774369;0.00077498;0.000747189;0.000750721;0.000772774;0.00079228;0.000757962;0.000740007;0.000742167;0.000739142;0.000694171;0.00071913;0.000716493;0.000726163;0.00077115;0.000705048;0.000727355;0.000741258;0.000742048;0.000723496
574;0.003500223;0.003394544;0.00336498;0.003363848;0.003462374;0.003459871;0.003451228;0.003340423;0.003439188;0.003402472;0.003388584;0.003437698;0.003455639;0.003377378;0.003396153;0.003416419;0.003488839;0.003424466;0.003396869;0.003427923
575;0.032319069;0.032434464;0.032445908;0.032489777;0.032554626;0.03255558;0.032516479;0.032511711;0.032588005;0.03262043;0.032576561;0.032519341;0.03256321;0.032654762;0.032640457;0.032617569;0.032776833;0.032660484;0.032676697;0.032614708
576;0.062782288;0.063127518;0.063142776;0.063138962;0.063182831;0.063379288;0.063199997;0.063251495;0.063388824;0.0633564;0.063407898;0.063394547;0.063333511;0.063476563;0.063354492;0.063463211;0.06354332;0.063457489;0.063549042;0.063472748
577;0.092977524;0.093456268;0.093481064;0.093557358;0.093585968;0.093816757;0.093540192;0.093544006;0.093793869;0.093669891;0.09377861;0.093828201;0.09377861;0.093912125;0.093938828;0.093891144;0.093988419;0.093992233;0.094074249;0.093801498
578;0.115455627;0.11620903;0.116130829;0.116136551;0.116203308;0.116527557;0.116159439;0.11624527;0.116498947;0.116409302;0.116546631;0.11652565;0.116498947;0.116687775;0.11665535;0.116611481;0.116701126;0.116703033;0.116706848;0.116584778
579;0.098789215;0.099384308;0.099365234;0.099405289;0.099365234;0.099704742;0.099414825;0.099500656;0.099666595;0.099615097;0.0996418;0.099655151;0.099651337;0.099811554;0.0997715;0.099761963;0.099815369;0.099817276;0.099889755;0.099847794
580;0.071332932;0.071792603;0.071687698;0.071741104;0.07175827;0.071971893;0.071695328;0.071844101;0.071937561;0.071893692;0.07201767;0.072000504;0.071876526;0.07204628;0.072038651;0.071983337;0.072031021;0.072134018;0.072193146;0.072052002
581;0.036641121;0.036894798;0.036753654;0.036820412;0.036772728;0.036812782;0.036801338;0.036838531;0.036867142;0.036832809;0.036923409;0.03693676;0.03676796;0.036895752;0.036902428;0.036829948;0.036894798;0.036976814;0.03692627;0.036941528
582;0.015304327;0.015423536;0.015383005;0.01554203;0.015365362;0.015443802;0.015389681;0.015368223;0.0154953;0.015441895;0.015518665;0.015533686;0.015352249;0.015432119;0.015459538;0.015405416;0.015510798;0.015517473;0.015538692;0.015363216
583;0.004540563;0.00451827;0.004573345;0.004513383;0.004564047;0.004479885;0.004515052;0.004525065;0.004547596;0.004550099;0.004510164;0.004493356;0.004487872;0.004539132;0.004541755;0.004499197;0.004541874;0.004494905;0.004557967;0.004457116
584;0.001716375;0.001716554;0.001838177;0.001783669;0.001810879;0.001785904;0.001715153;0.001775354;0.001792729;0.001710176;0.001721352;0.001716018;0.001743406;0.001726806;0.001714677;0.001750171;0.001607776;0.001714289;0.001750171;0.001780599
585;0.0010418;0.000996083;0.00101918;0.00096643;0.001004666;0.000992894;0.001036882;0.001087457;0.00098744;0.000969693;0.000951573;0.000924543;0.000969946;0.000997156;0.000960454;0.000989646;0.000920251;0.000966787;0.001006544;0.000985473
586;0.000695601;0.000623286;0.000724778;0.000625923;0.000598088;0.000726953;0.000739947;0.000775665;0.000626281;0.000644431;0.000652581;0.000578925;0.000632495;0.000611588;0.000622779;0.000735566;0.000663579;0.000672355;0.000674278;0.000665605
587;0.000467904;0.000479162;0.000424042;0.000435241;0.000523552;0.000533968;0.000545055;0.00048998;0.000511512;0.00044737;0.000436045;0.000490308;0.000459209;0.000436306;0.000524461;0.000458941;0.000480354;0.000546202;0.000426345;0.000393964
588;0.000337064;0.000436455;0.000342913;0.000362262;0.00037019;0.000367455;0.000403993;0.000334278;0.000474796;0.000339359;0.000362806;0.000324152;0.000367753;0.000318088;0.000403114;0.000341013;0.000382952;0.000343256;0.000311844;0.000327885
589;0.000283182;0.000318654;0.00024372;0.000258699;0.000221591;0.000329763;0.000303909;0.00034301;0.000280559;0.000352047;0.000333421;0.00025107;0.000307746;0.00033918;0.000275485;0.000336312;0.000298679;0.000338636;0.000378989;0.000246562
590;0.000272475;0.000305861;0.000242777;0.000306405;0.000179965;0.000283994;0.000316478;0.000300206;0.000212818;0.0002506;0.000373773;0.000306703;0.000221573;0.000292368;0.000280105;0.000253245;0.000234421;0.000245087;0.000290811;0.000208784
591;0.000261694;0.000264831;0.000171788;0.000305362;0.000139672;0.000218946;0.000230212;0.000293091;0.000237491;0.000280954;0.000258483;0.000267759;0.00017431;0.000299677;0.000239894;0.000203893;0.000186548;0.000171077;0.000218164;0.000193086
592;0.000219252;0.000175085;0.000180896;0.00024759;0.000139263;0.000154044;0.000173129;0.000268005;0.000186611;0.000237122;0.000258446;0.000308648;0.000217669;0.000246093;0.000198502;0.000226956;0.000145923;8.40034E-05;0.000125617;0.000225496
593;0.00016284;0.000236452;0.000216618;0.000174753;0.000161521;0.000139285;0.000118632;0.00024059;0.000215162;0.000217639;0.000143845;0.000178091;0.000186142;0.000261508;0.000152055;0.000228826;0.000117883;0.000201561;0.000181094;0.000142902
594;0.000213664;0.000229422;0.000194509;0.000281647;0.000157379;0.000260673;0.000233158;0.00024835;0.00027702;0.000189219;0.000144772;0.000185572;0.0002001;0.000254504;0.000219129;0.000190903;0.000228968;0.000203528;0.000198305;0.000256121
595;0.00018708;0.000248343;0.000179209;0.000314608;0.000165597;0.000182945;0.000267416;0.000215661;0.000213131;0.000195052;0.000184469;0.000267006;0.000263318;0.000225969;0.000231761;0.00021752;0.000213761;0.000245936;0.000169605;0.000199191
596;0.00018758;0.00020678;0.000206262;0.000290424;0.000203583;0.00021797;0.000207558;0.000130221;0.000227865;0.000227738;0.000163559;0.000233434;0.000249535;0.000178684;0.000266448;0.000194881;0.000246525;0.000188921;0.000153448;0.000223991
597;0.000154134;0.000195947;0.00017545;0.00018502;0.000188358;0.000200532;0.000292271;0.000243913;0.000242881;0.000241954;0.000202559;0.000187963;0.000187796;0.000134476;0.000192173;0.000156283;0.000256032;0.000216648;0.000146065;0.000185698
598;0.000180323;0.000195246;0.000185154;0.000185218;0.000265636;0.000277966;0.000285745;0.000202768;0.000219252;0.000217006;0.000215139;0.000273578;0.000164501;0.000139263;0.000230432;0.000150926;0.00016553;0.000214055;0.000200577;0.000194486
599;0.000137728;0.000159226;0.000250436;0.000230242;0.000184692;0.000265107;0.000247978;0.000175077;0.000180427;0.000252731;0.000121068;0.000226043;0.000165425;0.0002045;0.000187021;9.08244E-05;0.000171132;0.000161003;0.000184171;0.000130631
600;0.000133235;0.000270076;0.000268437;0.00026235;0.000188705;0.000190619;0.000121545;0.000287667;0.000184353;0.000257626;0.000255793;0.000217829;0.000160836;0.000252813;8.45324E-05;0.000175506;0.000194229;0.000216756;0.00015701;0.000179216
601;0.000256918;0.000252008;0.000248715;0.000145677;0.000204697;0.000263505;0.000230737;0.000171252;0.000153065;0.000232197;0.000217192;0.000158001;0.000133298;0.000143681;0.000156906;0.000216287;8.33198E-05;0.000131678;0.000254944;0.000251152
602;0.000280835;0.000144765;0.000165801;0.00020634;0.000181127;0.000207942;0.000170439;0.000142548;0.000167135;0.000130069;0.000203531;0.000223208;0.000203375;0.000175294;0.000156127;0.000250265;6.29742E-05;0.00024385;0.00021749;0.000196088
603;0.000252359;0.000191309;0.000214066;0.000204496;0.000234667;0.000247866;0.000239298;0.000199053;0.000161082;0.000159126;0.000223059;0.000177305;0.000137944;0.000200234;0.000220422;0.000164274;0.000118293;0.000173405;0.000156723;0.000215571
604;0.000253916;0.000164658;0.000253782;0.000225127;0.000230357;0.00019744;0.000210039;0.000160664;0.000196103;0.000156913;0.00019335;0.000127822;0.000132754;0.000200845;0.000160836;0.000128947;0.0002249;0.000221778;0.000188604;0.000214867
605;0.000153359;0.000161219;0.000169199;0.000176549;0.000235274;0.000228766;0.000151627;0.000136372;0.000250727;9.78746E-05;0.000221558;0.000153311;0.000205114;0.00013819;0.000158574;0.000100031;0.000248834;0.000231508;0.000150889;0.000128172
606;0.000153396;0.000156295;0.00021169;0.000224259;0.000174344;0.000185695;0.000144277;8.58419E-05;0.000254102;0.000240963;0.000139583;0.000224397;0.000184562;0.000129234;0.000145186;0.000151165;0.000174392;0.000127457;0.000107478;0.000164088
607;0.000145633;0.000242203;0.000124767;0.000207659;0.000217155;0.000341542;0.000149008;0.000161193;0.000146348;0.000169687;0.000165641;0.000229657;0.000121593;0.000284322;0.000120791;0.000260942;0.000162005;0.000158101;0.000197265;0.00015131
608;0.000156898;0.000218321;0.0001623;0.000227556;0.000175793;0.000141319;0.000209641;0.000193458;0.000159737;0.000182543;0.0001259;0.000208128;0.000123262;0.000142809;0.000108371;0.000136398;0.00021404;0.000154138;0.000218041;0.000215676
609;0.000182524;0.00017453;8.07121E-05;0.000193734;0.000126477;0.000155974;0.000191022;0.000156257;0.000121213;0.000222068;0.000135757;0.000233568;8.45678E-05;0.000172857;7.00038E-05;0.0001661;0.000170644;0.000120316;0.00017038;0.000133116
610;0.00022269;0.000173979;0.000126809;0.000156209;0.000148706;0.000110772;0.000193834;0.00022104;0.000181582;0.000214249;0.000118755;0.000217304;0.000158645;0.000192888;0.000167221;0.000182088;0.000119464;0.000171501;0.000253879;0.000205096
611;0.00023948;0.000218727;0.000191964;0.000149801;0.000133757;0.000200085;0.000201382;0.000183865;0.000290036;0.000138067;0.000192218;0.000116022;0.000159543;0.000180028;0.00021394;0.000244364;0.000183851;0.000197694;0.000257403;0.000172816
612;0.000105424;0.000211243;0.000269897;0.000186358;0.000216287;0.00019927;0.00022136;0.00021841;0.000239484;0.000185523;0.000183646;0.000131734;0.000247888;0.000195436;0.000240326;0.000175975;0.000210278;0.000259504;0.000250414;0.000265576
613;0.000109009;0.000137601;0.000399843;0.000182047;0.000131208;0.000169415;0.000220407;0.000197239;0.000183553;0.000172701;0.000237904;0.000222836;0.000203721;0.000241023;0.000210531;0.000363529;0.000287496;0.000226956;0.000212319;0.00023004
614;0.000216648;0.000203986;0.0001764;0.000293329;0.0001265;0.000151314;0.00021686;0.000137515;0.000228759;0.000229169;0.000229586;0.000176482;0.000113184;0.000189543;0.000162069;0.000163767;0.000242468;0.000244655;0.000217032;0.000218648
615;0.000191011;0.000217382;0.000162784;0.000180088;0.000228275;0.000195842;0.00023187;0.000140052;0.000205427;0.000199731;0.000217393;0.000114843;0.000183452;0.000129446;5.84321E-05;0.00012932;0.000169709;0.000264719;0.000220757;0.000287518
616;0.000107929;0.000142526;0.000206079;0.000245713;0.000177208;0.000234112;0.000235666;0.000197951;0.000150308;0.000263683;0.00015052;0.000145417;0.000165462;0.000202358;0.000175677;0.000210989;0.000230644;0.000136014;0.000203416;0.000156648
617;0.000128835;0.000199936;0.00016633;0.000164475;0.000148747;0.000212226;0.000233736;0.000218086;0.000196204;0.000182409;0.000142675;0.000180013;0.000132214;0.000141561;0.000162769;0.000204865;0.000153642;8.67844E-05;0.00013312;0.000172175
618;0.000176858;0.000208545;0.000193838;0.000101184;0.000180848;0.000126243;0.000168346;0.00026466;0.000190772;0.000230908;0.0001636;0.000192326;0.000178881;0.000193067;0.000148974;0.000121932;0.000126533;9.07313E-05;8.9841E-05;0.00016753
619;0.00021581;0.000201982;0.000171546;0.000152927;0.000127252;0.000100343;0.000161577;0.000128787;0.000201106;0.000241831;0.000157867;0.000120521;0.000113688;0.000274338;9.1752E-05;0.000108466;0.00019541;0.000134688;0.000150152;0.000189222
620;0.00019538;0.000192612;0.000223301;0.000151437;0.000127777;0.000146311;0.000140827;0.000133045;0.000192408;0.000165496;0.000154786;0.000187986;0.00023552;0.000271931;0.000166513;0.000155222;0.000184964;2.85599E-05;0.000242218;0.000147022
621;0.000248246;0.000159521;0.000289589;0.000143249;0.000143431;0.000169408;0.000230726;0.000206798;0.000171747;0.000308253;0.00016984;0.000249729;0.000217337;0.000191461;0.000159923;0.000233803;0.000133388;0.000132699;0.000152845;0.000193853
622;0.000136081;0.000172708;9.31565E-05;0.000101471;0.000241283;0.000118501;0.000186075;0.000174519;0.000111669;0.000218991;0.000176065;0.000189621;0.000108415;0.000187159;0.000118911;0.000127029;0.00025475;0.000154085;0.000200637;0.000162885
623;0.000224438;0.000150602;0.000152089;0.000264674;0.000214037;0.00012758;0.000169575;0.000180665;0.000259697;0.000278063;0.00020843;0.000195473;0.000172712;0.000156168;0.000141319;0.000261977;0.00022275;0.000281788;0.00018901;0.000206508
624;0.000299342;0.000113958;0.000229962;0.000151169;0.000258416;0.000197448;0.000160314;0.00014646;0.000247337;0.000239633;0.000211742;9.56468E-05;0.000193346;0.00010494;0.000235286;0.000202574;0.000221327;0.000197817;0.000197299;0.000193641
625;0.000255853;0.000129208;0.000206996;0.000186458;0.000229381;0.000235792;0.000145584;0.00015638;0.000146143;0.000267118;0.000276431;0.000145528;0.000190068;0.000190236;0.000201866;0.000198118;0.00018483;0.00015299;0.000213522;0.000144031
626;0.000148799;0.000110211;0.000190716;0.000113308;0.000189509;0.000155561;0.00016737;0.000210144;0.00019417;0.000227191;0.000143606;0.000197325;0.000165705;0.000159375;0.000138693;0.000184298;0.000238542;9.95025E-05;0.000264101;0.000149637
627;0.000165071;0.000121506;0.000181284;0.000155132;0.000187289;0.00015901;0.000207584;0.000194937;0.000157222;0.000192083;9.82247E-05;0.000184666;0.000165202;4.3991E-05;0.000140026;0.000120245;0.000107847;0.00013892;0.000138242;0.000197869
628;0.000194117;0.000145219;0.000209607;0.000125032;9.24096E-05;9.95826E-05;0.000302806;0.000198651;0.000158593;0.000238352;6.51143E-05;3.03616E-05;0.000191405;0.000107441;0.000105022;0.000150308;0.000101358;0.000117529;7.28276E-05;0.00014298
629;0.000211529;0.000131533;0.000140175;0.000175908;0.000121513;0.000185113;0.00013971;0.000213459;0.000133023;0.000106439;0.000131976;0.000138026;0.0001375;0.000167556;0.000174891;0.00014627;0.000141006;0.000100015;0.000171248;0.000229277
630;0.000227448;0.000184033;0.000169408;0.000155773;0.000112658;0.000111824;7.00802E-05;0.000140984;0.000197839;0.000126958;0.000127356;0.000127457;0.000170466;0.000127092;0.000141878;6.99554E-05;8.48621E-05;0.000113862;0.000241734;0.000141636
631;0.000169702;0.000139903;0.000147067;0.000252485;1.58651E-05;4.78653E-05;0.00016962;8.37985E-05;0.000174209;0.000119453;0.000234578;0.000216238;0.000129372;0.000127532;0.000209525;4.13833E-05;0.000213716;0.000209525;0.000146456;9.13739E-05
632;8.41916E-05;0.000180326;7.29244E-05;0.000255883;0.000109186;7.19558E-05;9.69786E-05;8.38712E-05;0.000182018;0.000156477;0.000255033;7.81473E-05;7.26059E-05;0.000110459;0.000168491;0.000162058;0.000202239;0.000107551;0.000158448;0.000189483
633;0.000125121;0.000133425;7.69757E-05;0.000135724;0.000170968;0.000233494;0.000125863;0.000161849;0.000139747;0.00016737;0.000243898;0.000115318;0.000142407;0.000153627;0.000132449;0.000224359;0.000188459;0.000181653;0.000199612;0.000138715
634;0.000157245;0.00014925;0.000126339;0.000157975;0.000166662;0.000238921;0.000137888;0.000165984;9.71779E-05;0.000141699;0.000212166;0.000128977;0.000197258;0.000189733;6.61314E-05;0.000203948;0.000234384;0.000207368;0.000250921;0.000207596
635;0.000186801;0.000152983;0.000209067;0.000143912;0.000119256;0.000127394;0.000220358;0.000147063;0.000141609;0.000167232;0.000201534;8.61827E-05;0.00022288;0.000162873;0.00011204;0.000146192;0.000180595;0.000207398;0.000184663;0.000142783
636;0.000121081;0.00018898;0.000235744;0.000103042;0.000182305;9.69358E-05;0.000232663;0.000125013;0.000135727;0.000196118;0.000158019;8.57525E-05;0.000181418;9.14484E-05;0.000132833;0.000119075;0.000182316;0.000147559;0.000110747;5.60433E-05
637;0.00016316;0.000136685;0.000179097;0.000111321;0.000189237;9.96757E-05;0.000218425;0.000100031;0.000217728;0.000201624;0.000129573;9.84427E-05;0.000198573;6.87987E-05;0.000154309;0.000141133;0.000149895;0.000127986;0.000137169;0.000119163
638;0.000129983;0.000100246;0.00015885;0.000143565;0.000173174;0.000172257;0.000144444;7.03856E-05;0.000129033;0.000189122;0.000129189;0.000100138;0.000130493;0.000158787;4.04632E-05;0.000233233;0.000217933;1.18229E-05;0.00015942;0.000115547
639;0.000247315;0.000193633;0.000222743;0.000113461;0.000100525;6.40508E-05;0.000161503;0.000148952;0.00012558;0.000216786;0.00015682;0.000179704;0.000201177;0.000165284;7.36658E-05;0.000166822;0.000121731;0.000117375;0.000227422;0.000146307
640;0.000206232;0.00021062;0.000254005;0.000108944;0.000142552;0.00014307;5.724E-05;0.000193287;0.000208098;0.000237595;0.000173125;0.000229623;0.000142794;0.000138953;0.00018001;0.000101151;0.000174347;0.000112491;0.00019066;0.000117438
641;0.000202872;0.000177272;0.000172175;0.000231434;0.000193648;0.000163138;0.000168871;0.000149708;0.000120647;0.000166737;0.000200596;7.98889E-05;0.000179291;0.000112362;7.6171E-05;0.000157554;0.000163849;5.76722E-05;0.000126865;0.000128172
642;0.000165809;0.00015308;5.26132E-05;0.000319853;0.000167727;0.000156708;0.000227064;0.000145771;0.000129178;0.000120427;0.000162903;0.000220131;0.000167321;6.65728E-05;0.000148844;0.000151653;0.000285603;0.000111714;0.000204995;0.000175372
643;0.000132788;0.000120394;4.98127E-05;0.000209372;0.000151295;0.000210807;0.000105996;0.000177894;0.000108356;0.00023539;0.000171423;0.000248067;0.000178404;0.000119969;0.00013065;0.000118278;0.000300713;4.83245E-05;0.000160858;0.000130914
644;0.000111677;0.000291169;0.000202458;0.000336848;0.000170574;0.000149526;0.000245608;0.000158772;0.000136137;0.000208199;0.00021423;0.000192162;0.000104368;5.8311E-05;0.000138104;0.000193786;0.00026644;0.000145037;0.000141304;0.000277162
645;0.000185415;0.000140786;1.74432E-05;7.91904E-05;4.8263E-05;0.000124462;6.39614E-05;0.000108983;9.32086E-05;9.39574E-05;0.000232108;0.000186294;0.000125092;0.000109063;0.000124395;0.000140574;0.000141021;9.45367E-05;0.000124857;0.000156574
646;0.000201184;0.000143535;6.44084E-05;0.000170529;0.000162203;0.000138976;6.99442E-05;0.000252493;0.0001867;8.68458E-05;0.000125237;9.73344E-05;0.000208888;7.73594E-05;0.000162613;0.000146765;9.42461E-05;0.000125661;8.4063E-05;1.42881E-05
647;0.000170235;0.000175998;0.000137322;0.000173714;0.000107888;0.000156339;0.000189774;0.000135761;0.000201982;0.000224918;0.000132229;0.000163592;0.000134561;0.000230137;0.000108195;0.000218444;0.000118649;0.00015397;0.000168849;0.000154033
648;6.07064E-05;0.000110013;0.000243526;0.000132903;9.84501E-05;0.000122149;0.000186902;8.81925E-05;0.00014881;0.000228629;4.18127E-05;0.000172142;8.74121E-05;0.000153285;0.000159342;0.000159372;0.000138022;0.000107149;0.000147104;0.000143602
649;0.000146296;0.000137206;0.00012517;0.000147976;0.000103686;0.000131499;0.000102567;8.74549E-05;0.000154942;0.000107484;8.15131E-05;0.000121523;0.000134204;0.000193987;0.000155538;0.000101805;0.000140645;9.81297E-05;0.000150952;0.000149012
650;9.59579E-05;0.00013892;0.000101227;0.000194687;4.97466E-05;0.000120696;7.9887E-05;0.000110008;0.000146724;0.000134449;0.000139043;0.000134967;0.000137225;6.27488E-05;7.71992E-05;0.000133656;0.000260584;0.000179198;0.000116594;0.000136554
651;9.12882E-05;0.000142261;0.000125948;0.000206918;2.45338E-05;0.000164352;0.000132449;0.000168737;0.000184774;4.26397E-05;0.00012812;0.000170883;0.000124611;0.00019547;0.000187814;0.000116209;0.000264592;0.00014906;0.000164684;0.000155546
652;0.00025332;0.000155702;8.97534E-05;0.000123065;5.78137E-05;0.000155311;0.000122637;0.000139512;0.000122838;7.35167E-05;0.000139106;0.000122976;0.000106819;0.000139713;0.000205398;0.000106882;0.000205234;7.43046E-05;0.000139605;0.000156146
653;0.00018321;4.86821E-05;0.000129271;0.000199717;5.12926E-05;0.000128511;0.00015834;0.000113169;8.70544E-05;0.000107991;9.79155E-05;0.00012251;0.00017117;0.000146799;7.44686E-05;0.000179935;0.000189029;0.000164509;9.35905E-05;0.000164237
654;8.14572E-05;0.000105131;0.000139534;0.000102559;8.98894E-05;5.44917E-05;3.96976E-05;0.000165772;0.000177;8.36458E-05;0.000234902;7.35428E-05;0.000149615;0.000149716;0.000176903;0.000161808;0.000125937;5.11725E-05;6.86571E-05;8.30293E-05
655;0.000118658;0.000197653;0.000173625;0.000107462;8.07252E-05;0.000232469;0.00020301;0.000281744;0.00020358;0.000108546;0.000190627;4.787E-05;0.000243843;0.000130717;0.000143312;7.95908E-05;5.30314E-05;0.000145972;5.95963E-05;0.000226106
656;0.000274234;0.000203814;0.000318438;0.000264324;0.000151206;0.000114676;0.000273585;0.000276476;0.000259876;0.000183091;0.000297591;0.000130061;0.0002013;0.00028003;0.000142209;0.000218;0.000101468;0.000343956;0.00019091;0.000269659
657;0.000177056;0.000230394;0.000194691;0.000254564;0.000134066;0.000123255;0.000264741;0.000261128;0.000244923;8.45734E-05;0.000257626;0.000177432;0.000104591;0.000208728;0.000194028;0.000171348;0.000163916;0.000289045;0.000161447;0.000195071
658;0.00022294;0.00014776;0.000197832;0.000185471;0.000172939;0.000223421;0.000253007;0.000295073;0.000147507;0.000143308;0.000160478;0.000185523;8.86265E-05;0.000173029;0.000274315;0.000101475;0.000156511;0.000143986;0.000211198;0.000181776
659;0.000252865;0.000286445;0.000251487;0.000215985;0.000187155;0.000314936;0.00016275;0.00018296;0.000243437;0.000356629;0.000242095;0.000202399;0.000287041;0.000295043;0.000166174;8.51657E-05;0.000352196;0.000241097;0.000269428;0.00026463
660;0.000109982;0.0002083;0.000241585;0.000310086;0.000268027;0.000107961;0.000290968;0.000235822;0.000175495;0.000235379;0.000337854;0.000258982;0.000291437;0.000268169;0.000139337;0.000299603;0.000342399;0.000191052;0.000226051;0.000283442
661;0.00028079;0.000253275;0.000267506;0.000339307;0.000135191;0.000249282;0.000273436;0.000188701;0.00026153;0.000152074;0.000244148;0.000290647;0.000276677;0.000124048;0.00019262;0.000140071;0.000308655;0.000258818;0.000276886;0.00014019
662;0.000288032;0.000176392;0.000138596;0.000230014;0.000112068;0.000353321;0.000159312;0.000317059;0.000190608;0.000221033;0.000213068;0.000171937;0.00017222;5.68191E-05;0.00022253;0.000344329;0.000203922;0.000352576;0.000186522;0.000283174
663;0.000199415;0.000245318;0.000166681;0.000149231;8.05762E-05;0.000279412;0.000196982;0.000192061;0.000225842;0.000243809;0.000155281;0.000142619;0.000231326;0.000165176;0.000194211;0.000269167;0.00021299;0.000333659;0.000202287;0.000157584
664;0.000203155;0.000202294;0.000237841;0.000136189;0.000188548;0.000262991;0.000289053;0.000247784;0.000280887;0.000262693;0.000200011;0.000193894;0.000359319;0.0002985;8.79597E-05;8.8023E-05;0.000210181;0.000291042;0.000273921;0.00014035
665;0.00020162;9.8316E-05;0.000299074;0.000219561;0.000335053;0.000122346;0.00027667;0.000300609;0.00028269;0.000184577;0.000255384;0.000178061;0.000250421;0.000169311;5.43278E-05;0.000122812;0.000234358;0.000244386;0.000210058;0.000238299
666;0.00017754;0.000241522;0.000292428;0.000209279;0.000246122;0.000177011;0.000325888;0.000384822;0.0002295;0.000160314;0.000306562;0.000173856;0.000172574;3.81144E-05;0.000118136;0.00021141;0.000308841;0.000172768;0.000160504;0.000317037
667;0.000178862;0.000222359;0.000286445;0.000297099;0.000297554;0.000313796;0.000159618;0.000313513;0.000132713;0.000375606;0.000206046;0.000261478;0.000145108;0.00019912;0.000143554;0.000233445;0.000191506;0.000112277;0.00019468;0.000274017
668;0.000154547;0.000363119;0.00024844;0.000204924;0.000339232;0.000194609;0.000238571;9.67812E-05;0.000148177;0.000287801;0.000104673;0.000283532;0.000281371;8.40928E-05;0.00011366;0.000273556;0.000266127;0.0001642;0.000205573;0.000218473
669;0.000290073;0.000171281;0.000199612;0.000290461;0.000271276;0.00019243;0.000271089;0.000216961;0.000191819;0.000241421;0.000294663;0.000214092;0.000197697;0.000260048;0.00020938;0.000127833;0.000223935;0.000205785;0.000259928;0.000252552
670;0.000285886;0.000225827;0.000176284;0.000348009;0.000232279;0.000334956;0.000182681;0.000322789;0.000115084;0.000109637;0.000317194;0.000262998;0.000275075;0.000298493;0.000317499;0.000323676;0.00026837;0.000225324;0.000190046;0.00032419
671;0.000275604;0.000259385;0.000162084;0.000376552;0.000228003;0.000242818;0.000180695;0.00024277;0.000143468;0.000148945;0.000256352;0.000286505;0.000330254;0.000211153;0.000315093;0.000321954;0.00024315;0.000159275;0.000251755;0.000275463
672;0.00025668;0.000325464;0.00019332;0.000309728;0.000180218;0.000256866;0.000180464;0.000246264;0.00028605;0.00030487;0.000188127;0.00013534;0.000310853;0.000233497;0.000254959;0.000281751;0.000379659;0.000188984;0.000244334;8.02632E-05
673;0.000306301;0.000328265;0.000225011;0.000297718;0.000218526;0.000247791;0.000213522;0.000165056;0.000292823;0.000329845;0.000282422;0.000188943;0.000242297;0.000217598;0.000160415;0.000217728;0.000302516;0.000265457;0.000223741;0.000141211
674;0.000188336;0.000271156;0.000274554;0.000192188;0.000256233;0.000346221;0.000199761;0.000173084;0.000361092;0.000185151;0.000350267;0.00031615;0.000226375;0.000297688;0.000101896;0.000237659;0.000290625;0.000366256;0.000132348;0.00016252
675;0.000256278;0.00021302;0.000109421;0.000135645;0.000230789;0.000309467;0.000189748;0.000224721;0.000256687;0.000274658;0.000325546;0.000183973;0.000175461;0.000305429;0.000287764;0.000212044;9.37432E-05;0.000257649;0.000184305;0.000222411
676;0.00030113;0.000204876;0.000208583;0.000108287;0.000276439;0.000301778;0.000189736;0.000189703;0.000301473;0.000178363;0.000263602;0.000123613;0.00029067;0.000263892;0.000251174;0.000105996;0.000140484;1.28995E-05;0.00010992;0.000109954
677;0.000241172;0.000151578;0.000187967;0.000254534;0.000109356;0.000250161;0.000207089;0.000190105;0.000199113;5.51483E-05;0.000211705;0.000258625;9.40748E-05;0.000224657;0.000246547;0.000225142;0.000218734;0.000188712;0.000312872;0.000261977
678;0.000233658;0.000282541;0.000153583;0.000191078;6.10305E-05;0.000252157;0.000308953;0.000224397;3.32268E-05;0.000252448;0.000199527;0.000297867;0.000141539;0.000230245;0.000173427;0.000191581;0.000237528;0.000223704;0.000323579;0.000131991
679;0.000244655;0.000334524;0.000107646;0.000273943;0.000221983;0.000244543;0.000235729;0.000128563;0.000143535;0.000225902;0.000213671;0.000189733;0.000155285;0.00017542;0.000265643;0.000284128;0.000267267;0.000237647;0.000199664;0.000110609
680;0.000110114;0.000161458;7.47498E-05;0.000208579;0.000208948;0.000177257;0.000220507;0.000137758;0.000295006;0.000244401;0.000208776;9.44789E-05;0.000232682;0.000232592;0.00012229;0.000252508;0.000260472;0.000110604;0.000149935;0.000138097
681;3.95896E-05;0.000126813;0.000183884;0.000275224;0.000166666;0.000277303;0.00023805;0.000150826;0.000226256;0.000194885;9.54829E-05;0.000174396;0.000105768;7.80039E-05;0.000115016;0.00019687;0.000221021;7.95666E-05;0.000198845;7.99801E-05
682;8.0571E-06;0.000219643;0.000207763;0.000128321;0.000243954;0.000180334;0.000208024;0.000203758;0.000195712;0.000224043;0.000155747;0.000168025;0.000167917;9.5861E-05;0.000251934;6.8374E-05;0.000100408;0.000224199;0.000152431;8.40463E-05
683;0.000203814;0.000130579;0.000312738;2.4958E-05;0.000132333;0.000252612;0.000275984;5.47562E-05;0.000368461;0.000223741;0.000218704;8.70898E-05;0.000276431;0.000176944;0.000245526;7.76201E-05;0.000304244;0.000244319;0.000253201;0.000231449
684;0.000281468;0.000454269;0.000254773;0.000203218;0.000189826;1.72867E-05;0.00016271;0.000245348;0.000142224;0.000153575;0.000314817;0;0.000290915;1.06508E-05;8.50428E-05;0.000152346;0.000245981;0.000209272;4.47715E-05;0.000236705
685;0.000233475;0.000221293;0.000127174;0.00019275;0.000275232;0.000229679;0.000197366;0.000229642;0.000143584;3.29847E-05;0.000193249;4.13768E-05;0.000131998;0.000143744;0.000394374;4.55994E-05;0.000271708;0.000234298;0.000148527;0.000140116
686;0.000213098;2.7779E-05;0.000185531;0.000192408;0.000248328;0.000137266;0.000249565;0.000110023;0.000110775;0.000137426;0.000262924;0.000145759;0.000324965;0.000123519;0.0002487;0.000221327;0.000229131;3.44105E-05;0.000236508;0.000159804
687;0.000203948;0.000115013;0.000242442;0.000359215;0.000369363;0.000260212;0.000150666;0.000205405;0.000156682;0.000327706;0.000195876;0.00016471;0.000323385;0.000202924;0.000222098;0.000209231;0.000162352;8.2057E-05;7.07041E-05;3.39793E-05
688;0.000314765;0.000428945;0.000424348;0.000517309;0.000412986;0.000437587;0.000244178;0.00032822;0.000332214;0.000434145;0.000345096;0.000311591;0.000463665;0.000336908;0.000353768;0.000311956;0.000333242;0.000282556;0.000307731;0.000303417
689;0.000692114;0.000660166;0.000510827;0.00060381;0.000614837;0.000722393;0.000579879;0.000660747;0.000793606;0.000539437;0.00061053;0.000575885;0.000490993;0.000638217;0.000731111;0.000708565;0.000559598;0.000575304;0.000834867;0.000635162
690;0.000899255;0.000923753;0.000962496;0.000819743;0.000979215;0.000973642;0.00085175;0.000952065;0.001071423;0.000977963;0.000902906;0.000938982;0.000907481;0.001016021;0.000872493;0.000891268;0.000967681;0.000807807;0.001023889;0.000959665
691;0.00103122;0.001200169;0.001058489;0.000947088;0.001038939;0.00103727;0.001176298;0.001098126;0.001060665;0.000791937;0.000827715;0.001118928;0.001017243;0.001124144;0.00103265;0.001055062;0.000916347;0.001011699;0.00106135;0.001039982
692;0.000676394;0.000908345;0.000891253;0.000834256;0.000719607;0.000702664;0.000934646;0.000810295;0.000746906;0.001146108;0.000813216;0.000754327;0.000807688;0.000800624;0.00080727;0.000831053;0.000912324;0.000959039;0.000899836;0.00078094
693;0.000661522;0.000478052;0.000539884;0.000575364;0.000382677;0.000463948;0.000554875;0.000486515;0.000525683;0.000616789;0.000580847;0.000594005;0.000444315;0.00035309;0.000478804;0.000504002;0.000482216;0.000551447;0.000587717;0.000673503
694;0.000592023;0.000609025;0.000666291;0.000475854;0.00048279;0.000585139;0.00062494;0.000368789;0.000595883;0.000545546;0.000669524;0.000529274;0.000456244;0.000436135;0.000563502;0.000463814;0.000514925;0.000439577;0.000492603;0.000578091
695;0.000906587;0.000886366;0.00086911;0.000623196;0.000813738;0.00072293;0.000819013;0.000745624;0.000703216;0.000785023;0.000922173;0.000784069;0.000794724;0.000688136;0.00072059;0.000686526;0.000776306;0.00066115;0.000714913;0.000628486
696;0.001182199;0.001139343;0.001132429;0.001001298;0.001079798;0.00108847;0.001095653;0.001150787;0.000916556;0.001075834;0.001124531;0.001087278;0.001135677;0.00098893;0.001074135;0.001157492;0.00104171;0.001003742;0.001068264;0.001033068
697;0.001299292;0.001206636;0.001208961;0.001042217;0.000941336;0.001132846;0.001062214;0.001123756;0.00102666;0.001162738;0.001097918;0.001088828;0.001148701;0.001042455;0.001120031;0.001159728;0.001086384;0.000938073;0.001096606;0.000987202
698;0.000796854;0.001017749;0.001046628;0.001017958;0.000804469;0.000822321;0.000710696;0.000912994;0.000726581;0.000839904;0.00082241;0.001046062;0.000918791;0.000654489;0.000804201;0.000717923;0.000843346;0.000657856;0.000911132;0.000714943
699;0.000481546;0.000412002;0.000611901;0.000436693;0.000400864;0.000486933;0.000479676;0.000538006;0.00054498;0.000509456;0.000508934;0.000570178;0.000604913;0.000387982;0.000595883;0.000633016;0.000423558;0.000412039;0.000407353;0.00037235
700;0.000368141;0.000323869;0.000303641;0.000247948;0.000305444;0.000230581;0.000131741;0.000272989;0.00021401;0.000112373;0.000259146;0.000208121;0.000247337;0.000375472;0.000190765;0.000363491;0.000348531;0.00025738;0.000267051;0.000298709
701;0.000187393;0.000172298;0.000231571;7.01435E-05;0.000282981;0.000135198;0.000321642;7.18553E-05;0.000204671;3.47234E-05;0.000231884;0.000142895;3.85996E-05;0.000269361;0.00018112;9.90238E-05;0.00022772;0.000184447;0.000357166;0.000127822
702;0.000196304;0.000106229;0.000214066;0.000248626;0.000335284;0.000191811;3.34289E-05;0.000112947;5.09759E-05;0.000178643;0.000194293;0.000247046;0.000176262;6.87074E-05;0.000100397;0.000209786;0.000238493;0.000139393;0.000178859;0.000123508
703;0.000260659;0.000138957;0.000183687;8.34726E-05;0.000226155;0.000171445;0.000190772;0.000134639;0.000200238;0.000102986;0.0001777;0.000196997;0.000125829;0.000103924;0.00028272;0.000162076;0.000176236;0.00019129;0.00010311;9.68892E-05
704;0.000223905;0.000127517;0.000204857;0.000151657;0.000262506;0.000276074;0.000351965;0.000129197;0.000260428;0.000266738;7.26134E-05;0.000200175;0.000299938;0.000101034;0.000214983;0.000212673;0.000339858;0.000210389;0.000189349;0.000315674
705;0.00039538;0.000347793;0.00045152;0.000170849;0.000366829;0.000320844;0.000454605;0.000334345;0.000379764;0.000445805;1.60905E-05;0.000364035;0.000279799;0.000272103;0.000344083;0.000251889;0.000333473;0.000272512;0.000293605;0.00055939
706;0.000625521;0.000511631;0.00074023;0.000439078;0.000531286;0.000523627;0.000525057;0.000555754;0.000448428;0.00064005;0.000482745;0.000594616;0.000377759;0.000435531;0.000556439;0.000606775;0.000403754;0.000436179;0.000276707;0.000572667
707;0.000794604;0.000538021;0.000516564;0.000581086;0.000564277;0.00067611;0.00068979;0.000571787;0.000543416;0.000476167;0.000554278;0.000684053;0.000649244;0.00044027;0.000615835;0.000610575;0.000523582;0.000462636;0.000669152;0.000735015
708;0.000545263;0.000509366;0.000578329;0.000632778;0.00051111;0.000589281;0.00090614;0.000607774;0.000558764;0.000529945;0.000461102;0.000419289;0.000444308;0.000578597;0.000464968;0.000731781;0.000583857;0.000775427;0.000812054;0.000618637
709;0.000464305;0.00039845;0.000511363;0.000469945;0.000470668;0.000510305;0.000340208;0.000606924;0.000464849;0.000323951;0.000258617;0.00030525;0.000542924;0.00068292;0.000540957;0.000489533;0.00047484;0.000618786;0.00046809;0.000563517
710;0.000332355;0.000386536;0.000305846;0.00038863;0.000353396;0.000299543;0.000196714;0.000330761;0.000288047;0.000313319;0.000301756;0.000306182;0.000396274;0.000378199;0.000331141;0.000311263;0.000376396;0.00041236;0.000354022;0.000356346
711;0.000286639;0.000366852;0.00022037;0.000255682;0.000183884;0.000243228;0.000157926;0.000280544;0.000152249;0.000316218;0;1.7059E-05;0.000248007;0.000215378;0.000105726;0.000202321;0.000108635;0.000120236;0.00034526;0.000219595
712;4.76865E-05;0.000143293;0.000186387;4.83477E-05;0.000128038;4.26499E-05;0.000110393;0.000271872;0.000147756;0.000191972;0.000125822;1.93543E-05;8.54358E-05;0.000175953;0.000229519;0.000125438;0.000211019;0.000287518;0.000181306;6.73216E-05
713;0.000133343;0.000215784;0.00017561;0.000204403;0.000160448;0;0.000251867;0.000151135;0.000179723;0.00026042;0.000221107;0.000121292;8.64733E-05;5.97006E-05;0.000287138;0.000162769;0.000199955;0.000197973;9.48124E-05;0.000144303
714;0.000287294;0.000296988;7.95741E-05;0.000281587;0.000259556;0.000153098;0.000252239;0.000124536;0.000219323;0.000319943;0.000217486;0.000218488;0.000256665;0.000116527;0.000214722;7.87713E-05;0.000226177;0.000133097;0.000109509;0.000219077
715;0.000234749;0.000267304;0.000213429;5.85867E-05;4.88972E-05;0.000160094;0.000359133;0.000400014;0.000118012;9.19383E-05;7.22948E-05;0.000252768;8.21929E-05;4.79138E-05;0.000177819;1.46851E-05;0.00012821;0.000196695;0.000191726;0.000160515
716;0.000253618;0.000170369;0.000257149;0.000130415;0.000152383;9.69302E-05;0.000245631;0.00020704;0.000223927;4.52129E-05;8.86805E-05;0.000148688;0.000175972;0.000154119;0.000318125;0.000174351;2.84314E-05;0.000211231;0.000363789;0.000118999
717;0.000249632;0.000316299;0.000326075;0.000136737;0.000101328;0.000117622;2.86399E-06;0.000113307;5.41545E-05;0.000235513;0.000248775;7.773E-05;5.57303E-05;0.0002812;9.42014E-05;0.000164967;0.000337921;4.5741E-05;5.43362E-05;0.000228688
718;0.000131149;0.000135761;0.000248328;0.000123583;0.000186604;0.000109458;7.80635E-05;3.85027E-05;0.000139035;0.000219166;0.000134166;0.000184789;0.000202704;0.000242859;0.000103502;0.000170246;9.48254E-05;5.01545E-05;0.000152718;0.000127371
719;0.000130482;0.000191886;6.53006E-05;0.000252448;0.000101458;4.9036E-05;0.000177026;0;6.11581E-05;0.000150599;0.000242434;0.000136845;0.000247501;0.000129528;9.818E-05;0.000175953;6.5539E-05;0.000167225;0.000155494;0.000122219
720;4.08264E-05;9.2946E-05;3.0648E-05;5.4663E-05;0.000168271;6.13723E-05;0.000157461;5.11343E-05;8.26791E-05;0.00016835;0.000116561;0.000143658;0.000196058;5.83446E-05;0;0.000144392;0;0.000199385;0.000165913;1.38304E-05
721;0.000122745;0.000192527;0.000137411;0.000148784;0.000234853;0.000223365;0.000178032;5.66328E-05;0.000103492;0.000157177;9.3881E-05;0.000242766;0.000144277;0.000124782;3.88902E-05;8.1066E-05;7.78846E-05;0.000113593;0;5.19352E-05
722;0.000115562;0.00015479;0.0003061;0.000164766;0.00012159;0.000152968;0.000138458;0;0.000164736;0.000131689;0.000143491;0.000245437;4.41438E-05;0.000203524;0.000183955;8.83057E-06;0.000147626;0;3.15355E-05;0.000161532
723;0.000229102;0.000179835;0.000186212;9.3108E-05;0.000155196;0.000316411;0.000186227;0;0.00013027;0.000105688;0.000180092;0.000173904;0;5.61113E-05;0.000285871;0;0.000186674;0.000149269;3.1135E-05;0.000236519
724;0.000405438;0.000204559;0.000233546;0.000226606;0.000114724;0.000207666;0.000330888;0.0001081;0.000255197;0.000122335;6.7886E-05;6.43544E-05;8.66354E-05;0;0.000215452;0.000259951;0.000223305;2.82242E-05;4.68772E-05;3.52776E-05
725;0.000431523;0.000377446;0.000403136;0.000527546;0.000350736;0.000252686;0.000256635;0.000326134;0.000204995;0.000401273;0.000200149;0.000224985;0.000126828;0.000124522;4.52134E-06;0.000106463;0.0002295;0.000224479;0.000175659;0.000149641
726;0.000114463;0.000335298;0.000203688;0.000299923;0.000272222;0.000297837;0.000401229;0.000199247;0.000374876;0.000389852;0.000272065;0.000361241;0.000267804;0.000356868;0.000408664;0.000413634;0.000395015;0.000414014;0.000265665;0.000411637
727;0.000495136;0.000355899;0.000404827;0.000464186;0.000396051;0.000416368;0.000375599;0.000380635;0.000494212;0.000418343;0.000379257;0.000404246;0.000338562;0.000531018;0.000354968;0.00041309;0.00043802;0.000418998;0.000390112;0.000381708
728;0.000421531;0.000396699;0.000273556;0.00038711;0.00031811;0.000326872;0.000598416;0.00030838;0.000334114;0.000451334;0.000265405;0.000484377;0.000238802;0.000398315;0.000309236;0.000353061;0.000372708;0.000370942;0.000539124;0.000327259
729;0.000205293;0.000349015;0.000357889;0.000243254;0.00025963;0.00022345;0.000300609;0.000317127;0.000214666;0.000284351;0.000372663;0.000273727;0.000305101;0.000369057;0.000182502;0.000193514;0.00039643;0.000344984;0.00039468;0.000233211
730;0.000136022;0.000243004;0.000308633;0.000170264;0.000175063;3.4092E-05;0.000218101;0.000408873;0.000217881;0.000170544;0.00019775;0.000190828;0.000318594;0.000193369;0.00011825;0.00010925;0.000300609;0.000277974;0.000375725;0.000259653
731;0.000118919;0.000146758;0.000259131;0.000214517;0.00024252;0.000171944;6.84038E-05;0.000204641;0.000259191;8.56034E-05;4.67664E-05;0.000289097;0.000391819;8.10605E-05;0.000166114;3.42643E-05;0.000151735;0.000185546;0.000320055;0.000102878
732;0.000157293;0.000208281;0.000280343;0.000116451;0.0002128;9.38699E-05;0.00024946;0.00022563;0.000121817;0;0.000124186;0.000427522;0.000290819;1.07938E-05;0.000304811;0.000227194;0.000243545;0.000242498;0.000326805;2.27387E-05
733;6.3207E-05;0.00038866;0.000337936;0.000165828;0.000145622;0.000191223;1.76439E-05;0.000256121;0.000273131;0.000242002;0.000303507;0.000186808;0.000122068;0;0.000153709;0.000338957;0.000204545;0.000283793;0.000180826;2.85385E-05
734;0.000391714;0.000338562;0.000249803;0.000359438;0.000217445;0.0002442;0.000325575;0.00011158;0.000232793;8.67471E-05;9.05916E-05;0.000104344;3.93996E-06;0.000112353;0.000167575;0.000308424;0.000244796;1.57775E-05;1.38001E-05;0.000125695
735;0.000228737;0.000254296;0.000122022;0.000156362;8.47634E-05;7.46269E-05;0.000378788;8.37445E-05;0.000283413;0.000113171;0.000176664;0.000316113;0.000104079;0.0004237;8.79467E-05;0.000186116;6.47083E-05;0.000255115;0.000215564;0.000228882
736;0.000295959;0.000356056;0.00023694;0.000231829;0.000404947;0.000401802;0.000274733;0.000256196;0.000466175;0.000302419;0.000399247;0.000245288;0.00044027;0.000256546;0.000169974;0.000278354;0.000270434;0.000413872;0.000324443;0.000148565
737;0.000753164;0.000607386;0.000604257;0.000468694;0.000576079;0.000670284;0.000816613;0.000525758;0.000680804;0.000661746;0.000635982;0.000691056;0.000686839;0.000593737;0.000425562;0.000582874;0.000496924;0.000551328;0.000606433;0.000549689
738;0.000952363;0.000847757;0.000867337;0.000821263;0.000817358;0.000772908;0.000973359;0.000807196;0.000685781;0.000919789;0.000702471;0.000890717;0.000756919;0.000845328;0.000796586;0.000859201;0.000807986;0.000593886;0.000797153;0.000900045
739;0.000791386;0.000613555;0.000799611;0.000842616;0.000912607;0.000726864;0.000771224;0.000812203;0.000583097;0.000739455;0.000804931;0.000682473;0.000611395;0.000763029;0.000944793;0.000899419;0.000826865;0.000683561;0.000868857;0.000846371
740;0.000590026;0.000574753;0.000632107;0.000726655;0.000600517;0.000529706;0.00049825;0.000514433;0.000389628;0.000661358;0.000676945;0.000606447;0.000468887;0.000764698;0.000569254;0.000681847;0.000447623;0.000489458;0.000468977;0.000597939
741;0.000482276;0.000574097;0.0004967;0.000483662;0.000183754;0.000347093;0.000178959;0.00022408;0.000350662;0.000534505;0.000143148;0.000470042;0.000374936;0.000357606;0.000424623;0.00016601;0.000483736;0.000279367;0.000451721;0.000216108
742;0.000420071;0.000485614;2.20729E-06;2.06096E-06;6.50603E-05;9.8113E-05;0.000161655;8.8384E-07;0.000355609;0.000260361;0.000515774;0.000324182;0.000292003;1.3276E-06;0.00016316;6.49858E-05;0.00016382;0.000324197;0.000131372;6.5336E-05
743;0.000259221;0.000208855;0.000278272;1.58832E-05;2.8885E-05;5.27101E-05;0.000250787;2.88603E-05;0.000126209;9.46503E-05;0.000246845;9.85116E-05;0;8.67005E-05;0.000206251;0.000341982;0.000144672;0.000317335;0.000251383;8.9759E-05
744;7.08513E-05;0.000236586;0.000383511;0.000101611;1.57892E-05;0.000168324;0.000206012;0;0.000356436;9.03979E-05;0.000141159;0.000155155;3.16082E-05;7.10879E-05;2.54521E-05;0.000192337;0;0.000202186;0.000174865;0.00020393
745;0.000201341;0.000102198;0.000223916;2.2789E-05;0.000170402;9.04556E-05;0.000224188;7.98143E-05;0.00032533;0.000157893;0.000180542;0.00023558;0.00016978;0.000259101;2.28332E-05;0.000157997;6.85882E-05;6.74408E-05;0.000283435;1.14341E-05
746;4.45824E-05;0.000210423;1.48744E-05;3.88427E-05;0.000213962;0.000181999;0.000148926;0.000165816;0.00019215;0.000152387;0.000280477;0.00012368;0.000210863;0.000127126;0.00012837;0.000227086;0.00017662;0;0.000327922;0.000124011
747;0.000269271;8.2463E-05;5.31599E-05;0.000146776;0.000110254;0.000262402;0.000293538;0.000143152;0.000148352;0.000119364;0.000254981;0.000115499;0.00013781;0.0003272;0.000172641;0.000367656;0.000176601;0.000184126;0.000119507;0.000281505
748;0.000467852;0.000264034;0.00048846;0.000612915;0.000476919;0.000481352;0.000666082;0.000586554;0.000373848;0.000357397;0.000427842;0.000352196;0.000415064;0.000677332;0.000362143;0.000544518;0.000610143;0.000774398;0.00033576;0.000429817
749;0.001316339;0.001194;0.001279861;0.001194507;0.001253366;0.001348108;0.001408637;0.001432061;0.001189023;0.001198649;0.000927225;0.001048952;0.001350284;0.001546443;0.001294255;0.001228392;0.001313567;0.001467884;0.001084894;0.001322657
750;0.002512932;0.002090096;0.001963735;0.001881033;0.001905024;0.002299726;0.001982033;0.002148509;0.001766413;0.001931846;0.002215326;0.002178907;0.002053082;0.002115369;0.001921684;0.001933157;0.002064884;0.002118051;0.001881689;0.001804709
751;0.002482772;0.002336621;0.002592146;0.002408385;0.002301157;0.00230211;0.002336979;0.002005458;0.002222717;0.002117693;0.002191603;0.002264619;0.001860559;0.001933903;0.00230211;0.002230048;0.001862258;0.001751989;0.00245297;0.001749784
752;0.002133608;0.001822233;0.001557291;0.001657069;0.001841486;0.001785427;0.001940995;0.001510948;0.001692832;0.001567781;0.002051115;0.001747608;0.001621753;0.001718849;0.001777053;0.001616925;0.001531959;0.00166136;0.001672685;0.001834691
753;0.001193106;0.00125137;0.000952616;0.000784189;0.001158208;0.001092374;0.000809401;0.0009197;0.001061767;0.000884786;0.001191467;0.001114726;0.000987887;0.000957131;0.001047343;0.000980139;0.000827268;0.000976652;0.000843138;0.001093835
754;0.000444993;0.000505507;0.000340633;0.000206336;0.000527024;0.000194471;0.000442915;0.000356063;0.000576884;0.00056912;0.00045184;0.000344075;0.000485502;0.000368483;0.000143826;0.000473678;0.000362962;0.000300065;0.000251949;0.000474066
755;0.000175644;0.000139132;0.000317;0.000156391;0.000199459;0.000236683;0.000333622;0.000196569;0.000318706;0.000339456;0.00037647;0.00019877;0.000317901;0.000277102;0.000156153;0.000139993;0.000159081;0.000119483;0.000236701;0.00041379
756;0.000178367;8.0293E-05;0.000359364;0.000233442;0.000151727;0.000257395;0.00030829;0.000138562;0.000144117;0.000334755;0.000155009;4.92074E-05;0.000217583;0.000448041;0.000131369;0.000135463;0.000192251;0.000247344;0.000202995;0.000532597
757;0.000192698;2.58065E-05;0.000281066;0.000677392;0.000343606;0.000272632;0.000302576;0.000124417;0.000135146;0.000378408;4.07966E-05;0;9.25772E-05;0.000404276;2.79131E-05;6.46636E-05;0.000440985;0.000116501;9.47155E-05;0.000323057
758;0.000216022;6.47064E-05;0.000401095;0.00039424;0.000350267;0.000225592;0.00021144;0.000327691;0.000415333;0.000202563;4.14811E-05;6.47344E-05;0.000527859;0.000234984;0.00017114;0;0.000280909;0;0.000148036;0.000444241
759;0.000173435;1.0401E-05;0.000426181;6.81095E-05;4.16534E-05;9.99104E-05;9.47081E-05;0.000416227;0.000616029;0.000242773;4.21554E-05;0.000158191;0.000268415;0.00013702;0.000210986;0;0.000322372;0.00025934;2.08612E-05;6.26016E-05
760;0.000507474;0.00021055;0.000344105;7.48012E-07;8.43201E-05;0.000170022;1.4973E-06;7.48504E-06;1.12182E-05;0.000215396;4.28846E-05;0.000297889;0.000341341;0.000339702;0.000214633;8.44132E-05;0.000343867;4.75002E-05;0.000253379;0.000126723
761;0.000913009;0.000981748;0.000622645;0.000790849;0.000677466;0.000754222;0.000831455;0.001029313;0.000989884;0.000889704;0.000754312;0.000777811;0.00061442;0.001257688;0.000861004;0.000750586;0.00090085;0.000911146;0.000426367;0.000590026
762;0.003821731;0.003670573;0.003254056;0.003122091;0.003383696;0.003283024;0.003361702;0.003385842;0.003343761;0.003128767;0.003381789;0.00329721;0.00314486;0.00335592;0.003256857;0.003333151;0.003261149;0.003331423;0.003231108;0.003004491
763;0.005698919;0.005260229;0.004898667;0.005024314;0.005012393;0.004557967;0.004833817;0.004971981;0.004745126;0.004543662;0.004967213;0.005084753;0.004743338;0.00475204;0.004715204;0.004842639;0.004650474;0.004680395;0.004802704;0.00472784
764;0.005396485;0.004760742;0.004603505;0.004581928;0.004656315;0.004170299;0.004450083;0.004741907;0.004393339;0.004336476;0.004445314;0.00479269;0.004358888;0.004318595;0.004313827;0.004152179;0.004112959;0.004347682;0.004275441;0.004230618
765;0.003763974;0.003089547;0.003093004;0.003282905;0.003287852;0.002771139;0.003171504;0.003352344;0.003043056;0.003028989;0.003173649;0.003418267;0.00266695;0.003216505;0.003062546;0.003073931;0.00318265;0.003221333;0.003045738;0.002999783
766;0.001531631;0.000988275;0.001139134;0.001345009;0.001506597;0.001261503;0.001083881;0.00100258;0.001234412;0.00118944;0.001139253;0.001281708;0.000953257;0.001340032;0.001436502;0.001181126;0.001556844;0.001102239;0.001430571;0.00126344
767;0.000350818;0.000547662;0.000440955;0.000463121;0.000657201;0.00063473;0.000259258;0.000199907;0.000366509;0.000790402;0.000350416;0.000752136;0.000854462;0.000421196;0.000137668;0.000270747;0.000835493;0.000217035;0.000395305;0.000673816
768;0.000385478;0.000212863;1.86246E-05;0.000346176;0.000215445;0.000215299;0.000196651;0.000568867;0.00034146;3.73377E-05;0.000248171;0.000596911;0.000698715;0.000203889;0.000328176;0.000525415;0.000272103;0.000382692;0.000624254;0.000124291
769;0.000403583;0.0006437;0.000118965;0.000689223;9.58871E-05;0.000725001;0.000356548;2.96379E-05;0.000260465;0.000252545;0.000460893;0.000250123;0.000298522;0.000315361;0.000258885;1.90907E-05;0.000639185;0.000363886;0.000123635;0.000724792
770;0.000686795;0.00065209;0.000616521;0.000608176;0.000179365;0.000374965;0.000666752;0.000805706;0.000637442;0.000506744;0.000856131;0.000462405;0.00048472;0.000755847;0.000645235;0.000545144;0.000529662;0.000778571;0.000857323;0.000267416
771;0.002029359;0.001864076;0.001448005;0.001798898;0.001645684;0.001904398;0.001736164;0.001567125;0.001811177;0.001880735;0.001865894;0.001955926;0.00198561;0.001556188;0.001880825;0.001310408;0.001804918;0.00168857;0.002220631;0.001648903
772;0.002699614;0.002889276;0.002661467;0.002505183;0.002627611;0.002256274;0.002165377;0.002051651;0.002734721;0.002252758;0.00241667;0.002447367;0.002280712;0.002319634;0.002173841;0.002288938;0.002394438;0.002396047;0.002599061;0.002612829
773;0.002489686;0.002458155;0.002143681;0.002334595;0.002143741;0.001793504;0.002445459;0.002099037;0.002224088;0.002288103;0.002465069;0.001871973;0.002450764;0.002198696;0.00231427;0.002386391;0.002177775;0.002530932;0.002395928;0.002121627
774;0.001925737;0.001510262;0.001882583;0.001306742;0.001295984;0.001214623;0.001755804;0.001890957;0.001264721;0.001861125;0.001694858;0.001675487;0.001848996;0.001422495;0.001790017;0.001568615;0.001676172;0.001653939;0.001614571;0.001547366
775;0.000862241;0.000547409;0.000974447;0.000348121;0.000571862;0.000454314;0.000529513;0.000561386;0.000576526;0.001056433;0.000585347;0.000833362;0.000642076;0.000350103;0.000858143;0.000387982;0.000772595;0.000536591;0.000536397;0.000790983
776;0.000674397;0.00013715;0.000483401;0.000277936;0.000607684;0.000844166;0.000691399;7.44928E-05;0.000154756;0.00040032;3.53893E-05;0.000415362;0.000500336;0.000113767;0.000478625;0.000113834;0.000365354;0.000188645;8.6505E-05;0.000524491
777;0.000516698;0.000114005;5.44579E-06;0.000867471;0.00046657;0.000172909;0.000230853;0.000343941;0.000632152;0.000522047;0.00080125;0.000468947;0.000405319;0.000347145;6.36827E-06;0.000228535;0.000351205;0.000521049;0.000231393;0.000460185
778;0.000287764;3.55206E-05;0.000311553;0.000791177;0.000572279;0.000118198;0.00015597;0.000167921;0.000368431;0.000482686;0.000163097;0.000848636;0.000348039;0.00028161;0.000414141;0;0.000469044;0.000443324;0.000234704;0.000170637
779;0.000240546;0.000247002;0;0.000460707;0;0.000106983;0;0.000433914;0.00049518;0.000120671;6.02733E-05;0.000916049;0.000261091;0.000181016;0.000408754;1.35754E-05;0;0.000515252;0.000582978;0.000134438
780;0.000264727;4.16357E-05;1.971E-05;0.000124864;0;6.13909E-05;3.94685E-05;4.16497E-05;0.000492811;0.000122923;4.16618E-05;0.000374883;0.000122979;0.000302941;0.000250213;4.17316E-05;0;1.97878E-05;0.000208769;0.0001253
