380;0.000116125;0.000135984;0.000126693;0.000307828;0.000297762;0.000215631;1.69124E-05;0.000105454;0.000187796;0.000138842;0.000251837;0.000202816;2.07294E-05;0.000210449;0.000215821;0.000116618;0.000187661;0.000341661;0.000196692;0.00025703
381;0.000323199;0.00018302;0.000170272;0.000337496;0.00030645;0.000227317;0.000151101;0.000158437;0.000142653;0.000222161;0.000175178;3.52999E-05;0.000180457;0.000138901;0.000342332;0.000229318;0.000228755;0.000213925;0.000284165;0.000146121
382;0.000186767;0.00012831;0.000105849;0.000134118;0.00020963;0.000198435;0.000249282;0.000125892;0.000199288;9.28603E-05;0.000299744;0.000291042;0.000376314;0.000310235;0.00022196;0.000249192;0.000163607;0.000170853;0.000207819;0.000194389
383;8.94088E-05;9.2281E-05;0.000186399;0.000339925;7.38446E-05;4.17316E-05;0.00014485;6.49709E-05;0.000272773;0.000198357;9.56226E-05;0.000175305;9.61628E-05;7.38949E-05;0.000135981;0.000192251;0.000192117;0.000305235;9.54662E-05;0.000147302
384;0.000243261;0.000137269;0.000181157;0.00011462;6.33728E-05;0.000199698;0.000212085;0.000213232;0.00023926;0.000138413;0.000108672;0.000109807;2.97586E-05;0.000222456;0.000109315;0.000117561;0.000238646;0.000273913;0.000184782;0.000167537
385;0.000302166;0.000114065;0.000265978;9.25884E-05;1.04073E-05;0.000104591;0.000311874;0.000214379;5.32083E-05;0.000282131;6.88061E-05;0.000212833;0.000208858;0.000185959;0.00015334;0.000224534;0.000257514;0.000252359;0.00023691;0.000195272
386;4.81931E-05;0.000199687;0.000230186;0.000186294;8.31317E-05;0.000177857;0.000242978;0.000109917;0.000139281;0.000218485;0.000162497;0.000118066;0.000284299;3.13055E-05;0.000173353;0.000247151;0.000135675;0.000149626;0.000175919;0.000164829
387;8.53147E-05;0.000137404;0.000214394;0.000128455;0.000198506;8.93809E-05;0.000166088;0.000285253;0.000234306;0.000218719;0.000173274;0.000195488;0.000166342;0.000113795;0.000170518;0.000215761;0.000190269;0.000155203;0.000106771;0.000135474
388;7.94027E-05;0.000313811;0.000146016;5.82933E-05;0.000330806;0.000196382;0.000246577;0.000232436;0.000212975;0.000260353;0.000193592;0.0002275;5.88447E-05;9.77088E-05;7.78977E-05;0.000265643;0.000148263;0.00022921;0.000126965;0.000228692
389;0.000184983;0.000145998;9.83234E-05;0.000140738;5.85178E-05;0.000123218;0.000198066;0.000218354;0.000138227;0.000240073;0.000167716;0.000203144;0.000178501;0.000144057;0.000119559;0.000170279;0.000113705;9.71034E-05;0.000128232;0.00018996
390;0.000212319;5.34244E-05;0.000117315;0.000152655;0.000162728;0.000219021;0.000235297;0.000202462;0.000168052;0.000148609;0.000207219;0.000176016;0.000196856;0.000170674;0.000129074;0.000125617;0.000219051;0.000130236;0.000123397;0.000112202
391;0.000186536;0.000121994;0.000110086;0.000111222;0.000229873;0.000154033;0.000140443;0.000201449;0.000198953;0.000228249;0.000111599;9.54438E-05;0.000139061;0.000110801;0.000198677;0.000185922;0.0001725;8.04644E-05;0.000109866;0.000316426
392;0.000135276;0.000157576;0.000153866;0.000187799;0.000148039;8.10493E-05;5.27492E-05;0.000141084;0.000203181;0.00012707;0.000201024;0.000157271;0.000146378;4.61685E-05;0.000100235;0.000118909;0.000119248;0.000157651;0.000104696;5.85327E-05
393;0.000132717;0.000183493;0.000164658;0.000168197;0.000162736;0.000120001;7.43456E-05;0.000218187;0.000218347;0.000218265;0.000161473;7.23228E-05;0.000195734;5.31105E-05;0.000127766;0.000152428;0.000157118;0.000204545;0.000149582;0.000148624
394;0.000158604;1.36392E-05;0.000303201;0.000126295;0.000281028;7.68583E-05;7.0693E-05;0.000217885;0.000183269;0.000176609;0.000155237;0.000198342;0.000192173;0.000148393;0.000127926;0.000141714;0.000145506;0.000123318;0.000226114;0.00020165
395;9.87705E-05;0.000141434;0.000157189;5.47888E-05;0.000175864;0.00019623;0.000184197;0.00019341;0.000248805;0.000151221;0.000152607;0.000218838;0.000179965;0.000129912;0.000144064;0.000100907;9.3719E-05;7.39433E-05;0.000178341;8.20048E-05
396;0.000211857;0.000184357;0.000217069;0.000215203;0.000125997;0.000230327;0.000165101;0.000186577;0.00021898;0.000173815;0.000187449;0.000154369;0.000185039;0.000166956;0.000198174;0.000113998;0.000150371;0.000118097;0.000149347;0.000112597
397;0.000149861;0.000117101;0.000254467;3.60701E-05;0.000128735;0.000107201;0.000193875;0.000171129;0.000151172;0.000203602;5.47376E-05;0.000149269;0.000257552;0.000252903;0.000181392;0.000144739;0.000235494;0.00022158;9.14689E-05;0.000126075
398;0.000137709;0.000162959;0.00020089;0.000162579;0.000141531;0.000102652;0.000191923;0.000140317;0.000183348;0.000128206;0.000236396;0.000232;0.000297815;0.000203546;1.52001E-05;0.000169758;0.000156775;0.000141297;9.81931E-05;0.000180669
399;0.000153247;0.00013246;0.000176277;0.000196625;8.50931E-05;0.000117818;0.000133328;0.000197154;0.000218373;0.000194181;0.00022484;0.000207897;0.000242304;0.000179529;8.73748E-05;0.000158902;0.000156585;0.000157684;0.000172801;0.000216462
400;0.000122057;0.00015616;0.000158504;0.00017209;0.000182215;0.000190262;0.000187341;0.000232842;0.000138622;0.000277996;0.000266835;0.000176016;0.000219852;0.000213981;0.000194069;0.00018958;0.000184022;0.000166763;0.000254914;0.000199012
401;0.000188883;0.000176679;0.000283673;0.000142362;0.0001624;0.0002307;0.000149507;0.00023159;0.000203229;0.000188168;0.000188068;0.000125762;0.000196151;0.000169206;0.000167169;0.00012669;0.000189792;0.000124265;0.000141937;0.000142142
402;0.000162195;0.000195432;0.000126418;0.000171117;0.00014751;0.000177976;0.000127267;0.000193279;0.000172649;0.000201084;0.000188909;0.000171922;0.000187673;0.000150137;0.00016069;0.000179492;0.000145055;0.000155292;0.000195604;0.000151955
403;0.000155505;0.000248194;0.000161301;0.000176996;0.000164792;0.00014722;0.000154741;0.000203907;0.00016275;0.000216305;0.00018388;0.000162862;0.000224493;0.000153217;0.000161506;0.000208706;0.000194669;0.000224169;0.000159595;0.000188485
404;0.000184026;0.000229195;0.000161584;0.00021705;0.000152729;9.8478E-05;0.000183102;0.00014323;0.000244647;0.000174206;0.000142988;0.000173345;0.00024873;7.96448E-05;0.000151794;0.000197008;0.000155296;0.000177007;0.000153944;0.000216316
405;0.000131704;0.000168517;0.000168309;0.000120321;0.000208843;0.000144195;0.000242621;0.000196517;0.000190966;0.000105139;0.000151586;0.000127643;0.000170201;0.000109792;0.000135846;0.000153869;0.000104195;0.000180662;0.000118459;0.000219546
406;0.000203356;0.000166856;0.000181295;0.000142287;0.000195578;0.000145104;0.000192855;0.000264265;0.000239935;0.000114726;0.000223372;0.000166301;0.000224952;0.000171468;0.000179872;0.000138249;0.000166237;0.000157259;0.000179067;0.000201151
407;0.000155721;0.000168923;0.000140835;0.000193741;0.000212349;0.000133388;0.000147119;0.000150964;0.000195961;0.000166662;0.000193898;0.000142194;0.000195391;0.000175267;0.000203155;0.00018679;0.000143107;0.000138745;0.000157885;0.00012596
408;0.000149939;0.000173353;0.000191409;0.00011841;0.0001656;0.000157885;0.000213269;0.00019503;0.000180088;0.000172805;0.000153951;0.000186332;0.000130095;0.00013179;0.000171117;0.000252537;0.000176881;0.000119675;0.000115978;0.000184234
409;0.000115603;0.000159923;0.000204939;0.000175066;0.000146613;0.000142746;0.000177398;0.000150096;0.000180509;0.000198517;0.000207163;0.000193436;0.000158597;0.000173464;0.000144444;0.0002461;0.00017985;0.00022063;0.000143562;0.000248827
410;0.00013788;0.000155661;0.000185098;0.000127751;0.000185117;0.000164188;0.000262059;0.000182193;0.000138789;0.000209525;0.000185456;0.000172857;0.000169627;0.000226621;0.000136506;0.00011823;0.000175022;0.000220753;0.000152446;0.000195887
411;0.000206556;0.000244193;0.000168927;0.000172418;0.00011557;0.000180636;0.000225186;0.000141986;0.000232723;0.000150815;0.000158776;0.000215519;0.000260688;0.00022785;0.000194926;0.000152145;0.000179492;0.000170894;0.000180949;0.000150796
412;0.0001598;0.000149708;0.000119179;0.000190243;0.000110628;0.0001936;0.000167556;0.000121072;0.000161037;0.000138767;0.000103377;0.000169415;0.000185344;0.000218119;0.00011218;0.000149101;0.000178598;0.000193525;0.000203572;0.000193354
413;0.000192642;0.000164412;0.000146173;0.000191864;0.000162195;0.000147048;0.000129957;7.79908E-05;0.000170808;0.000150997;0.000148185;0.000148356;0.00014298;0.000224046;0.000183038;0.000165664;0.000155542;0.000205033;0.000173997;0.000265531
414;0.000154372;0.00021556;0.000192396;0.000213865;0.000236705;6.75488E-05;0.00012267;0.000159889;0.000175361;0.000127003;0.000147156;0.000168778;0.000219189;0.000234496;0.000176094;0.000126906;0.000208959;0.000143711;0.000149559;0.000175152
415;0.000182103;0.000146236;0.000128575;0.000162404;0.000114467;0.000133313;0.000134367;0.000184882;0.000190374;0.000168871;0.000176735;0.000189614;0.00017523;0.000152647;0.000184909;0.000224791;0.000233073;0.000152934;0.000234753;0.000183091
416;0.000164393;0.00018277;0.000166267;0.000216283;0.000196561;0.000180222;0.000157189;0.000165641;0.000167787;0.000183079;0.00018375;0.000156559;0.000205524;0.000187516;0.000146199;0.000187341;0.00021464;0.000243723;0.000182323;0.000199217
417;0.000180241;0.000201482;0.000192374;0.00019291;0.00018042;0.000190862;0.000183284;0.000198763;0.000152681;0.000160303;0.000173353;0.000145819;0.000163224;0.000201069;0.000175063;0.000149708;0.000162907;0.000192914;0.000153713;0.000188772
418;0.000157762;0.000213068;0.000222173;0.00018321;0.000206068;0.000164576;0.000148904;0.000213604;0.000203904;0.000171155;0.000164442;0.000141487;0.000203993;0.000183031;0.000109918;0.000189792;0.00023824;0.000188775;0.000199016;0.00022744
419;0.000184476;0.00018635;0.000198029;0.000165474;0.000165787;0.000146043;0.000190377;0.000186972;0.000207234;0.000141803;0.000185993;0.000156295;0.000181887;0.000181109;0.000204716;0.000216842;0.000192113;0.000155557;0.000230603;0.000196591
420;0.000183418;0.000216238;0.000169821;0.000181425;0.00017786;0.000159476;0.000205476;0.000241376;0.000227612;0.000170831;0.000221286;0.000208773;0.000206068;0.000207826;0.000192899;0.000223245;0.000211284;0.00021366;0.000191242;0.000173472
421;0.000195429;0.00022864;0.000189044;0.000209458;0.000160493;0.000263683;0.000191335;0.00023346;0.000175137;0.000239808;0.000235934;0.000127472;0.000179809;0.00021784;0.000164997;0.000240706;0.000186667;0.00022237;0.000182651;0.000228591
422;0.000236794;0.000285767;0.000216395;0.000208251;0.000224698;0.000201743;0.000233512;0.000273421;0.000254177;0.000243779;0.000281535;0.000231817;0.000272021;0.000238642;0.000232134;0.000264429;0.000220358;0.000240307;0.000208564;0.000255257
423;0.000337407;0.000319064;0.000330627;0.000348471;0.00029888;0.000314094;0.000322565;0.000295207;0.000372276;0.000311814;0.000331424;0.000315219;0.000316411;0.000289336;0.000312574;0.00032308;0.000327893;0.000324063;0.000308484;0.00033313
424;0.000458889;0.000463113;0.000437818;0.000434987;0.000456057;0.00042212;0.000443578;0.00042782;0.000452824;0.000382133;0.000366814;0.000431433;0.0004512;0.000402518;0.000464916;0.00044103;0.000425354;0.000398815;0.000429854;0.000403777
425;0.00070259;0.000734404;0.000712931;0.000659123;0.000694975;0.000666559;0.000622585;0.000684038;0.000646412;0.000632241;0.000678942;0.000665873;0.000704303;0.000661507;0.000623956;0.000652865;0.000633553;0.000643313;0.000618726;0.000636294
426;0.001317322;0.001382798;0.001335859;0.001342893;0.001306981;0.001324326;0.001303017;0.001336277;0.001363873;0.00131309;0.001329809;0.001305103;0.001351506;0.001303375;0.001301259;0.001293331;0.00134486;0.001278281;0.001267135;0.001296848
427;0.002170563;0.002136528;0.002108276;0.002103567;0.002101123;0.002094209;0.002132475;0.002118587;0.00219804;0.00211215;0.002131045;0.00212115;0.00214684;0.002130985;0.002129436;0.002139747;0.002106488;0.002059221;0.002116859;0.002099395
428;0.002421498;0.002405047;0.002390444;0.002370834;0.002398193;0.002387166;0.002389431;0.002374351;0.002452374;0.002427697;0.002402723;0.002401054;0.002390862;0.00241977;0.002407551;0.002398312;0.002387941;0.002401173;0.002415955;0.002333581
429;0.002265811;0.002237499;0.002225459;0.002279222;0.002269328;0.002243638;0.002211332;0.002271295;0.002286851;0.002276719;0.002252638;0.002236485;0.002244711;0.002271354;0.002206564;0.002269447;0.002256215;0.002213061;0.0022825;0.002231479
430;0.002179563;0.002188981;0.002130091;0.002187788;0.002148867;0.00217557;0.002215803;0.002153397;0.002173603;0.002176106;0.002161741;0.00216049;0.002219379;0.002175927;0.002165139;0.002174675;0.00213629;0.002115965;0.002198458;0.002172232
431;0.002797663;0.002750039;0.002775669;0.002796233;0.002753079;0.002744913;0.002769589;0.002719641;0.002749324;0.002775311;0.00276047;0.002758265;0.002794504;0.002781928;0.002767324;0.002743363;0.002728283;0.0027529;0.002770841;0.002790213
432;0.003124356;0.003105581;0.003115892;0.00307101;0.003081024;0.003118932;0.00309515;0.003083646;0.00303638;0.003099978;0.003078759;0.003075063;0.003113747;0.003138125;0.003117979;0.003058791;0.003072917;0.00314647;0.003071964;0.00310427
433;0.002898574;0.002865076;0.002859235;0.002889991;0.002836347;0.002855361;0.002821803;0.002765298;0.002830565;0.002890885;0.002795339;0.002824068;0.002890766;0.002840161;0.002861261;0.002849758;0.002830446;0.002857685;0.002845109;0.002787113
434;0.002141714;0.002125502;0.002099812;0.002150178;0.002133369;0.002097309;0.002130032;0.002141297;0.002108753;0.002143025;0.002105474;0.00213933;0.002101898;0.002117813;0.002082229;0.002091289;0.002129018;0.002092123;0.002117217;0.002135515
435;0.001399726;0.00140354;0.001377821;0.001429051;0.001399845;0.001441538;0.001410276;0.001385033;0.00140518;0.001403928;0.001405746;0.001402885;0.001399159;0.00140819;0.001393557;0.001393855;0.001425207;0.001411706;0.00143975;0.001381218
436;0.001247436;0.001282245;0.001231849;0.001275927;0.001240194;0.001305997;0.001274824;0.001262784;0.001276761;0.001268208;0.001251847;0.001237571;0.001251668;0.001305163;0.001226693;0.001267135;0.001231015;0.001271278;0.001287133;0.001260966
437;0.00140807;0.001378804;0.001400799;0.001403838;0.001361758;0.001418948;0.001379728;0.001355559;0.001345038;0.001374453;0.001387835;0.001346529;0.001368314;0.001395702;0.001383305;0.001388133;0.001319766;0.001391947;0.001356751;0.001334965
438;0.001274616;0.001256049;0.001262456;0.001321107;0.001234025;0.001286566;0.001260817;0.001250625;0.001270682;0.001266837;0.001302689;0.001249403;0.001300842;0.001278251;0.001271099;0.001264036;0.001241773;0.001265824;0.001258224;0.001278073
439;0.001050353;0.001056105;0.00106588;0.00106883;0.001048982;0.00106445;0.001057506;0.001073837;0.001043141;0.001058608;0.001071364;0.001019448;0.001068056;0.001051158;0.001045942;0.001039147;0.001028568;0.001070231;0.00104183;0.00107041
440;0.000751451;0.000730038;0.000801772;0.000747263;0.000759155;0.00075148;0.000719413;0.000735879;0.000760362;0.000709146;0.000742242;0.000727639;0.000753075;0.000695288;0.000734568;0.00072597;0.000739485;0.000726864;0.000712752;0.000757784
441;0.000570983;0.000524506;0.000540897;0.00050272;0.000525177;0.000509843;0.000523552;0.000530139;0.000517383;0.000533998;0.000529543;0.000509441;0.000554472;0.000471935;0.00055106;0.000559881;0.000531197;0.000551775;0.000530154;0.000524044
442;0.000466906;0.00048586;0.00049077;0.000467516;0.00047753;0.000474408;0.000481747;0.00046999;0.000472836;0.000467859;0.000475541;0.000449404;0.000471197;0.000448018;0.000492319;0.000437841;0.000456147;0.000471257;0.000480756;0.000449434
443;0.000487909;0.000529304;0.000495851;0.000483342;0.0004832;0.000492305;0.000516355;0.000524908;0.000477925;0.000495568;0.000451081;0.000466347;0.000501335;0.000486284;0.000518754;0.00050135;0.000505388;0.000487112;0.000519723;0.0004922
444;0.000760347;0.000780687;0.000792697;0.00076282;0.000713736;0.000765964;0.000761479;0.000798225;0.00075306;0.00078921;0.000756919;0.000766039;0.000802487;0.000771537;0.000755325;0.000772715;0.000793695;0.000784442;0.000792176;0.000749663
445;0.001199871;0.001247376;0.001248091;0.001220882;0.001246035;0.001251489;0.001238286;0.001244903;0.001213282;0.001197785;0.001241982;0.001218915;0.001229197;0.001255512;0.001259536;0.001238644;0.001240849;0.001226306;0.001233816;0.001250207
446;0.001507193;0.0015091;0.00152114;0.001514941;0.001460284;0.001501143;0.001509249;0.001497358;0.001506656;0.001502335;0.001510084;0.001501173;0.001525402;0.00151971;0.00151825;0.001482099;0.001493722;0.001499295;0.001508385;0.001515746
447;0.001451701;0.001405507;0.001419812;0.001426697;0.001406938;0.00140968;0.001444846;0.001400799;0.001405865;0.001394749;0.00140208;0.001420677;0.001428992;0.001426965;0.001441181;0.001400501;0.001408964;0.001411706;0.001414776;0.001430452
448;0.001116037;0.001145542;0.001126617;0.001132607;0.00110656;0.001127213;0.001160473;0.001098692;0.001133114;0.001108557;0.001119286;0.001132399;0.001127958;0.001092553;0.001152188;0.001133144;0.001122147;0.001159936;0.001130491;0.001130283
449;0.000999272;0.00097315;0.000963062;0.001025498;0.001007348;0.001007497;0.001001149;0.001002491;0.000998497;0.00098601;0.000971228;0.001026183;0.001003116;0.000998259;0.001019448;0.001004517;0.001015455;0.001029611;0.001038879;0.00099197
450;0.000954285;0.000916332;0.00092639;0.000924215;0.000920981;0.000890553;0.00093168;0.000914097;0.000927553;0.000936985;0.0009453;0.000921696;0.000921056;0.000922993;0.000952974;0.00094223;0.000961632;0.000898689;0.000901774;0.000935882
451;0.00082317;0.000820383;0.000777617;0.000793755;0.000800774;0.000790462;0.000806719;0.000759587;0.000794634;0.000818163;0.000799924;0.000780493;0.00078854;0.000823587;0.000786915;0.000790536;0.000819191;0.000787869;0.000805423;0.000823826
452;0.000640899;0.000638783;0.000579223;0.000630274;0.000619099;0.000639379;0.000603214;0.000620916;0.000660762;0.000637844;0.000601932;0.000617862;0.00064151;0.000641018;0.000619397;0.000627324;0.000641182;0.000623688;0.000610217;0.000635445
453;0.000388741;0.000340924;0.000378273;0.000365309;0.000372946;0.000391781;0.000368856;0.000368461;0.000409409;0.000370249;0.000375599;0.000370301;0.000387862;0.000351794;0.000398055;0.00038033;0.00035686;0.000404827;0.000387006;0.000383519
454;0.000290878;0.000291936;0.000294179;0.00027249;0.000273541;0.000301361;0.000270888;0.000273541;0.000295989;0.000304446;0.000274621;0.00030943;0.000312321;0.000287861;0.000316232;0.000294812;0.000289135;0.000285998;0.000278614;0.000289686
455;0.000239074;0.000246696;0.000276081;0.000229109;0.00024616;0.000261478;0.000238586;0.000277549;0.000243928;0.000256017;0.000236403;0.000259064;0.00027819;0.000258997;0.000257835;0.000251897;0.000248052;0.000251174;0.000235036;0.000259683
456;0.000237815;0.000223923;0.000242073;0.000221413;0.000230368;0.000229977;0.000230413;0.000261582;0.00021752;0.00023637;0.000246562;0.000243217;0.000239596;0.000214059;0.000237424;0.000248089;0.000225492;0.000226237;0.000202928;0.000243206
457;0.000246845;0.000233158;0.000226729;0.000242036;0.000224888;0.000240672;0.000228919;0.000218768;0.000231896;0.000215579;0.000224553;0.000241831;0.000221837;0.000206739;0.00026048;0.000253648;0.000228621;0.000199046;0.000230111;0.000221767
458;0.00024192;0.000215653;0.000234533;0.000227951;0.000217114;0.000247285;0.00022506;0.000223812;0.000229761;0.000237647;0.000218;0.000228599;0.000244558;0.000236638;0.000221808;0.000216398;0.000217028;0.000242714;0.000224996;0.000238873
459;0.000217717;0.000203017;0.000210352;0.000240289;0.000208858;0.000198618;0.000221632;0.000220366;0.000222724;0.00019348;0.000224911;0.000234336;0.00022056;0.000230398;0.00021835;0.000224609;0.000224818;0.000242587;0.000220153;0.000241771
460;0.000216998;0.000238836;0.000193678;0.000212293;0.000245877;0.000204217;0.000238519;0.000224922;0.000240885;0.000206027;0.000230558;0.000213105;0.000199433;0.000228956;0.000233158;0.000242837;0.000247002;0.000235036;0.000231382;0.000224039
461;0.000225443;0.000234202;0.000213403;0.000225931;0.000232425;0.0002281;0.000216682;0.000212811;0.000215426;0.000185523;0.000211861;0.000271931;0.000220377;0.0002249;0.000207298;0.000226293;0.000251234;0.000224713;0.000209641;0.000248335
462;0.000215374;0.000226334;0.000234418;0.000209719;0.000193499;0.000193484;0.000237733;0.000198364;0.000212401;0.000219062;0.000212338;0.000240315;0.000231203;0.000195447;0.000217445;0.000226427;0.000233952;0.000226714;0.000233289;0.000208937
463;0.000209879;0.000223249;0.00022513;0.000221994;0.000206996;0.000201065;0.000227887;0.000215597;0.000208396;0.000235688;0.000230953;0.000231013;0.0002192;0.000225682;0.000221644;0.000207983;0.000216462;0.000225756;0.000227854;0.000209421
464;0.000242274;0.000226382;0.000223402;0.000215527;0.000227842;0.000205167;0.000215009;0.000226267;0.000231668;0.000197679;0.000216462;0.000207931;0.000212375;0.000216424;0.000217889;0.000224121;0.000228737;0.000216383;0.000210926;0.000202592
465;0.000265412;0.000243247;0.00021274;0.00022231;0.000203975;0.000194453;0.000238083;0.000200301;0.000206932;0.000245392;0.000225291;0.000203684;0.000211466;0.000222158;0.000220269;0.000222072;0.000199627;0.000229493;0.000221945;0.000220068
466;0.000207298;0.000211179;0.000218425;0.000216741;0.000189304;0.000194788;0.000239633;0.00021125;0.000226513;0.000207838;0.000227485;0.000197869;0.000203986;0.000215758;0.000203889;0.000238415;0.000232399;0.000220653;0.000215538;0.000205778
467;0.000203028;0.000214435;0.00019455;0.000232276;0.000217404;0.000229333;0.000206757;0.000207212;0.000222031;0.000198007;0.000237066;0.000218894;0.000217188;0.000192124;0.000236597;0.000233855;0.000224266;0.000212744;0.000232868;0.000203509
468;0.000203785;0.000190943;0.000188746;0.000221256;0.000218775;0.000199221;0.00018524;0.000204451;0.000210945;0.000204448;0.000223741;0.000224285;0.000208374;0.000207111;0.000201643;0.000223223;0.00021654;0.000232164;0.00022693;0.000215501
469;0.000229951;0.000230704;0.000184979;0.000203587;0.000226248;0.000175517;0.000203859;0.000222232;0.000177868;0.000233594;0.000195976;0.00021141;0.000197586;0.000219457;0.000259191;0.000204865;0.00020799;0.000197656;0.000199601;0.000210308
470;0.000243939;0.000201073;0.000211503;0.000229016;0.000207067;0.000189185;0.000175182;0.000200842;0.000199355;0.000215523;0.000207894;0.000208151;0.000213437;0.000207167;0.000227902;0.000211556;0.000223596;0.000214122;0.000205182;0.000218552
471;0.000192802;0.000217721;0.00021214;0.000237525;0.000214033;0.000217155;0.000197712;0.000186;0.00020713;0.000205137;0.00020485;0.000229329;0.000229895;0.000218425;0.000237729;0.000208288;0.000219673;0.000222616;0.000209052;0.000210479
472;0.0001847;0.000221457;0.000211906;0.000234455;0.000217862;0.000218548;0.000200972;0.000183128;0.000197507;0.000216607;0.000201631;0.000227541;0.000216786;0.000239093;0.000216015;0.000220101;0.000222664;0.000209708;0.000216529;0.000208922
473;0.000211686;0.00020311;0.000209138;0.000229053;0.000215787;0.000235386;0.000225283;0.000195269;0.000192005;0.000218529;0.000189397;0.000234876;0.000207923;0.000222102;0.000224743;0.000220817;0.000234965;0.000202887;0.000194699;0.000215661
474;0.00022421;0.000197314;0.000237551;0.000234023;0.000192918;0.000196863;0.000210185;0.000202324;0.000236243;0.000191029;0.000241429;0.000197127;0.000245154;0.000197977;0.000223324;0.000220411;0.000206031;0.000210442;0.000188928;0.000218522
475;0.000190116;0.00022826;0.000213638;0.000210892;0.000210248;0.00022202;0.000226304;0.000206348;0.000236839;0.000192691;0.000205096;0.000212181;0.000221223;0.000204064;0.000241958;0.000216614;0.000191014;0.000236731;0.000201754;0.000218086
476;0.000188772;0.000218842;0.000210363;0.000243943;0.000188522;0.000233103;0.00022028;0.000203717;0.000222094;0.000200957;0.000207882;0.000212271;0.000226811;0.000202056;0.000191327;0.000189949;0.000197917;0.00021854;0.000197817;0.000191182
477;0.000214983;0.000195354;0.000202507;0.000235014;0.000217773;0.000224914;0.000210296;0.000226103;0.000233024;0.000219204;0.00019097;0.000214938;0.000205647;0.000199277;0.000206832;0.000179809;0.0002142;0.000214815;0.000193708;0.000203714
478;0.000212159;0.000184167;0.000198595;0.000205182;0.000212669;0.000223063;0.000208337;0.000206966;0.000232339;0.000218444;0.000228856;0.000241708;0.000179842;0.000213038;0.00020032;0.000231691;0.000216749;0.000175491;0.00022551;0.000218589
479;0.00021613;0.000251524;0.000192214;0.000205174;0.000215482;0.000249356;0.00020026;0.000207782;0.000241835;0.000217393;0.000216767;0.000202369;0.000219122;0.000196964;0.000237204;0.000228308;0.000213612;0.000218607;0.000218563;0.000188708
480;0.000237212;0.000213441;0.000209671;0.000201393;0.000237554;0.000228979;0.000203013;0.000239745;0.000256754;0.000222854;0.000198077;0.000231545;0.000187103;0.000259392;0.00021185;0.000221308;0.000214152;0.000221413;0.000209585;0.000235651
481;0.00023355;0.00023045;0.000226419;0.00022066;0.000244603;0.000200987;0.000207987;0.000235762;0.000217851;0.000229523;0.00021046;0.000230618;0.000214137;0.000254966;0.000243247;0.000244536;0.000247598;0.00020979;0.000215754;0.000250012
482;0.000189625;0.00024318;0.000241142;0.000220679;0.000235759;0.000205345;0.000242539;0.000189815;0.00020577;0.000215847;0.000225924;0.000230793;0.000228591;0.000243641;0.000246756;0.000241451;0.000230405;0.000198681;0.000202224;0.000201948
483;0.000240456;0.000217162;0.000221502;0.000234343;0.0002295;0.000210196;0.000203494;0.000197187;0.00020076;0.000204999;0.000189494;0.000198822;0.000197828;0.000265844;0.000215981;0.000194989;0.000233289;0.000223067;0.00024176;0.000204552
484;0.000235151;0.000209898;0.000209618;0.000213563;0.000195917;0.000191893;0.000188198;0.000237212;0.000194781;0.000207238;0.000200406;0.000210628;0.000204306;0.000223994;0.000201285;0.000220429;0.000217758;0.000219978;0.000215482;0.000203989
485;0.00021033;0.000211474;0.000174157;0.000224393;0.000204738;0.000199158;0.000191502;0.000225101;0.00020346;0.000227276;0.000203919;0.00021217;0.000194583;0.000234272;0.000209816;0.000217605;0.00022234;0.000186343;0.000202294;0.000197589
486;0.000201117;0.000226475;0.000197392;0.000225455;0.000217874;0.000191443;0.000181593;0.000208348;0.000202421;0.000199754;0.000213102;0.000187922;0.000199139;0.000206217;0.000184018;0.000186637;0.000217181;0.000201505;0.00021426;0.00018933
487;0.000183377;0.00024341;0.000190463;0.000198636;0.000195839;0.000200003;0.000191722;0.000212241;0.000215564;0.000205364;0.000180826;0.000194982;0.000215784;0.000192061;0.000188455;0.000191078;0.000189431;0.000190862;0.000211198;0.00022215
488;0.000207074;0.000211366;0.000206895;0.000189386;0.000215877;0.00018796;0.000201568;0.000161845;0.000219103;0.000200707;0.000215445;0.000188377;0.000214741;0.000166316;0.000183053;0.000202898;0.000225056;0.000160798;0.000212055;0.00020574
489;0.000196315;0.000207789;0.000176296;0.000204965;0.000182908;0.000168219;0.000207577;0.000163037;0.000202533;0.000218574;0.000167273;0.000186067;0.00018163;0.000230923;0.000156496;0.000183541;0.000216927;0.000160232;0.000215646;0.000202689
490;0.000213232;0.000179701;0.000170037;0.000190422;0.000165645;0.000217121;0.000199243;0.000184879;0.000215992;0.000200991;0.000164822;0.000201344;0.000186518;0.000194792;0.000190347;0.000212375;0.000186831;0.000204731;0.000228401;0.000216175
491;0.000199109;0.00018068;0.000187892;0.000189696;0.000175118;0.000197094;0.00021163;0.000183035;0.000210196;0.00019668;0.000185091;0.000204355;0.000177376;0.000188202;0.000191685;0.000216786;0.000205778;0.000215333;0.000188783;0.000195902
492;0.000212062;0.000205554;0.000192266;0.00019829;0.000187527;0.00019535;0.000194997;0.000182986;0.000199459;0.00020035;0.000189278;0.000214092;0.000201993;0.000193402;0.000175692;0.000194322;0.00021499;0.00019785;0.00019595;0.000196293
493;0.000226323;0.000232928;0.000180628;0.000181414;0.000236377;0.000179317;0.000203293;0.000218015;0.000188146;0.00016097;0.000186473;0.000188425;0.000176333;0.000189219;0.000171795;0.000212137;0.000210524;0.000193518;0.000208743;0.000202287
494;0.000190429;0.000220712;0.000193361;0.000194259;0.000210129;0.000185132;0.000211339;0.000197943;0.000198144;0.000226159;0.000220116;0.000188652;0.000191305;0.000190899;0.000206996;0.000182431;0.000198122;0.000202078;0.000206981;0.000214927
495;0.000193015;0.000220116;0.000197612;0.00022316;0.00022855;0.000214491;0.000189662;0.000240326;0.000210349;0.000226531;0.000211779;0.000192996;0.000176281;0.000176217;0.000220787;0.000196606;0.000205357;0.000201486;0.000204515;0.000202227
496;0.000198212;0.000211883;0.000224091;0.000206504;0.000235934;0.000229467;0.000229865;0.000217639;0.000200488;0.000209056;0.000225779;0.000219263;0.000194542;0.000196993;0.0001962;0.000198357;0.000215326;0.000199925;0.000201419;0.000220388
497;0.000198733;0.000211816;0.000218015;0.000232641;0.00023054;0.000200029;0.00021835;0.00020368;0.00020108;0.000185065;0.000192538;0.000204753;0.000163816;0.00017868;0.00019253;0.000199419;0.000195228;0.000214979;0.000189953;0.000187237
498;0.000183288;0.00021679;0.000193842;0.000169631;0.000172477;0.000199765;0.000186142;0.000183832;0.00018505;0.000183608;0.000190433;0.000188675;0.000179607;0.00020168;0.000201464;0.000187844;0.000201523;0.000181261;0.000198592;0.000188265
499;0.000166077;0.000216339;0.000168435;0.000173334;0.000203226;0.000162929;0.000171252;0.000179943;0.000179127;0.000174079;0.000191778;0.000200246;0.000164121;0.000168592;0.000188056;0.000181302;0.000202015;0.000188421;0.000176277;0.000189297
500;0.00020884;0.000190094;0.000179633;0.00017364;0.000205364;0.000182867;0.000194531;0.000177357;0.000183664;0.000173204;0.000209585;0.000196066;0.000175387;0.000173803;0.000196606;0.000164501;0.000191614;0.000208799;0.00019075;0.000166219
501;0.000210401;0.000184711;0.000202138;0.000156708;0.000161674;0.000158999;0.00019335;0.000169236;0.000169855;0.000194814;0.000186738;0.000193931;0.000190735;0.000171557;0.000146024;0.000186604;0.000182413;0.000180952;0.000178441;0.000181504
502;0.000192899;0.000173844;0.000183869;0.000160024;0.000167727;0.00016287;0.000177626;0.000125557;0.000193551;0.000173904;0.000138912;0.000213534;0.000156421;0.000173971;0.000166196;0.00018815;0.000165179;0.000181902;0.000182614;0.000155799
503;0.000152271;0.000142924;0.000162274;0.00014852;0.000172995;0.000177544;0.000184603;0.000180107;0.000188626;0.000174098;0.000161756;0.000206698;0.000190124;0.000188101;0.000203382;0.000197571;0.000146933;0.000207581;0.000160746;0.000143938
504;0.000186864;0.000195198;0.000154845;0.000151787;0.000186052;0.000176895;0.000172313;0.000171021;0.000189185;0.000189941;0.000211276;0.00018001;0.000185598;0.00021489;0.000215754;0.000183176;0.000201724;0.000187315;0.000219617;0.000169225
505;0.000183165;0.000176352;0.00019161;0.000196986;0.000156734;0.000155002;0.000168703;0.000161327;0.000196025;0.000179518;0.000178058;0.000188123;0.000184603;0.000203229;0.000192445;0.000199907;0.000181545;0.000200793;0.000169087;0.000187803
506;0.000188977;0.000180513;0.00017776;0.000154875;0.000163913;0.00015438;0.000192385;0.000188444;0.000152823;0.000184301;0.000194613;0.00017561;0.00017086;0.000206821;0.000167388;0.000175264;0.000158057;0.000175044;0.00017463;0.000183441
507;0.000168681;0.000186194;0.00020412;0.000141483;0.000145663;0.000176527;0.000172511;0.000218667;0.0001534;0.000189353;0.000163741;0.000154585;0.000131447;0.000196423;0.000185113;0.000168659;0.000158932;0.000199314;0.000182416;0.000185251
508;0.000170603;0.000172421;0.000199445;0.000196058;0.000177041;0.000177175;0.000192154;0.000175171;0.000176914;0.00019224;0.000158958;0.000164006;0.000169832;0.000150021;0.000183105;0.000159398;0.000162389;0.000119399;0.000187755;0.000164237
509;0.000184879;0.000158943;0.000145439;0.000168845;0.000184529;0.000194591;0.000172019;0.000171658;0.00016848;0.000165205;0.000167698;0.000189025;0.000164162;0.000183795;0.000185266;0.00018524;0.000168044;0.000127021;0.000183724;0.000171609
510;0.000181198;0.000191089;0.000179987;0.000176359;0.000174209;0.000196222;0.000163201;0.000178762;0.000156879;0.000177868;0.00017371;0.00018375;0.000186082;0.000142612;0.000162516;0.000159439;0.000180539;0.000156656;0.000156462;0.000181489
511;0.000174534;0.000193149;0.000179134;0.000184111;0.000174902;0.000169266;0.000161309;0.000176318;0.000175573;0.000163589;0.000140823;0.000155479;0.000188787;0.000143748;0.000156529;0.000161979;0.000145566;0.000155278;0.000154797;0.000191133
512;0.000178859;0.000147995;0.00015666;0.000184003;0.000138875;0.000164639;0.000177987;0.000161644;0.000168759;0.000159539;0.000146955;0.000169333;0.000177871;0.000192221;0.000181861;0.000205722;0.000147302;0.000173382;0.000218812;0.000164784
513;0.000197224;0.000192095;0.000126798;0.000186305;0.000176072;0.000188351;0.00015042;0.000179544;0.000156034;0.000182278;0.000189755;0.000166178;0.000189148;0.000166927;0.000199337;0.000171289;0.000150219;0.000174377;0.00016005;0.000175409
514;0.000160288;0.000161953;0.000191327;0.000189971;0.000193022;0.000181235;0.00015768;0.000189319;0.000147734;0.000172295;0.000178758;0.00015441;0.000168402;0.000148516;0.000160784;0.000154529;0.000172481;0.000179075;0.00016252;0.00016382
515;0.000171013;0.000175364;0.000173196;0.000196833;0.000174113;0.000204191;0.000177916;0.000157915;0.000156194;0.000170425;0.000181209;0.000173081;0.00017887;0.000166077;0.000158295;0.000169847;0.000141576;0.000192415;0.000148702;0.00017542
516;0.000165343;0.000149872;0.000205729;0.000200283;0.000177559;0.00020032;0.000198331;0.000178922;0.000170778;0.00018926;0.000180259;0.000159249;0.000197206;0.00018708;0.000144064;0.000173546;0.000167456;0.000176515;0.000186663;0.00018375
517;0.000149045;0.00016547;0.00014583;0.000163183;0.000204787;0.000170588;0.000174813;0.000175703;0.000186339;0.000169452;0.000170223;0.00017849;0.000187054;0.000184268;0.000177484;0.000188153;0.000166234;0.000199888;0.000158597;0.000186943
518;0.000171699;0.000156336;0.000172924;0.000161208;0.000142034;0.000163149;0.000174917;0.000169925;0.000180908;0.000159342;0.000141926;0.000163767;0.000158049;0.000189364;0.000180922;0.000151113;0.000168413;0.000159718;0.000169836;0.000155143
519;0.000149388;0.000197191;0.000155158;0.000164729;0.000174347;0.000145935;0.00018359;0.000156999;0.000170432;0.000153456;0.000169128;0.000182524;0.000180002;0.000177544;0.000146933;0.000186265;0.000180643;0.000128634;0.00015416;0.000154506
520;0.00017393;0.000167429;0.000167403;0.000146989;0.000169296;0.000164777;0.000181727;0.00016794;0.000147112;0.000172473;0.000175741;0.000171602;0.0001605;0.000185031;0.000160158;0.000157353;0.000180561;0.000171106;0.000174221;0.000164121
521;0.000178043;0.000169925;0.000176925;0.000161551;0.000182103;0.000172049;0.000168212;0.000187956;0.000147119;0.000191603;0.000176482;0.000201803;0.000167049;0.000189673;0.00016778;0.000151832;0.000192136;0.000190534;0.000185613;0.000191528
522;0.000198722;0.000167634;0.000175789;0.000172369;0.000187263;0.000163458;0.000196341;0.000193346;0.000202216;0.000165235;0.000225253;0.000167556;0.000179064;0.000196163;0.000174604;0.000204828;0.00017456;0.000184249;0.000188306;0.000195395
523;0.000170857;0.000183988;0.00018654;0.000185102;0.000169974;0.000160281;0.00014599;0.000188645;0.000187188;0.000182815;0.000178784;0.000173874;0.00018448;0.000177786;0.000163101;0.000186093;0.0001911;0.000198446;0.000190809;0.000186376
524;0.000166643;0.00019246;0.000176322;0.000161473;0.000191435;0.000171565;0.00018888;0.000179965;0.000158567;0.000177894;0.000161376;0.000180785;0.000180166;0.00018134;0.000164434;0.000184312;0.000168718;0.000171095;0.000184838;0.000167653
525;0.000167135;0.000168514;0.000147693;0.000153519;0.000150133;0.000164371;0.000172291;0.000183661;0.000169549;0.000175502;0.000161771;0.000170674;0.000165593;0.000187825;0.000161726;0.000185441;0.000156224;0.000171959;0.000148661;0.000143308
526;0.000150681;0.00015159;0.000184957;0.000152856;0.000154629;0.00015422;0.000151206;0.000177018;0.000150718;0.000165459;0.000155512;0.000169579;0.000166018;0.00016455;0.000156567;0.000168566;0.000175279;0.000158019;0.000171922;0.000127841
527;0.000140514;0.000153635;0.000160195;0.000146702;0.000166368;0.000140823;0.000138853;0.000168554;0.000152733;0.000144258;0.000146784;0.00014637;0.000166539;0.000148132;0.000169158;0.000159316;0.000180215;0.000149775;0.000141844;0.000147223
528;0.000168934;0.000152823;0.000197228;0.000153195;0.000151802;0.000200219;0.00017339;0.000130836;0.000156987;0.000170998;0.000164051;0.000151653;0.000146877;0.000176024;0.000181764;0.000161175;0.00014706;0.000189308;0.000140164;0.000132538
529;0.000178806;0.000166457;0.000169847;0.000163164;0.000161059;0.000165913;0.000153843;0.000165273;0.000173569;0.0001527;0.000174664;0.00018559;0.000178374;0.000167724;0.000168502;0.000147518;0.000150125;0.000164941;0.00014374;0.000123356
530;0.000180505;0.00016097;0.000167787;0.000152297;0.000164043;0.000165876;0.000150241;0.00015663;0.000137217;0.000189491;0.000168245;0.000160504;0.000151251;0.000160746;0.000161972;0.000162374;0.000159666;0.000172768;0.000155754;0.0001476
531;0.000172276;0.000173364;0.000148844;0.000165515;0.000155535;0.000172634;0.000150111;0.000143114;0.000143655;0.000164896;0.000160199;0.000138011;0.000165187;0.000169817;0.000154577;0.000160567;0.000145718;0.000165902;0.000158988;0.000157073
532;0.000201475;0.000151318;0.000136808;0.000157665;0.000155933;0.000158764;0.000169616;0.00018179;0.000145487;0.000181351;0.000138335;0.000167392;0.000189092;0.000168566;0.000178792;0.000163786;0.000168495;0.000185631;0.000154845;0.000149518
533;0.000223417;0.000175476;0.000151876;0.000172514;0.000179693;0.000159256;0.000171293;0.000184167;0.000186466;0.000162337;0.000147697;0.000187382;0.000182685;0.0001802;0.000166856;0.000164274;0.000187553;0.0001911;0.000176139;0.000146989
534;0.000175674;0.000163365;0.000175565;0.000173721;0.000191469;0.000179142;0.000193138;0.000174399;0.000192791;0.000167307;0.000189193;0.000171944;0.000189044;0.00017326;0.000175409;0.000171799;0.000178255;0.000187431;0.000183951;0.000173051
535;0.000168409;0.000171155;0.000164986;0.000165153;0.000153225;0.000191975;0.000175681;0.000178386;0.000167012;0.000149883;0.000178855;0.00016192;0.000157069;0.000154052;0.000161782;0.000166573;0.000173103;0.00016306;0.000179783;0.000175014
536;0.000163667;0.000143342;0.000168957;0.000160817;0.000157319;0.000173841;0.000176564;0.000185639;0.000146843;0.000152633;0.000165284;0.000164341;0.000145424;0.000156749;0.000132211;0.000173911;0.000180516;0.000153642;0.00015942;0.000159051
537;0.000148281;0.000161707;0.000157714;0.000137169;0.000143375;0.000174668;0.000134252;0.000160139;0.000134408;0.000161313;0.000179566;0.000163846;0.000162866;0.000161491;0.000154022;0.000145674;0.000146262;0.000154164;0.000166081;0.000144072
538;0.00017513;0.000149909;0.000161991;0.000174701;0.000153556;0.000177927;0.000162635;0.000145547;0.000176519;0.000165731;0.000165142;0.000180364;0.00017304;0.000153538;0.000176191;0.000171639;0.000171136;0.000158444;0.00016804;0.000149935
539;0.000138398;0.000148714;0.000158496;0.000146531;0.000171315;0.000147484;0.00018419;0.00015875;0.000142891;0.000135902;0.000154912;0.000162169;0.000164084;0.000140615;0.000153631;0.000158712;0.000149902;0.000170987;0.000170358;0.000144657
540;0.000151116;0.000153411;0.00015201;0.000128984;0.000147849;0.000169042;0.000170879;0.000146713;0.000136647;0.000149537;0.000145219;0.000160009;0.00013867;0.000134394;0.000149295;0.000142191;0.000137936;0.000146449;0.0001527;0.000130393
541;0.000154398;0.000138119;0.000152551;0.000138436;0.000152607;0.00014995;0.000152126;0.000136737;0.000140246;0.000178292;0.000133924;0.000165377;0.000145424;0.000132665;0.000159081;0.000136256;0.000143562;0.000152152;0.000138074;0.000151597
542;0.000140887;0.00012951;0.000133522;0.000135195;0.000160698;0.000149723;0.000164982;0.000157446;0.000142075;0.000164572;0.000166208;0.000164382;0.000177935;0.000159964;0.00012935;0.000160012;0.00013331;0.000154484;0.00017323;0.00015159
543;0.00010965;0.000159923;0.000149827;0.000145879;0.000160128;0.000120526;0.000160895;0.000143472;0.000139464;0.000142165;0.000144523;0.00015413;0.000141069;0.00014941;0.00013905;0.000130959;0.000159945;0.000169799;0.000163756;0.00016271
544;0.000151441;0.000151515;0.000143636;0.000106281;0.000161387;0.000151016;0.000140376;0.000162363;0.000129618;0.000126131;0.000140641;0.000158258;0.000126049;0.000148252;0.000140216;0.000179451;0.000144292;0.000116466;0.000137791;0.000142984
545;0.000151571;0.000167564;0.00012482;0.000134405;0.000147708;0.000159055;0.000143237;0.000155922;0.000156078;0.000165723;0.000155184;0.000157546;0.000149004;0.000152133;0.000149585;0.000152916;0.000149902;0.000156753;0.000141911;0.000136405
546;0.000157144;0.000172436;0.000150435;0.000167526;0.000163306;0.000152197;0.000141922;0.000149183;0.000153966;0.000178542;0.000166178;0.000145979;0.000179909;0.000156987;0.00013046;0.000171944;0.000142887;0.000164662;0.000154082;0.000149261
547;0.000189178;0.000192385;0.000199441;0.000191204;0.000179496;0.000161804;0.000178348;0.000185616;0.000178374;0.000182021;0.000176445;0.00016034;0.0001873;0.000163034;0.000156857;0.000185464;0.000187784;0.00018042;0.000185456;0.000163611
548;0.000217922;0.000197537;0.000219412;0.000219621;0.000208292;0.000224072;0.000208396;0.000236683;0.000223983;0.000215415;0.000213064;0.000200946;0.000221927;0.000211474;0.000218172;0.00019433;0.000228502;0.000224434;0.000250302;0.000204004
549;0.000273131;0.000255212;0.000278465;0.000283621;0.000271954;0.00029517;0.000271179;0.000278533;0.000250168;0.000267804;0.000256516;0.000268556;0.000281319;0.000270598;0.000262842;0.000271611;0.000267267;0.000273094;0.000270858;0.000267334
550;0.000312522;0.000280984;0.00028266;0.000287093;0.000304215;0.0002933;0.000298038;0.000289515;0.000294134;0.000280611;0.00029996;0.000307873;0.000293925;0.000300005;0.000290923;0.000295028;0.000311226;0.000296913;0.000301793;0.000274733
551;0.000347458;0.000317335;0.000310279;0.000336595;0.000314742;0.000304915;0.000319451;0.000304073;0.0003215;0.000287533;0.000310563;0.000293627;0.000303067;0.000325732;0.000335835;0.00027886;0.000313461;0.000311561;0.000314586;0.000357322
552;0.000298955;0.000295378;0.000298597;0.000293724;0.000296727;0.000285752;0.000293873;0.000286914;0.000306331;0.000291392;0.000306554;0.000298135;0.000304058;0.000295028;0.000294864;0.000292562;0.000300281;0.000316843;0.000302859;0.000315353
553;0.000324853;0.000341728;0.000321977;0.000320159;0.000338435;0.000319384;0.000315987;0.000312217;0.00031168;0.000308722;0.000324622;0.000319213;0.000325218;0.000339784;0.000307947;0.000316232;0.000321031;0.000345938;0.000328824;0.000347249
554;0.000734821;0.00073491;0.000740021;0.000718281;0.000706613;0.000719145;0.000718728;0.000738487;0.000712857;0.000727281;0.000719696;0.000720188;0.000721008;0.000737846;0.000723019;0.000728905;0.000711188;0.000730112;0.000726849;0.000728369
555;0.004338861;0.004311204;0.0043329;0.004303098;0.004324794;0.004370689;0.004312992;0.004315972;0.004329085;0.004362345;0.00429523;0.004303813;0.004343033;0.00434351;0.004324079;0.004320383;0.004321098;0.004310012;0.004317403;0.004322171
556;0.010252714;0.010190248;0.010234118;0.010213137;0.010200024;0.010238409;0.010200739;0.010184526;0.010231972;0.010250807;0.010135412;0.010226965;0.010221481;0.010254383;0.010193825;0.010192633;0.010201216;0.010207653;0.010223389;0.010194778
557;0.010828972;0.010767221;0.010806561;0.01079464;0.010760784;0.010812759;0.010763645;0.010760546;0.010813713;0.010816813;0.010691643;0.010798931;0.010815382;0.010835886;0.010771036;0.010737181;0.01079917;0.010784149;0.010790586;0.010781765
558;0.008893967;0.008860588;0.008900881;0.008881807;0.008849859;0.008909225;0.008844614;0.008862495;0.008886576;0.008898258;0.008815765;0.008907557;0.008883953;0.008915901;0.008874416;0.008873701;0.008882761;0.008865118;0.008858919;0.008889437
559;0.004924893;0.004937053;0.004912376;0.004941702;0.004887342;0.004964828;0.004950881;0.004935741;0.004955649;0.004963636;0.004909754;0.004942536;0.00491786;0.004933476;0.004944324;0.004913211;0.004921079;0.004923105;0.004927516;0.004927754
560;0.001142979;0.001146197;0.001150995;0.001137465;0.001154631;0.001133323;0.001152247;0.001140714;0.001176506;0.001170337;0.001104951;0.001150429;0.001142293;0.001157552;0.001148522;0.001159459;0.001150459;0.001142472;0.001127273;0.001143366
561;0.000546679;0.000532106;0.000553668;0.000550926;0.000524908;0.000561938;0.000533804;0.000529185;0.000540048;0.000520647;0.000536144;0.000549272;0.000552848;0.00054796;0.000550747;0.000539586;0.000551715;0.000559583;0.000521556;0.000531033
562;0.000334084;0.000335;0.000338785;0.000330068;0.000339165;0.000326335;0.000318401;0.000319988;0.000329062;0.000342503;0.000314206;0.000329413;0.000335336;0.000348836;0.000324361;0.000319056;0.000348285;0.000342645;0.00033655;0.000333712
563;0.00030113;0.000294194;0.000283569;0.000292763;0.000280648;0.00029286;0.00026454;0.000276506;0.000256792;0.000274852;0.0002755;0.000293143;0.00028161;0.000286952;0.000279792;0.000257306;0.000284471;0.000277758;0.000273697;0.000284277
564;0.000329897;0.000327878;0.000339039;0.000324428;0.00031656;0.000328511;0.000303209;0.000318512;0.000315152;0.000320189;0.000325292;0.000331342;0.000309311;0.000342339;0.000323303;0.00031469;0.000343531;0.000321694;0.000311114;0.000299163
565;0.000305176;0.000304684;0.000327639;0.000341751;0.000336841;0.000300616;0.000309922;0.000341274;0.000305966;0.000347219;0.000284903;0.000343457;0.00032866;0.000319168;0.000316098;0.00034114;0.000346974;0.000339448;0.000305519;0.000344388
566;0.000338621;0.000339694;0.00035724;0.000332147;0.000339895;0.000338189;0.000350192;0.000341088;0.000314534;0.00033588;0.000331059;0.000331216;0.000335366;0.000358246;0.000327863;0.000349872;0.000346735;0.000338584;0.000355482;0.000360563
567;0.000281245;0.00029175;0.000290118;0.000288986;0.000282198;0.000300847;0.000296734;0.000294089;0.000290811;0.000280537;0.000311524;0.00028605;0.000289053;0.000309087;0.000267774;0.000276916;0.000287756;0.00028076;0.000304148;0.000287302
568;0.000220288;0.000229005;0.000227068;0.000235375;0.000217013;0.000233684;0.000237182;0.000235606;0.000217397;0.000214078;0.000249445;0.000242125;0.000219397;0.000219803;0.000206321;0.000221349;0.000240061;0.000214774;0.000222016;0.000229988
569;0.00020884;0.000217076;0.000216171;0.000216972;0.000203956;0.000198893;0.000209969;0.000211399;0.00020583;0.000202172;0.000204481;0.000223607;0.000209469;0.00020409;0.000200797;0.000200141;0.000208229;0.000183556;0.000182483;0.000207234
570;0.00021131;0.000177324;0.000186335;0.000199743;0.000187047;0.000190977;0.000193141;0.000166271;0.000202969;0.000151563;0.000195928;0.000186175;0.000200905;0.000201017;0.000197142;0.000200242;0.000180945;0.000188049;0.000186406;0.000223059
571;0.000210948;0.00022538;0.000199415;0.000165958;0.000200476;0.00021458;0.000219021;0.00018828;0.000207204;0.000204545;0.000206642;0.000211019;0.000214301;0.000191279;0.000199508;0.000192881;0.000207908;0.000187181;0.000208184;0.000171419
572;0.000200253;0.000185184;0.0001745;0.000185329;0.000189103;0.00017814;0.000197116;0.000193506;0.000169165;0.000187054;0.000199884;0.000217516;0.00017425;0.000190187;0.000192378;0.000207093;0.000203885;0.000189736;0.000195425;0.000204783
573;0.000164162;0.000164639;0.000176851;0.000176203;0.000163667;0.00017754;0.000185058;0.000180136;0.000177365;0.000182744;0.000193823;0.000203323;0.000164624;0.000186142;0.000178695;0.000151113;0.000159837;0.000164315;0.00016145;0.000184763
574;0.000170317;0.000159912;0.000161923;0.000172492;0.000162531;0.000164166;0.000162676;0.000154618;0.000169393;0.000178777;0.000165276;0.00018768;0.000148591;0.000162724;0.000188366;0.000163786;0.00015939;0.000150859;0.00016135;0.000186864
575;0.000154376;0.000138529;0.000180263;0.000167623;0.000182148;0.000162844;0.000146713;0.000154708;0.00014852;0.000159506;0.000141427;0.00017333;0.000149999;0.000130381;0.000166714;0.000156976;0.000180814;0.00016332;0.000147745;0.000158925
576;0.000178512;0.000164688;0.000178672;0.000179365;0.000128288;0.000151012;0.000124335;0.000152152;0.000130456;0.000170153;0.00016769;0.000144914;0.000130702;0.000145182;0.000160765;0.000135195;0.000148509;0.000157941;0.000128426;0.000160553
577;0.000164412;0.000155579;0.000171304;0.000150554;0.00015315;0.000146259;0.000151642;0.000147343;0.000160355;0.000182606;0.000157777;0.000169996;0.000155929;0.000145968;0.000141859;0.000143327;0.000162471;0.000160623;0.000179689;0.000155527
578;0.000168286;0.000157449;0.000139665;0.000176609;0.000188477;0.000149567;0.000175353;0.000157502;0.000159409;0.000161961;0.000158627;0.000146281;0.000173852;0.000173107;0.00015476;0.000150744;0.000167795;0.000149678;0.000173252;0.000163961
579;0.000178989;0.000158925;0.000157289;0.000180312;0.000191849;0.000164736;0.000165746;0.000191711;0.000178762;0.000174686;0.000163618;0.000166256;0.000175424;0.000168335;0.000164613;0.000179406;0.000168804;0.000162952;0.000178866;0.000190966
580;0.000219557;0.000206459;0.000175457;0.000195269;0.000231087;0.00021252;0.000205707;0.00021198;0.000193749;0.000214349;0.000211008;0.000230111;0.000210378;0.000214711;0.000195567;0.000199825;0.000204928;0.000196792;0.000198014;0.000200745
581;0.000301555;0.000312492;0.000290409;0.000302583;0.000346318;0.00031586;0.000308923;0.00030414;0.000315458;0.000342093;0.000312582;0.000283264;0.000318013;0.000321485;0.000291258;0.000296898;0.000271536;0.000317536;0.000293687;0.000288077
582;0.000399016;0.000399247;0.000407606;0.000401124;0.000397623;0.000392079;0.000402346;0.000409029;0.000414886;0.00039202;0.000363395;0.000401422;0.000388376;0.000393443;0.000384502;0.000388816;0.000409603;0.000397421;0.00040523;0.000389419
583;0.000456847;0.000461191;0.000436254;0.000446931;0.000459529;0.000467874;0.00045225;0.00046289;0.000436977;0.000457756;0.000460573;0.000470527;0.000441693;0.000467233;0.000466786;0.000450723;0.00044933;0.000461318;0.00045681;0.000456057
584;0.000995785;0.000989497;0.001023591;0.001018316;0.001023382;0.001015157;0.001013726;0.001023382;0.001024693;0.001012027;0.001010239;0.001034021;0.001008898;0.001029283;0.001010567;0.00100562;0.001020044;0.001010984;0.001007915;0.001006901
585;0.004954576;0.004958749;0.004961848;0.004973531;0.004983306;0.004971504;0.004936576;0.004984617;0.004976749;0.004963398;0.004949212;0.004955769;0.004929066;0.004987478;0.004991889;0.004971862;0.004989743;0.004971147;0.004963994;0.004983544
586;0.008913994;0.008903742;0.008920908;0.008938074;0.008955956;0.008946419;0.008877039;0.008965492;0.008962393;0.008893967;0.008896828;0.008880854;0.008857489;0.008939743;0.008980989;0.008935452;0.008907557;0.008938074;0.008914471;0.008965254
587;0.011388779;0.011413574;0.011427402;0.011445045;0.011448145;0.01143384;0.011348963;0.011501551;0.011501074;0.011422873;0.011392117;0.011423111;0.011380672;0.011449099;0.011504412;0.011441469;0.011437893;0.011459351;0.01142621;0.01148057
588;0.009465694;0.009466887;0.009493351;0.009502411;0.009543419;0.009503841;0.009483099;0.009537458;0.009554148;0.009480238;0.009505749;0.009482861;0.009427071;0.009530783;0.00954318;0.009512901;0.00950408;0.009502888;0.009518862;0.00955081
589;0.006050348;0.006013036;0.006025672;0.006062746;0.006084323;0.006077051;0.006029129;0.006112933;0.006077409;0.006045461;0.006044507;0.006052971;0.006024122;0.006066442;0.006085753;0.006055474;0.006082296;0.006091118;0.006075859;0.006103992
590;0.002808809;0.002799749;0.002787888;0.002795398;0.002805889;0.002805233;0.002767026;0.00282228;0.002821445;0.002787232;0.002793014;0.002806067;0.002795339;0.002795577;0.002818048;0.002806306;0.002819479;0.002820432;0.002819002;0.002830505
591;0.000891834;0.000898033;0.00086908;0.000885546;0.00090003;0.000892594;0.000872791;0.000878409;0.000880048;0.000877291;0.000876859;0.000892177;0.000884473;0.000894815;0.000898719;0.000888273;0.000903696;0.000900283;0.000905633;0.000898153
592;0.000386938;0.000339754;0.000353381;0.000361256;0.000365131;0.000352658;0.000342019;0.000357814;0.000358969;0.000374638;0.000348061;0.000364937;0.00035727;0.000367604;0.000363298;0.000337541;0.000366211;0.000351861;0.000346668;0.000374101
593;0.000245146;0.000253022;0.000243716;0.000265956;0.000229821;0.000252999;0.00025963;0.000227105;0.000238933;0.00023916;0.000249729;0.000267819;0.00023894;0.000241313;0.000259735;0.0002608;0.000236906;0.00026001;0.000240363;0.000246376
594;0.000187177;0.000202999;0.000183102;0.00018511;0.000185166;0.000169285;0.000173654;0.000173684;0.000204124;0.000172153;0.000202332;0.000198383;0.000206601;0.000180695;0.000213809;0.000196297;0.00019601;0.000149526;0.000180703;0.00019801
595;0.000145387;0.000155333;0.000163253;0.000179492;0.000143666;0.000160217;0.00014928;0.000144199;0.000171687;0.000150703;0.000163794;0.000149664;0.000152417;0.000135489;0.000159707;0.000175055;0.00019623;0.000155315;0.000168439;0.000147812
596;0.000142369;0.00015552;0.00015774;0.00018638;0.000172213;0.000171233;0.000167023;0.000157636;0.000167891;0.000168927;0.000167888;0.000163943;0.000169132;0.000163015;0.000173084;0.000152279;0.000168651;0.000168569;0.000186387;0.000150535
597;0.000237808;0.000243053;0.000245549;0.000240631;0.000270844;0.000268936;0.000264063;0.000225555;0.000234142;0.000232399;0.000226844;0.000250764;0.000249624;0.000232991;0.000228222;0.000222437;0.000232726;0.000248007;0.000258185;0.000226282
598;0.000374347;0.000360034;0.000358373;0.000341929;0.000370383;0.000367165;0.000353456;0.000350654;0.000341788;0.000347063;0.000350282;0.000343733;0.000344835;0.000376917;0.000336997;0.000350513;0.000355221;0.000370808;0.000377744;0.000328355
599;0.000506386;0.000504613;0.000463091;0.000486344;0.000500381;0.000517637;0.000486337;0.000478148;0.000478096;0.000485361;0.00048507;0.000486672;0.000491366;0.000495762;0.000485241;0.000501081;0.000467204;0.000542805;0.000501201;0.00047987
600;0.0005375;0.000518247;0.000556991;0.000544205;0.000564829;0.000545144;0.000524163;0.000555381;0.000503346;0.000516042;0.000554949;0.000534862;0.000535801;0.000544906;0.0005247;0.000552922;0.000541329;0.000544846;0.000536576;0.000542909
601;0.000521794;0.000513345;0.000497624;0.00048624;0.000509709;0.00050576;0.000520602;0.000502616;0.000496477;0.000479706;0.000486739;0.000497207;0.000487894;0.000503227;0.000483975;0.000462532;0.000474565;0.000495151;0.000489816;0.00049752
602;0.000387378;0.000390977;0.000396401;0.000399455;0.000394918;0.000377826;0.000396021;0.000375643;0.000388101;0.000376023;0.00042592;0.000387184;0.000383958;0.00037311;0.000384502;0.000380352;0.000377551;0.000384979;0.000389583;0.000393957
603;0.000327833;0.000327863;0.000321239;0.000325836;0.000332408;0.00032267;0.000322528;0.000293687;0.000335142;0.000314899;0.000346668;0.000295646;0.000321321;0.000311717;0.000308298;0.000297777;0.000311583;0.00032831;0.000313662;0.000317134
604;0.000317886;0.000336625;0.000336893;0.000320077;0.000336707;0.000306033;0.000312582;0.000318222;0.000326753;0.000321142;0.000309117;0.000306584;0.000324674;0.000339314;0.000290759;0.000287071;0.000303023;0.000303693;0.000307858;0.000330731
605;0.000348993;0.00037241;0.000365362;0.000346348;0.000336356;0.000334702;0.000349715;0.000352941;0.000363477;0.000355065;0.000335999;0.000358321;0.000344679;0.000341639;0.000367939;0.000367031;0.000336587;0.000318624;0.000337161;0.00036528
606;0.000367589;0.000401519;0.000404641;0.000360847;0.000375882;0.000346698;0.000366271;0.000382945;0.000384182;0.000372007;0.000394389;0.000382356;0.000357255;0.000359431;0.000378713;0.000378214;0.000376895;0.000374466;0.000388935;0.000377111
607;0.000384718;0.000392132;0.000372753;0.000389524;0.000379726;0.000347517;0.000360638;0.00035926;0.000389986;0.000354245;0.000373781;0.000376604;0.000344358;0.000346728;0.000357859;0.000347018;0.000357434;0.000359543;0.000359654;0.000352345
608;0.000320941;0.000332199;0.000321105;0.000326179;0.00031507;0.000290349;0.000313915;0.000279747;0.000334285;0.000314981;0.000294119;0.000284158;0.000320844;0.000311598;0.000305325;0.000318579;0.000315115;0.000306055;0.000327781;0.000329867
609;0.000250466;0.000276059;0.000250503;0.000279129;0.000257231;0.000218388;0.000236139;0.000263877;0.0002487;0.000258833;0.000243984;0.000269733;0.000269346;0.000262693;0.000259735;0.000268281;0.000252567;0.000252873;0.000250891;0.000272177
610;0.000212289;0.000203248;0.000189591;0.000218097;0.00021977;0.000191402;0.000204448;0.000217795;0.000177391;0.00020045;0.000218727;0.000200752;0.000222143;0.00019794;0.000184473;0.000210498;0.000205338;0.000191994;0.000206053;0.000205945
611;0.000168182;0.000162229;0.000161048;0.000177078;0.000174798;0.00017143;0.00017833;0.000146583;0.000163771;0.000186875;0.000155494;0.000155408;0.000178233;0.000150714;0.000169601;0.000175402;0.000155643;0.000164598;0.000153419;0.000151932
612;0.000141796;0.000144441;0.000148132;0.000113562;0.000140198;0.000143915;0.000130586;0.000187665;0.000134539;0.000160579;0.000128448;0.000139754;0.000141818;0.000157971;0.000144538;0.000131939;0.000148553;0.000127885;0.000125427;0.00014985
613;0.000150524;0.000165295;0.000151347;0.000127666;0.00015356;0.00014611;0.000125334;0.00013217;0.000155278;0.000121215;0.000126828;0.000157699;0.000145782;0.000134911;0.000112208;0.0001115;0.000140548;0.000158798;0.000145279;0.000128794
614;0.000169668;0.00014063;0.000177797;0.000153087;0.000127837;0.000165019;0.000168383;0.000186168;0.000172798;0.000155926;0.000157017;0.000169259;0.000164084;0.00017833;0.000168767;0.000145238;0.00019411;0.000164956;0.000136726;0.000168379
615;0.000169296;0.000197638;0.000176735;0.000146963;0.000181749;0.000190608;0.000135627;0.000136897;0.000195961;0.000193596;0.00018809;0.000175167;0.0001477;0.000161186;0.000178557;0.000178043;0.000154432;0.000169594;0.000178196;0.00017387
616;0.000163525;0.000183433;0.000176009;0.000151683;0.000163116;0.000160575;0.000158612;0.000138279;0.000148807;0.000179999;0.000152789;0.000173863;0.000151969;0.000150215;0.000144653;0.00013575;0.000171781;0.00015622;0.000169933;0.000147372
617;0.000141423;0.000168122;0.000147179;0.000149369;0.000130359;0.000135083;0.000146106;0.00016037;0.000138544;0.000158254;0.000140555;0.000167653;0.000154305;0.000140958;0.000161503;0.000139363;0.00014092;0.000159923;0.00014754;0.000133298
618;0.000122476;0.000151236;0.000146911;0.00014874;0.000140246;0.000130475;0.000126768;0.000161357;0.000137661;0.000177722;0.000116503;0.000164464;0.000134993;0.000158202;0.000171382;0.000117792;0.000150792;0.000153609;0.000128303;0.00015536
619;0.000121981;0.000161741;0.000160359;0.000126474;0.000170693;0.000136036;0.000114081;0.000120236;0.000147998;0.000166249;0.000123516;0.000138685;0.000152584;0.000152562;0.000137132;0.000137761;0.000167381;0.000148565;0.000125282;0.000131283
620;0.000134859;0.000161659;0.000158153;0.000149589;0.000185348;0.000155285;0.000153735;0.000158329;0.000148293;0.000148114;0.000139598;0.000154715;0.000139032;0.000143982;0.000154998;0.000129778;0.000155557;0.000145681;0.000143141;0.000119066
621;0.000133105;0.000207648;0.000166733;0.000200216;0.000169143;0.000150394;0.000158809;0.000168603;0.000172928;0.000188798;0.000124972;0.000167046;0.000184271;0.000162322;0.000178672;0.000185229;0.000138007;0.000125155;0.000162534;0.000158899
622;0.000196047;0.000242092;0.000220452;0.000214554;0.000208281;0.000208121;0.000203371;0.000204798;0.000196885;0.000228729;0.000196658;0.000183169;0.000214543;0.000185665;0.000174064;0.000188004;0.000192273;0.000193179;0.000211157;0.000208281
623;0.00021911;0.000227507;0.000212502;0.000227313;0.000216059;0.000225235;0.000204224;0.000216044;0.000192408;0.00023311;0.000228487;0.000221223;0.000202507;0.000237104;0.000223022;0.000211772;0.000224307;0.000246152;0.00024756;0.000241343
624;0.000229463;0.000248536;0.000230636;0.000195973;0.000221632;0.000240363;0.000195872;0.000230137;0.000239629;0.000212491;0.000209387;0.0002275;0.000229482;0.000186756;0.000228059;0.000212103;0.0002128;0.000212327;0.000224099;0.0002442
625;0.000204511;0.000185415;0.000176445;0.000188515;0.000191707;0.000203561;0.000189375;0.00020713;0.000217412;0.000207167;0.000203054;0.000176851;0.000180744;0.000174485;0.000183083;0.00019376;0.000181209;0.000184521;0.000185311;0.000204321
626;0.000188682;0.000164457;0.000158068;0.000137862;0.000159394;0.00014203;0.000160657;0.000160892;0.000162322;0.000186775;0.000171732;0.00013838;0.000145566;0.000173844;0.000153471;0.000164036;0.000160765;0.00014405;0.000143223;0.000170015
627;0.000133608;0.000158388;0.000144567;0.000127655;0.000115391;0.000123348;0.000133514;0.000142187;0.000133276;0.000153687;0.000148866;0.000120277;0.000124075;0.000155389;0.000128321;0.000166707;0.000136696;0.000126541;0.000137657;0.000149734
628;0.000106582;0.000133339;0.000115089;0.000125404;0.000135064;0.000100993;0.000139862;0.000143915;0.000106333;0.000151109;0.000154559;0.000106307;0.000141039;0.000162721;0.000133943;0.000171319;0.000140294;0.000123374;0.000132222;0.000116387
629;0.000178162;0.000112265;0.000122152;0.000148773;0.000142608;0.000156134;0.000126258;0.000139307;0.000104055;0.000130452;0.000148065;0.000113416;7.44872E-05;0.000113808;0.000125304;0.000142545;9.84911E-05;0.00015166;0.000125367;0.000129476
630;0.000112569;0.000103358;0.000112208;0.000149813;8.02446E-05;0.000125714;0.000185005;0.000112891;0.000111623;0.000111276;0.000139687;0.000112455;0.000134449;0.000145145;0.000111688;0.000145204;0.000107797;0.000139598;0.000131212;0.000111567
631;0.000142269;0.000137225;9.42145E-05;0.00012622;0.000101093;0.000123441;0.000128649;0.000124931;0.000132333;0.000121053;0.000138983;0.000138436;0.000117108;0.000148162;0.000108296;0.0001624;0.000117639;0.000141487;0.000119206;0.000119517
632;0.000145551;0.000125077;0.000144746;0.00014824;0.000125781;0.000152748;0.000138368;0.00015571;0.000135049;0.000125773;0.000117734;0.000134196;0.000146713;0.000124428;0.000112928;0.000148609;0.000131879;0.000138924;0.000123367;0.000138644
633;0.000142518;0.000155576;0.000161503;0.00015004;0.00014583;0.000128746;0.000136007;0.00014291;0.00016034;0.00013189;0.000144869;0.000151027;0.000148438;0.000137392;0.000126854;0.000142317;0.000145447;0.000172868;0.000165954;0.000143733
634;0.000159193;0.000177678;0.000191845;0.000155408;0.00016835;0.000153806;0.000172164;0.000162169;0.000161786;0.000157159;0.000155095;0.000159178;0.000161365;0.000130605;0.000158787;0.000170801;0.000144225;0.000170503;0.000170443;0.000156611
635;0.000169843;0.000191461;0.000184305;0.000185736;0.000152227;0.000192612;0.00021283;0.000171952;0.000179671;0.000173267;0.000172745;0.000177216;0.000182718;0.000157673;0.000181079;0.00020029;0.000165191;0.000174139;0.000189386;0.000202265
636;0.000188299;0.000247702;0.000203595;0.000219867;0.000136983;0.000189491;0.000180837;0.000199512;0.000169978;0.000174474;0.000187732;0.000208031;0.000190366;0.000152733;0.000190355;0.000217199;0.000185736;0.000176731;0.000206564;0.000233855
637;0.000203151;0.000186358;0.00020932;0.000220601;0.000192262;0.000180762;0.000166092;0.000201173;0.000148907;0.000211842;0.000202458;0.000213906;0.000205975;0.000219505;0.000147797;0.000240605;0.000202861;0.000196535;0.000197548;0.000207383
638;0.000202753;0.000131581;0.000174593;0.00019408;0.000174075;0.000178576;0.000192415;0.000189044;0.000200972;0.000149176;0.000183199;0.000174254;0.00017349;0.000179812;0.000163712;0.00022231;0.00019322;0.000154965;0.000137206;0.000168726
639;0.000192925;0.000198897;0.000258163;0.000205368;0.000206999;0.000237573;0.000192773;0.000208564;0.000204477;0.000206236;0.000200804;0.000230439;0.000225276;0.000224769;0.000200335;0.000219934;0.000224303;0.000197854;0.000237368;0.000219658
640;0.000282153;0.000290059;0.00032147;0.000310063;0.000296034;0.0003203;0.000282779;0.000300497;0.000314683;0.000319541;0.000308543;0.000294067;0.000291266;0.000307925;0.000324123;0.000282198;0.000325188;0.000260301;0.000283822;0.000281431
641;0.000352219;0.000358388;0.000368014;0.000382513;0.000372954;0.000394128;0.000359744;0.000365049;0.000373878;0.000368044;0.000379615;0.000379913;0.000366509;0.000382274;0.000361964;0.000351653;0.00038299;0.000377357;0.000372022;0.000379786
642;0.000461034;0.000448182;0.000456497;0.000474267;0.000460878;0.000454955;0.000461094;0.000424236;0.000467025;0.000433564;0.000464953;0.000467271;0.000467919;0.000443578;0.000467665;0.000461042;0.000448376;0.000452012;0.000464082;0.000462271
643;0.000584543;0.000546724;0.000571102;0.000521347;0.000565231;0.000549957;0.000568256;0.000545472;0.000566661;0.000577852;0.000592262;0.000538871;0.000566289;0.000562295;0.000544265;0.000585437;0.000553474;0.000581264;0.000591442;0.000567734
644;0.000648692;0.000621676;0.000633627;0.00067398;0.000636935;0.000638232;0.000591323;0.000677899;0.000610888;0.000621498;0.00067465;0.000637829;0.000646934;0.000612497;0.000639766;0.000632435;0.000596076;0.00064683;0.000628531;0.000616595
645;0.000701219;0.000680298;0.00070031;0.000703484;0.000685245;0.000702918;0.000688076;0.000697762;0.000690758;0.000655487;0.000674427;0.000670195;0.000672162;0.000692621;0.000681937;0.000677615;0.000675187;0.000718266;0.000707343;0.000696003
646;0.000733748;0.000712574;0.000740007;0.000668213;0.000690252;0.000715986;0.000668898;0.000687435;0.000711381;0.000711218;0.000741988;0.000680983;0.000697702;0.000682101;0.00074397;0.000728145;0.000696734;0.000709265;0.00074771;0.000680238
647;0.000573918;0.000565216;0.00056535;0.000540435;0.000526562;0.000566974;0.000546828;0.000549972;0.000552148;0.000597;0.0005586;0.000571117;0.000536248;0.000551283;0.000546202;0.000599146;0.00054124;0.000541672;0.000569448;0.000551611
648;0.000394166;0.000397973;0.00039421;0.000379875;0.00037308;0.000394091;0.000389248;0.000357784;0.00040558;0.00039988;0.000401624;0.000417776;0.000381075;0.000386953;0.000381567;0.000382043;0.000385597;0.000397794;0.000383645;0.000383303
649;0.000276878;0.000230286;0.000260577;0.000262611;0.000218336;0.000246584;0.000275724;0.000249818;0.00024768;0.000273645;0.000236396;0.00027471;0.000270925;0.000245742;0.000238404;0.000268497;0.00025063;0.000266619;0.000248522;0.00023685
650;0.000176806;0.000152744;0.00019962;0.000186518;0.000189576;0.000158817;0.000183664;0.000202484;0.000136081;0.000217065;0.000194322;0.000170242;0.000166077;0.000179332;0.00019519;0.000198267;0.000181403;0.000163104;0.000146434;0.000152908
651;0.000151452;0.000176881;0.000186473;0.000158068;0.000187188;0.000154126;0.00014763;0.00019772;0.000158157;0.000191987;0.000182886;0.000168249;0.000170853;0.000180926;0.000127625;0.000172116;0.00012061;0.000149749;0.000202544;0.000133086
652;0.000164181;0.000111567;0.000148263;0.000185877;0.000158839;0.000116339;0.000168629;0.000112092;0.000162795;0.000173025;0.000216182;0.000142921;0.000173613;0.000201494;0.000168286;0.000169788;0.000163976;0.000142634;0.000138383;0.000136752
653;0.000150487;0.000144638;0.000133615;0.000205077;0.000157248;0.000159815;0.000118431;0.000129975;0.000169538;0.000140652;0.000118516;0.000161193;0.000107909;0.000146694;0.00017358;0.000160404;0.00015565;0.000107009;0.00014193;0.000130314
654;0.000125382;0.000152308;0.000139713;0.000134889;0.000182576;0.000135701;0.000145338;0.000148963;0.000173718;0.000132333;0.000158604;0.000174634;0.00017086;0.000132125;0.000127576;0.000126749;0.00013623;0.000195485;0.000127528;0.000155453
655;0.000156984;0.000140823;0.00015118;0.000148378;0.000187036;0.000198677;0.000186719;0.000171546;0.00018901;0.00015365;0.000126984;0.000177875;0.000175472;0.000189003;0.000173107;0.000178229;0.000185374;0.000184566;0.00015875;0.000162438
656;0.000160001;0.000145227;0.000160284;0.000170752;0.00017916;0.00020624;0.000192259;0.000157312;0.000181835;0.000175033;0.000179298;0.000203907;0.000179753;0.000193868;0.000186428;0.000174753;0.000178687;0.000190862;0.000177301;0.000196561
657;0.000163823;0.000160366;0.000171065;0.000186976;0.000187144;0.000170775;0.000181593;0.000154246;0.000155982;0.000220992;0.000133459;0.000222672;0.000173584;0.000176929;0.000162665;0.000170261;0.000173301;0.000200573;0.000188787;0.000175685
658;0.000162803;0.000173364;0.00017887;0.000198673;0.000239685;0.00018502;0.000128362;0.000164475;0.000148159;0.000207119;0.000156756;0.000193696;0.000181928;0.000191726;0.00018467;0.000211943;0.000200428;0.00021765;0.000152301;0.000161689
659;0.000159159;0.000185188;0.000190195;0.0001931;0.000162832;0.000181306;0.00013952;0.000159461;0.000126425;0.000185888;0.000189252;0.000165883;0.000145968;0.000177007;0.000145994;0.000149764;0.000163607;0.000173647;0.000226226;0.000197392
660;0.000158489;0.000180241;0.000144701;0.000158254;0.000184774;0.000167817;0.000195682;0.000118531;0.000162046;0.000178192;0.000145104;0.000217203;0.00018698;0.000149015;0.000161335;0.000165462;0.000154439;0.000169616;0.000165008;0.000136726
661;0.000136703;0.000145156;0.0001783;0.000121344;0.000144731;0.000121489;0.00015384;0.000171486;0.0001202;0.000134736;0.000193588;0.00016233;0.000197742;0.000152778;0.000214167;0.000161223;0.000162523;0.000153068;0.000155557;0.000146646
662;0.00016991;0.000112901;0.000162136;0.000153154;0.000179827;0.000128292;0.00012223;0.000148896;0.000140399;0.000139724;0.000175923;0.000174195;0.000144642;0.000157155;0.000189025;0.000138704;0.000164565;0.000130374;0.000156529;0.00020152
663;0.000221003;0.0001867;0.000201419;0.000181291;0.000200413;0.000158519;0.000168763;0.000181075;0.000210661;0.000215337;0.000203762;0.00020346;0.000174914;0.000166763;0.000213087;0.000162885;0.000210058;0.000196267;0.00016854;0.000214517
664;0.000222653;0.000202462;0.000248864;0.000189897;0.000234574;0.000197615;0.000230398;0.000195526;0.000233348;0.000231691;0.000225969;0.000225153;0.000211127;0.00022959;0.000239249;0.000207562;0.00024721;0.000239331;0.000189833;0.000216667
665;0.000256136;0.000214733;0.000235826;0.000239804;0.000236992;0.000226248;0.000239167;0.000247248;0.000230305;0.000208672;0.000269406;0.000243057;0.000218853;0.000270531;0.000258081;0.00024467;0.000255205;0.000260033;0.000212155;0.000246249
666;0.000268541;0.000260822;0.000245064;0.000269882;0.000243172;0.00020289;0.000246361;0.000253148;0.000234734;0.000231829;0.000232399;0.000245184;0.000207338;0.00026159;0.000230916;0.000243418;0.000251994;0.000256173;0.000241354;0.000203162
667;0.000228241;0.000212509;0.000179444;0.000277199;0.000231754;0.00024794;0.00023108;0.000221942;0.000214133;0.000203349;0.000244781;0.000247046;0.000243075;0.000206579;0.000212979;0.000242598;0.0002327;0.000242297;0.00023251;0.000278369
668;0.000244319;0.00023941;0.000282198;0.000260852;0.000258394;0.000256926;0.000235774;0.000216957;0.00025893;0.000274591;0.000241391;0.000257552;0.000233706;0.000249416;0.000204895;0.000230115;0.000250161;0.000184834;0.000246011;0.000268131
669;0.000261456;0.00026013;0.000321455;0.000255138;0.000242759;0.000282228;0.000223663;0.000250243;0.000261538;0.000258677;0.000230186;0.00028795;0.000270456;0.000246532;0.000251479;0.000212967;0.000266433;0.000253767;0.000269368;0.000238493
670;0.000290215;0.000258647;0.000288129;0.00029327;0.000279859;0.000265844;0.000250213;0.000280969;0.000286222;0.000270225;0.000254035;0.000266179;0.000267081;0.000259377;0.00028269;0.000265256;0.000272155;0.000256203;0.000267223;0.000261061
671;0.000253722;0.000261381;0.000293739;0.000305772;0.000247888;0.000289604;0.000259042;0.000264406;0.000272118;0.000248261;0.000222791;0.000234954;0.000273973;0.000232123;0.000267111;0.000245489;0.000267766;0.000258714;0.000250362;0.000258885
672;0.000215858;0.000226635;0.000252314;0.000250109;0.000259705;0.000251532;0.000214901;0.000212166;0.00024467;0.00025095;0.00022516;0.000227254;0.000232369;0.000234172;0.000239849;0.000231437;0.000242062;0.000231177;0.000208616;0.000240654
673;0.000204429;0.00019367;0.000195295;0.000155475;0.000227135;0.00020289;0.000174813;0.000158191;0.000222348;0.000239592;0.000206847;0.000213496;0.000186734;0.000199758;0.000234891;0.00022025;0.00016899;0.000203032;0.000203226;0.000173729
674;0.00015768;0.000158597;0.000176743;0.000187069;0.00016832;0.000173822;0.000220641;0.000175998;0.000216506;0.000185095;0.000173975;0.00016221;0.000137378;0.000201575;0.000133943;0.00020273;0.000136778;0.000183579;0.0001834;0.000193667
675;0.000202842;0.00023675;0.000176828;0.000179484;0.000119118;0.000198245;0.000197783;0.000172205;0.00015663;0.000169888;0.000170354;0.000157956;0.000166543;0.000168514;0.000204336;0.000128437;0.000190344;0.000182491;0.00018299;0.000161394
676;0.000134796;0.000157487;0.000168223;0.000171788;0.000145275;0.000208419;0.000199031;0.000188395;0.000165518;0.000164058;0.000194356;0.000218775;0.00014085;0.000211854;0.000159193;0.000172358;0.000154242;0.000178006;0.000211753;0.000209115
677;0.000138197;0.000136625;0.000185009;0.000160106;0.000194475;0.000132177;0.000150762;0.000160541;0.000190377;0.000160899;0.000159182;0.000184767;0.00014763;0.000154499;0.000167463;0.000162706;0.000162829;0.000179641;0.000157155;0.000151638
678;0.000166267;0.000164241;0.00013848;0.000163212;0.00015533;0.000180673;0.000131369;0.000185791;0.000217658;0.000184689;0.000123065;0.000188667;0.000166532;0.000151463;0.000184715;0.000136178;0.000171818;0.000181675;0.000159428;0.000191711
679;0.000151277;0.000199832;0.000200104;0.000207063;0.000162579;0.000229176;0.000174619;0.000195239;0.000226405;0.00019395;0.000165306;0.000223253;0.00021496;0.000198148;0.000248432;0.000184812;0.000222515;0.00023438;0.000210237;0.000213079
680;0.000215326;0.000241622;0.000239175;0.00028719;0.000232734;0.000230853;0.000233326;0.000242423;0.000292972;0.000210933;0.000234827;0.000276893;0.000263058;0.000281848;0.00030718;0.000265174;0.00021508;0.000286549;0.000238609;0.000230242
681;0.00029479;0.000266328;0.000279762;0.000311173;0.000289895;0.000292204;0.000295997;0.000279427;0.000301555;0.000280112;0.000249401;0.000307105;0.000285342;0.000287987;0.000290543;0.0003049;0.000292882;0.000324935;0.000278652;0.000255466
682;0.000288248;0.000255696;0.000280187;0.00027369;0.000281386;0.000267856;0.000324048;0.000304163;0.000284798;0.000269137;0.000279441;0.000301786;0.000308007;0.000270791;0.000362888;0.000268131;0.000344262;0.000282161;0.000280999;0.000270851
683;0.000231784;0.000246756;0.000284702;0.000242941;0.000272669;0.000276327;0.000252187;0.000246257;0.000247829;0.000222273;0.000261277;0.000256747;0.000286259;0.000279166;0.000315681;0.000283934;0.000260435;0.000271589;0.00021372;0.000247478
684;0.000212945;0.00026489;0.000202615;0.000270531;0.000264466;0.00022592;0.000230692;0.000237431;0.000270218;0.000271246;0.000185158;0.000218648;0.000233192;0.000210296;0.000219379;0.000257865;0.000207372;0.00025782;0.000208475;0.000243135
685;0.000171758;0.000224266;0.000208534;0.000188116;0.000211023;0.00019601;0.000188176;0.000173468;0.000232071;0.000166327;0.000218537;0.00017675;0.000224475;0.000214484;0.00020222;0.000201158;0.000190008;0.00021987;0.000191912;0.000195555
686;0.000186328;0.000215195;0.00022183;0.000173356;0.00018185;0.00020979;0.000247359;0.000209078;0.000198599;0.000178251;0.00020352;0.000192896;0.000222918;0.000217833;0.000229392;0.000217874;0.000210643;0.000241026;0.000197891;0.000211783
687;0.000248961;0.000222299;0.000242509;0.000219889;0.00019601;0.000235274;0.000290185;0.000212345;0.000199866;0.000225689;0.000220448;0.000218041;0.000191633;0.000252821;0.000264898;0.000256635;0.000241879;0.000245757;0.000227213;0.000230849
688;0.000323698;0.000321798;0.000309788;0.000312351;0.000308238;0.000311419;0.000319593;0.000295721;0.000325225;0.000350304;0.000302278;0.000340596;0.000271693;0.000299953;0.000328377;0.000344522;0.000308342;0.000326477;0.000328258;0.00033354
689;0.000418171;0.000447951;0.00037916;0.000448741;0.000438005;0.000394002;0.000417583;0.000405848;0.000429168;0.000463694;0.000423566;0.000460155;0.00036414;0.000465296;0.000412419;0.000403166;0.000456735;0.000464328;0.000453115;0.000478916
690;0.000552833;0.000557303;0.000533119;0.000488654;0.000514448;0.000544116;0.000574648;0.000626609;0.00053817;0.000549525;0.000470698;0.000540718;0.000561863;0.000517964;0.000525117;0.000554219;0.000549898;0.000558257;0.00055328;0.000578016
691;0.000491098;0.000570074;0.000483267;0.000528976;0.000567928;0.000588372;0.000609368;0.00049603;0.000500008;0.000539184;0.000551462;0.000529096;0.000482529;0.000536412;0.000519827;0.000585467;0.000576094;0.000535741;0.000551626;0.00058116
692;0.000417374;0.000426017;0.000377499;0.000418663;0.000393547;0.000393324;0.000421219;0.000429638;0.000437818;0.000458948;0.000386678;0.000455618;0.000460491;0.000450023;0.000496835;0.000428624;0.000453621;0.000453539;0.000450231;0.000452921
693;0.000348032;0.000291206;0.00024756;0.000349112;0.000289619;0.00030911;0.000317551;0.000316545;0.000311799;0.000334226;0.000294909;0.000332877;0.00033839;0.000328735;0.000298962;0.000294782;0.000302546;0.000325933;0.000330701;0.00032787
694;0.00024794;0.000251688;0.000216644;0.00025513;0.000210933;0.000247501;0.000200178;0.000228137;0.000248946;0.000236392;0.000219047;0.000212368;0.000237584;0.000238419;0.00024049;0.000174973;0.000222348;0.000267692;0.000227477;0.000225529
695;0.000180867;0.000217568;0.000226974;0.000184432;0.000172138;0.000181966;0.000200313;0.000225671;0.000187792;0.000212003;0.000209954;0.000164978;0.000226762;0.000178147;0.000219613;0.00019151;0.000212461;0.000175882;0.000151977;0.000172332
696;0.000207592;0.000203185;0.000192404;0.000206806;0.000157144;0.000167169;0.000185225;0.000256851;0.000194367;0.000173807;0.000215936;0.000215735;0.000175998;0.000155594;0.000209458;0.000218436;0.000177763;0.000205781;0.00013661;0.000206526
697;0.000165459;0.000208929;0.000187516;0.000206422;0.000218105;0.000168808;0.00017716;0.000178721;0.000216793;0.000154614;0.000212431;0.000173554;0.000205219;0.000174597;0.00018983;0.000188477;0.000198275;0.000234421;0.000198923;0.000198692
698;0.000191789;0.000148583;0.000188701;0.000195641;0.000190545;0.000182785;0.0001936;0.000190809;0.000244003;0.000175886;0.000183526;0.000159588;0.000194341;0.000189342;0.000221517;0.000166833;0.000229262;0.000126578;0.000205521;0.000203189
699;0.000196237;0.000191741;0.000279717;0.00020346;0.000173386;0.000215564;0.000272706;0.000231985;0.000225585;0.000186108;0.000208255;0.00017944;0.000172984;0.000202816;0.000238959;0.000137616;0.000190757;0.000168372;0.00019658;0.000188343
700;0.000212427;0.000127129;0.00022582;0.000192925;0.000174869;0.000204325;0.000140749;0.000256635;0.000152703;0.00019506;0.000246525;0.000196435;0.000152472;0.000140514;0.000200234;0.000211582;0.000256151;0.000179198;0.000214759;0.000196237
701;0.000209078;0.000219736;0.00019715;0.00022573;0.000181958;0.000204481;0.000217594;0.00020602;0.000186056;0.000190452;0.000174202;0.000185605;0.000177357;0.000205815;0.000252046;0.000183761;0.000217963;0.000255212;0.000233144;0.000191372
702;0.000232019;0.000174567;0.000230953;0.00020672;0.000221375;0.000211969;0.000192318;0.000210784;0.000193071;0.000266768;0.000178523;0.000231806;0.000171334;0.000224136;0.000187896;0.000214793;0.000216857;0.000214703;0.00019487;0.000193987
703;0.000188146;0.000211895;0.000167292;0.000222836;0.000231422;0.00016088;0.000214074;0.000222869;0.000200767;0.000234485;0.000214897;0.000232439;0.000164706;0.000201635;0.000233095;0.000228118;0.000142995;0.000279702;0.000190184;0.00018746
704;0.000225421;0.000249989;0.000238143;0.000210237;0.000192661;0.000180766;0.000223372;0.000177454;0.000214692;0.00022833;0.000233475;0.000232771;0.000244878;0.000197288;0.000198949;0.000241108;0.000167035;0.000256434;0.00024274;0.000188295
705;0.000244312;0.000184361;0.000233125;0.000247255;0.000213489;0.000195261;0.000226151;0.000174914;0.000207067;0.000289924;0.000250265;0.000249021;0.000214294;0.000224657;0.000180788;0.000231329;0.000184912;0.000226595;0.000275292;0.000244003
706;0.000218865;0.000235744;0.000214148;0.00022782;0.000248894;0.000160456;0.000191391;0.000198051;0.000184484;0.000219479;0.000258759;0.000226691;0.000168066;0.000180382;0.000212815;0.000202689;0.00022985;0.000219736;0.000244033;0.000252001
707;0.000234026;0.000250876;0.000221122;0.000236042;0.000220496;0.000147808;0.000179347;0.000255406;0.000185706;0.000250116;0.000290766;0.000248767;0.000170786;0.000177979;0.000221252;0.000252753;0.000220496;0.000221863;0.000217363;0.000190377
708;0.000221588;0.000198215;0.000228394;0.000159577;0.000204552;0.000247747;0.000124704;0.000191793;0.000186719;0.000228453;0.000184461;0.000221904;0.000225;0.000172526;0.000180639;0.000293463;0.000188947;0.000220064;0.000244349;0.000194248
709;0.000210911;0.000234712;0.000220858;0.000230923;0.000180062;0.000253312;0.000187013;0.000188202;0.000288635;0.000237748;0.000209659;0.00027211;0.000146639;0.000195254;0.00025221;0.000289164;0.000224516;0.000244342;0.000248894;0.000209469
710;0.000229422;0.000241276;0.000271536;0.000183966;0.000219736;0.000307925;0.000216231;0.000233468;0.000197016;0.000207428;0.000220757;0.000245497;0.000193644;0.000219848;0.000203677;0.000253536;0.000216149;0.000185609;0.000237029;0.000216417
711;0.000232778;0.000202727;0.000263982;0.000215199;0.000198498;0.000266857;0.000173248;0.000278629;0.000236481;0.000187553;0.000217348;0.000228271;0.000238489;0.000251219;0.000236765;0.000202462;0.000216346;0.000208665;0.000244543;0.00015559
712;0.000267804;0.000225522;0.00022579;0.000246383;0.00020618;0.000240207;0.000159658;0.000229031;0.000225622;0.000193574;0.000211425;0.000271678;0.000229329;0.00025095;0.00022589;0.000244729;0.000201229;0.000240762;0.000208125;0.000171449
713;0.000276878;0.000193227;0.000220053;0.000214353;0.000246406;0.000247352;0.000204187;0.000227336;0.000219963;0.00018033;0.000220548;0.000241701;0.000229731;0.000221133;0.000224166;0.000256427;0.000240445;0.000261374;0.000256471;0.000207309
714;0.000247054;0.000181071;0.000226084;0.000237267;0.000253551;0.000236522;0.000244625;0.000260361;0.000259526;0.000218458;0.000233445;0.000206258;0.000229776;0.000199866;0.000223301;0.00028494;0.000283733;0.000246167;0.00028006;0.000204898
715;0.000282921;0.000269935;0.000263147;0.000223972;0.000251465;0.000271074;0.000252299;0.000225276;0.000257432;0.000258319;0.000244722;0.000268586;0.000263311;0.000224702;0.000245243;0.000227101;0.000239883;0.000293791;0.000255436;0.000245124
716;0.000188708;0.0002653;0.000298746;0.000240132;0.000255115;0.000201311;0.000254378;0.00021179;0.000212438;0.000233486;0.000247665;0.000299595;0.000220671;0.00021293;0.000226602;0.000260249;0.000274494;0.000223961;0.000262968;0.00026124
717;0.000205271;0.000185054;0.000227254;0.000220172;0.000235192;0.000263311;0.0002845;0.000317559;0.000196025;0.000225503;0.000222418;0.000263028;0.000217609;0.000199068;0.000289187;0.000176657;0.000295192;0.000195883;0.000288568;0.000273086
718;0.000227723;0.000260063;0.000245482;0.000218503;0.000264831;0.000247739;0.00024911;0.000299267;0.000310689;0.000236586;0.000274934;0.000245847;0.000217285;0.000237279;0.000215579;0.000220463;0.000275657;0.00030943;0.000295848;0.000199284
719;0.000267826;0.000315137;0.000286125;0.000231739;0.000309885;0.000237223;0.000249602;0.000283703;0.00028687;0.000250705;0.000256889;0.000260122;0.000281945;0.000254855;0.000184305;0.000255756;0.000213139;0.000279129;0.000313476;0.000234663
720;0.000345208;0.000375248;0.000369951;0.000385888;0.000355534;0.000419244;0.000396401;0.000397608;0.000430256;0.000360429;0.000345029;0.000344411;0.000437245;0.000341073;0.000343718;0.000371955;0.000403129;0.000328265;0.000449598;0.000372253
721;0.000575423;0.000626549;0.000611678;0.00062108;0.000629663;0.00063777;0.000651687;0.000649035;0.000635192;0.000585288;0.000600994;0.000580594;0.0006762;0.000612184;0.000648886;0.000620142;0.000604182;0.000611752;0.000617117;0.000599936
722;0.000751227;0.000786081;0.000783503;0.000728175;0.000787914;0.000790551;0.00084728;0.000815347;0.000814915;0.000752777;0.000780165;0.000784576;0.000818178;0.000803024;0.000822142;0.000752404;0.00078325;0.000780016;0.000745639;0.000778466
723;0.000783041;0.00079985;0.000734329;0.000679329;0.000757977;0.000779778;0.000769734;0.000778601;0.000804961;0.000750437;0.00070484;0.000779644;0.000738367;0.000806883;0.000762314;0.00071232;0.000775933;0.000758395;0.000752434;0.000755936
724;0.000632733;0.000625953;0.000578985;0.000581637;0.000612229;0.000661284;0.000623167;0.000629395;0.000635996;0.000647962;0.000614792;0.000621215;0.000583947;0.000620186;0.000621989;0.000613138;0.000635326;0.000576302;0.000634;0.000656217
725;0.000437789;0.000452906;0.000404194;0.000398092;0.000396796;0.000349149;0.0004199;0.000454642;0.000466451;0.000418752;0.000468209;0.000460751;0.000441998;0.000422344;0.000355482;0.000494376;0.000421308;0.000426956;0.000462778;0.000459529
726;0.00033804;0.000372186;0.000420623;0.000326999;0.000350364;0.000305019;0.000331312;0.000436306;0.000357985;0.000341043;0.000336893;0.000358522;0.000373363;0.000305459;0.000344157;0.000357457;0.000325494;0.000343606;0.000337876;0.000336476
727;0.000526428;0.000552908;0.000520468;0.000475705;0.000495136;0.000507444;0.000463769;0.000515446;0.000515416;0.000503346;0.000508711;0.000512198;0.000512406;0.000554979;0.000531435;0.000547975;0.0004877;0.000517935;0.000506461;0.00053823
728;0.000681847;0.000650108;0.000646845;0.000635728;0.000658616;0.000667721;0.00065124;0.000666216;0.000637144;0.000667647;0.000634775;0.000666127;0.000666842;0.000643849;0.000700369;0.00065212;0.000689313;0.000688046;0.000637904;0.000716627
729;0.000691354;0.000696003;0.000662997;0.000675619;0.000700593;0.000676319;0.000747979;0.000680506;0.000602573;0.000694886;0.000706226;0.00065501;0.000723407;0.00068073;0.000750557;0.000698134;0.000690863;0.000698581;0.000692561;0.000700861
730;0.000665903;0.0005963;0.000654906;0.000607863;0.000591204;0.000606298;0.000605509;0.000589564;0.000528872;0.000651315;0.000665829;0.00059244;0.0006565;0.000538483;0.000668973;0.000608385;0.000661239;0.000614002;0.000610709;0.000591666
731;0.000489727;0.000474438;0.000477508;0.000442393;0.000441;0.000456862;0.000508308;0.000491783;0.000448465;0.000519201;0.000479199;0.000455856;0.000471599;0.000439718;0.000430204;0.000462942;0.000519663;0.000512287;0.000491053;0.0005119
732;0.000373378;0.000305153;0.000371195;0.000413224;0.000362061;0.000311926;0.000383444;0.000399128;0.000422992;0.000336982;0.000363111;0.000321694;0.000381999;0.000370361;0.000358939;0.000366651;0.00030861;0.000378586;0.000411943;0.000388041
733;0.00034903;0.000317454;0.000391759;0.000387892;0.000425629;0.000326201;0.000355557;0.000350714;0.00029853;0.000351414;0.000364549;0.000344768;0.000322029;0.000323296;0.000389747;0.000375018;0.000343338;0.000381693;0.00035169;0.000320882
734;0.000361979;0.000329167;0.000373155;0.000381745;0.000385471;0.000326373;0.000317067;0.000398442;0.000381276;0.000434138;0.000414222;0.000367425;0.000407286;0.000337809;0.000317089;0.000364251;0.000340775;0.000441924;0.000389703;0.000398099
735;0.000467233;0.000391863;0.000399791;0.000497326;0.000449628;0.000364259;0.000372566;0.000377581;0.000430137;0.000451133;0.000386596;0.000444919;0.000314035;0.000397198;0.000378005;0.000385262;0.000326626;0.000411451;0.000382386;0.000422679
736;0.000399299;0.000399619;0.000399753;0.000451133;0.000405721;0.000382073;0.000459;0.000406191;0.000425734;0.000425987;0.000397198;0.000416867;0.000401959;0.000471719;0.00043831;0.00038784;0.000410073;0.000422165;0.000429623;0.000433765
737;0.000500262;0.000400782;0.000451274;0.000478759;0.000432894;0.000415124;0.000465512;0.000482902;0.00040748;0.000425026;0.000417471;0.000423066;0.00042852;0.000422306;0.000434384;0.000436462;0.000408828;0.000431135;0.000478111;0.000429474
738;0.000468157;0.000365615;0.000409134;0.000425883;0.000408992;0.000418611;0.000445686;0.000506744;0.000466011;0.00043273;0.00045085;0.000450701;0.000409983;0.000443541;0.000384055;0.000492021;0.00041163;0.000386499;0.0004583;0.000448048
739;0.00043273;0.000404358;0.000392124;0.000457339;0.00040976;0.000458777;0.000430807;0.000507519;0.000436142;0.000495657;0.000458933;0.000509113;0.000439569;0.000409923;0.000366017;0.000481442;0.000439882;0.000426896;0.000413775;0.000451706
740;0.000464372;0.000510603;0.000421755;0.000503153;0.000481054;0.000438981;0.000542134;0.000463195;0.000497475;0.00050275;0.000481352;0.00053823;0.000498757;0.000483274;0.000470296;0.000520244;0.000505716;0.000482872;0.000475742;0.000442281
741;0.000587717;0.000660092;0.000535741;0.000636518;0.000581071;0.000483215;0.000619009;0.000584334;0.000611126;0.000637606;0.000561014;0.000656843;0.00058116;0.000621393;0.000578269;0.000667885;0.000559315;0.000614792;0.000619605;0.000622764
742;0.000728294;0.000727519;0.000737548;0.000761971;0.000727147;0.00070402;0.0006942;0.000771224;0.000640616;0.000732392;0.000725687;0.000747949;0.0008059;0.000750825;0.000754535;0.000823244;0.000737354;0.000705168;0.000792012;0.000723556
743;0.000696987;0.000710979;0.000692338;0.000704631;0.000753179;0.000669152;0.00071688;0.00074099;0.000756949;0.000706688;0.000776991;0.000726715;0.000681028;0.000748321;0.00063467;0.000772819;0.000738129;0.000779375;0.000757858;0.000705585
744;0.000746891;0.000681832;0.000729099;0.000699133;0.000704363;0.000695392;0.000659049;0.000718623;0.000635177;0.000724047;0.000679135;0.000639915;0.000671417;0.000662893;0.000723392;0.000685617;0.000768289;0.000700369;0.000765145;0.000711799
745;0.000616372;0.000680491;0.000629917;0.000545919;0.00063704;0.000599489;0.000638947;0.000610426;0.000622287;0.000654534;0.000632554;0.000593618;0.000641406;0.000650212;0.000608936;0.000610217;0.000612259;0.000621215;0.000621498;0.000670329
746;0.00067018;0.000703707;0.000676036;0.000638619;0.000654802;0.000670224;0.000709742;0.000712782;0.000627503;0.000752851;0.000713393;0.000635445;0.000698358;0.000699013;0.000710249;0.000707746;0.000712872;0.000660077;0.000710398;0.000752553
747;0.001061618;0.001076519;0.00104028;0.000974327;0.000961542;0.001011223;0.001100987;0.0010719;0.001014978;0.001056284;0.001026809;0.001010776;0.00105536;0.001036137;0.001061887;0.001095802;0.001042336;0.001033664;0.001064092;0.001042634
748;0.001451552;0.001446605;0.001356065;0.001410067;0.001389146;0.001398444;0.001472086;0.001458347;0.001427829;0.001444191;0.001405239;0.001433194;0.001488656;0.001407295;0.00145188;0.001451045;0.001457661;0.001453102;0.001408756;0.001468241
749;0.001553535;0.001539588;0.001464576;0.001538217;0.001542687;0.001579732;0.001519084;0.001480967;0.001508236;0.001562685;0.001469225;0.001530617;0.001469433;0.001540005;0.001559108;0.001442611;0.001568913;0.001577199;0.001576841;0.001524687
750;0.001454234;0.001410186;0.001470715;0.001384765;0.001400143;0.001436472;0.001470983;0.001339227;0.001426578;0.001434743;0.001464069;0.001498252;0.001316369;0.001464128;0.001395077;0.001424283;0.001433641;0.001412332;0.001394808;0.001467466
751;0.001124442;0.001205474;0.001099586;0.001163185;0.001181662;0.001214087;0.001214236;0.001221061;0.001104146;0.001208544;0.001061648;0.00118193;0.0011518;0.001150817;0.001152366;0.001007169;0.001098871;0.001155645;0.001149684;0.001152307
752;0.000992954;0.00093919;0.001017153;0.001041383;0.001047015;0.001011223;0.001048923;0.001058936;0.000970811;0.001049191;0.000967085;0.001062602;0.000972331;0.001013994;0.000986665;0.000975698;0.001004696;0.000947684;0.00104329;0.001084685
753;0.001042843;0.001051009;0.00114581;0.001060992;0.001056135;0.001060396;0.00107038;0.001114905;0.001128167;0.001121581;0.000997901;0.001041591;0.001085043;0.001106888;0.001039505;0.000982821;0.001107156;0.00103265;0.00108099;0.001056224
754;0.001323491;0.001320541;0.001380593;0.001295745;0.001280159;0.001305401;0.00124386;0.001312524;0.001278251;0.001340389;0.001213491;0.001353681;0.001345515;0.001302361;0.001298875;0.001219541;0.001315713;0.00123632;0.001272798;0.001241803
755;0.002179384;0.002081275;0.002170742;0.002097189;0.002093434;0.002081037;0.002061963;0.002100766;0.0020805;0.002141058;0.002120972;0.002131879;0.002096713;0.002031088;0.002096176;0.002061009;0.002170205;0.002044141;0.002137303;0.002056479
756;0.017320633;0.017287731;0.017305374;0.017273426;0.017240524;0.017197609;0.017263412;0.017271042;0.017177582;0.017336369;0.017282009;0.017248631;0.017234325;0.017240047;0.017149448;0.017329216;0.017172337;0.01709795;0.017364502;0.017160892
757;0.088184357;0.088111877;0.087919235;0.087808609;0.087913513;0.087715149;0.087863922;0.087753296;0.087562561;0.08833313;0.087850571;0.087881088;0.08798027;0.08801651;0.087467194;0.087797165;0.087266922;0.087263107;0.087991714;0.087537766
758;0.311203003;0.31061554;0.310180664;0.309814453;0.310157776;0.309593201;0.310264587;0.309822083;0.309074402;0.311294556;0.309791565;0.310249329;0.310295105;0.31036377;0.308456421;0.309585571;0.30809021;0.308059692;0.310142517;0.308555603
759;0.62727356;0.626174927;0.625442505;0.624649048;0.625152588;0.624542236;0.625350952;0.624252319;0.622970581;0.62727356;0.624649048;0.625213623;0.625595093;0.625671387;0.622039795;0.624130249;0.621047974;0.621078491;0.625366211;0.622314453
760;0.681121826;0.680084229;0.679244995;0.678482056;0.678924561;0.678436279;0.679138184;0.67767334;0.676467896;0.681335449;0.678039551;0.679077148;0.679336548;0.679244995;0.675369263;0.67755127;0.674468994;0.674362183;0.679107666;0.676147461
761;0.542037964;0.541091919;0.540527344;0.54006958;0.540267944;0.539978027;0.540649414;0.539535522;0.538284302;0.542419434;0.539672852;0.540466309;0.540924072;0.540664673;0.537475586;0.539306641;0.536773682;0.536895752;0.540420532;0.537902832
762;0.320854187;0.320426941;0.319976807;0.319763184;0.319641113;0.319824219;0.319770813;0.319190979;0.318916321;0.321151733;0.319412231;0.319877625;0.320213318;0.320198059;0.318359375;0.319099426;0.317710876;0.317848206;0.31980896;0.318466187
763;0.108186722;0.108016968;0.108026505;0.107843399;0.107898712;0.107912064;0.107822418;0.107614517;0.1074543;0.108354568;0.107803345;0.107879639;0.107952118;0.107931137;0.107448578;0.107597351;0.107175827;0.10726738;0.107910156;0.107414246
764;0.030584335;0.030530453;0.030510426;0.030509472;0.030500889;0.030563831;0.030623913;0.030406475;0.030391693;0.030653477;0.030566692;0.030536175;0.030576229;0.030639172;0.030389309;0.030440331;0.03031683;0.030365467;0.030608654;0.030470371
765;0.01502347;0.014968157;0.014962912;0.015003681;0.014938116;0.014992952;0.015005589;0.014845133;0.014841557;0.015105724;0.014929533;0.015042305;0.014954805;0.015063047;0.01484704;0.014913797;0.014837742;0.014873266;0.01509738;0.014877081
766;0.015407324;0.015607357;0.015627384;0.015447855;0.015397549;0.015418291;0.015507698;0.015440464;0.015488386;0.015574455;0.015473127;0.015422106;0.015366077;0.015580416;0.015320778;0.015617132;0.015385151;0.015398741;0.015585661;0.01540184
767;0.044418335;0.044190407;0.044247627;0.044140816;0.044244766;0.044335365;0.044394493;0.044231415;0.044198036;0.04437542;0.044176102;0.044243813;0.044344902;0.044343948;0.044168472;0.044226646;0.044052124;0.043966293;0.04434967;0.044075966
768;0.087583542;0.08728981;0.0872612;0.087108612;0.087083817;0.087396622;0.087190628;0.086936951;0.087110519;0.087572098;0.087011337;0.087310791;0.087282181;0.087316513;0.086791992;0.086950302;0.086698532;0.086788177;0.087257385;0.086818695
769;0.098716736;0.098371506;0.098463058;0.098215103;0.098106384;0.098413467;0.098209381;0.09793663;0.09797287;0.098825455;0.098089218;0.098478317;0.098327637;0.098423004;0.09778595;0.09784317;0.09777832;0.097677231;0.098205566;0.097984314
770;0.082450867;0.082454681;0.082389832;0.082258224;0.082025528;0.082363129;0.082300186;0.082010269;0.08212471;0.08259964;0.082136154;0.082468033;0.082372665;0.082170486;0.081945419;0.082069397;0.081930161;0.081899643;0.082187653;0.082012177
771;0.051333427;0.051184654;0.051243782;0.051119804;0.051060677;0.051184654;0.051122665;0.0509758;0.05104351;0.051411629;0.05102253;0.051187515;0.051203728;0.051235199;0.050937653;0.050983429;0.050889969;0.050999641;0.051188469;0.05106163
772;0.020411491;0.02037859;0.020485401;0.02051115;0.020321369;0.02031374;0.020299911;0.020331383;0.020335674;0.020451069;0.02028513;0.020398617;0.020510674;0.020469666;0.020292759;0.020343304;0.020217419;0.020370007;0.020368099;0.020295143
773;0.00799036;0.007994652;0.008168221;0.008064508;0.007951975;0.008044481;0.007937193;0.007932901;0.0079813;0.008055687;0.007936239;0.008044481;0.008006811;0.008042812;0.007999182;0.008002281;0.007953405;0.007935047;0.00794363;0.007952452
774;0.005240083;0.005146146;0.005242109;0.005168915;0.005048752;0.005245447;0.005170345;0.005044341;0.005156398;0.005253077;0.005106568;0.005266309;0.005247235;0.005149722;0.005162597;0.005173445;0.005181313;0.005111694;0.005161881;0.005124807
775;0.003681421;0.003689408;0.003641248;0.003584862;0.003504336;0.003612101;0.003556132;0.003626049;0.003537178;0.003684342;0.003553629;0.003664672;0.003748417;0.003579438;0.00362426;0.0035097;0.003572404;0.003441989;0.00371933;0.003614366
776;0.002619326;0.002637386;0.002792418;0.002731085;0.00256747;0.002635002;0.002692282;0.002786517;0.002813995;0.002648532;0.002762318;0.002612472;0.002678752;0.002697647;0.002584517;0.002618849;0.002522171;0.002779305;0.002779126;0.00269717
777;0.002102375;0.002097428;0.002099276;0.002105892;0.001914829;0.002203584;0.001967192;0.002085268;0.002229035;0.002175212;0.001968682;0.002098441;0.001943499;0.001995862;0.001923233;0.002178013;0.002060473;0.00207597;0.001958072;0.002178192
778;0.001880109;0.001763344;0.001849055;0.00170669;0.001808167;0.001903147;0.001958728;0.001755744;0.001669765;0.00187844;0.001954794;0.001874328;0.00189209;0.001845479;0.00174576;0.001816034;0.001746625;0.001835465;0.001830846;0.001801521
779;0.001869708;0.001781166;0.001914918;0.001826346;0.001856208;0.001846731;0.001684219;0.002036929;0.00181371;0.0017685;0.001861423;0.001859874;0.001828134;0.001988471;0.001725823;0.00191626;0.001750678;0.001846075;0.001853496;0.001748085
780;0.001772016;0.001776367;0.001817137;0.001870871;0.001827091;0.001764417;0.001855433;0.001866549;0.001968026;0.001925498;0.001812398;0.001732081;0.001841098;0.001915932;0.00183931;0.001947165;0.001708061;0.001780391;0.001793474;0.001778096
