380;0.000486025;0.000245138;0.000174985;0.000216615;0.000172737;0.000537508;7.09276E-05;4.73836E-05
381;0.000197962;9.3967E-05;0.000137051;0.000157394;0.000175942;0.000309646;3.05166E-05;4.70507E-05
382;0.000210692;0.000128306;0.000184816;0.000248363;0.000138566;0.000299421;3.45438E-05;5.8127E-05
383;0.000178095;0.000134909;0.00016849;0.00010938;0.000134818;0.000337517;5.60416E-05;3.0428E-05
384;0.00022292;0.000130999;0.000102031;0.000135584;0.000122034;0.00037709;3.46561E-05;3.63526E-05
385;0.00051482;4.56557E-05;0.000111538;0.000136361;7.26412E-05;0.000170524;2.88292E-05;2.82943E-05
386;0.000299905;6.53218E-05;0.0001581;0.000229219;8.41004E-05;0.000353301;2.14922E-05;2.89793E-05
387;0.000299581;3.01438E-05;0.000103632;0.000107448;0.000118958;0.00032916;3.12321E-05;3.80098E-05
388;0.000120747;2.33064E-05;0.000143118;0.0001536;8.72082E-05;0.000179897;3.2892E-05;3.15928E-05
389;0.000201773;2.94127E-05;8.18432E-05;5.40604E-05;8.74282E-05;0.000245998;2.41664E-05;3.13499E-05
390;0.00023909;7.912E-05;0.000100281;0.000114624;9.26002E-05;0.000219728;3.56219E-05;3.17537E-05
391;0.000120185;4.9576E-05;7.88949E-05;0.000221111;9.94662E-05;8.1257E-05;4.05034E-05;3.51118E-05
392;0.000238325;1.93642E-05;0.000104382;0.0001057;9.00872E-05;0.000268517;2.89456E-05;1.72339E-05
393;0.000267578;2.48333E-05;8.39391E-05;0.00013943;7.63105E-05;0.000296016;2.6117E-05;1.28034E-05
394;0.000293885;3.57222E-05;7.91603E-05;7.40767E-05;4.04168E-05;0.000204295;3.89449E-05;4.63441E-05
395;0.000143767;4.76685E-05;0.000101608;7.90979E-05;5.32965E-05;0.000170718;2.24499E-05;3.27671E-05
396;0.000266479;1.56514E-05;5.36225E-05;0.000111282;9.75481E-05;0.000178035;2.22025E-05;1.73313E-05
397;4.7297E-05;3.93303E-05;8.59653E-05;0.000102863;0.000101701;0.000162779;1.83683E-05;1.98191E-05
398;0.00039422;6.67417E-05;6.64916E-05;0.00010491;3.03316E-05;0.000123244;2.75544E-05;2.75791E-05
399;0.000229815;0.000135613;8.65825E-05;0.000108768;5.96601E-05;0.000181137;1.88091E-05;2.37227E-05
400;0.00013678;5.43455E-05;6.95853E-05;6.50674E-05;9.54855E-05;9.76675E-05;1.90524E-05;1.75926E-05
401;1.51928E-05;5.05534E-05;9.12685E-05;9.79298E-05;5.84169E-05;0.000274995;1.17072E-05;2.71775E-05
402;0.000158448;2.58794E-05;7.87627E-05;9.63335E-05;8.03581E-05;0.000290934;2.45701E-05;2.465E-05
403;0.000135814;8.31957E-05;7.20726E-05;8.45025E-05;8.22164E-05;0.000224194;2.03361E-05;2.52547E-05
404;0.000165081;3.79654E-05;7.19241E-05;8.67903E-05;7.4782E-05;0.00018248;2.32804E-05;2.20512E-05
405;0.000179422;6.19109E-05;7.57625E-05;9.08612E-05;6.11053E-05;0.00017324;2.64668E-05;2.00526E-05
406;0.000184819;5.60416E-05;5.02126E-05;8.94032E-05;6.9169E-05;0.000136171;2.62854E-05;1.75242E-05
407;0.000143259;5.67477E-05;5.80879E-05;0.000101883;5.62799E-05;0.000171432;1.96471E-05;3.14878E-05
408;9.53455E-05;6.63931E-05;7.98828E-05;0.000122228;4.85372E-05;0.000195167;1.96879E-05;2.14177E-05
409;9.04295E-05;5.42391E-05;3.46157E-05;0.00012279;5.73211E-05;0.000147261;2.08686E-05;2.99953E-05
410;0.000138205;6.21931E-05;7.48992E-05;0.00012254;5.58941E-05;0.000273305;2.09843E-05;2.60007E-05
411;0.00010993;6.48742E-05;6.70548E-05;7.93708E-05;6.49375E-05;0.000265564;2.35069E-05;1.69961E-05
412;0.000176503;6.83305E-05;6.23795E-05;0.000100973;8.43785E-05;0.000166479;2.32293E-05;2.39502E-05
413;0.000145398;4.19533E-05;7.68872E-05;0.000102679;8.62156E-05;0.000182874;2.23674E-05;2.04617E-05
414;0.000184418;8.73665E-05;6.10788E-05;9.45066E-05;6.12709E-05;0.00016028;1.68586E-05;2.02233E-05
415;7.5055E-05;3.5903E-05;6.27335E-05;9.82026E-05;6.19592E-05;0.000146664;1.75461E-05;2.85828E-05
416;0.000158166;3.39545E-05;7.93959E-05;8.76177E-05;6.77212E-05;0.000137994;2.05518E-05;2.1075E-05
417;9.90894E-05;4.50765E-05;7.17509E-05;0.000104728;6.6565E-05;0.000190706;1.96788E-05;2.25053E-05
418;0.000106458;5.3729E-05;4.87583E-05;0.000143703;7.66182E-05;0.000160244;2.0706E-05;2.62727E-05
419;0.000147177;3.67741E-05;4.80603E-05;0.000141723;5.01725E-05;0.000151833;2.13599E-05;3.12573E-05
420;0.000175302;2.72276E-05;6.33241E-05;6.56523E-05;7.4044E-05;0.000181785;2.16368E-05;2.17114E-05
421;0.000150008;7.38569E-05;6.45967E-05;6.38695E-05;7.0373E-05;0.000181472;2.23631E-05;2.87777E-05
422;0.000183235;4.72501E-05;6.08976E-05;0.000101361;6.88369E-05;0.000141399;2.40319E-05;2.97772E-05
423;0.000165826;8.21873E-05;8.66776E-05;9.32055E-05;7.26593E-05;0.000161855;1.78986E-05;2.63484E-05
424;9.1036E-05;8.53823E-05;7.88758E-05;0.000114005;6.3012E-05;0.000133647;2.37928E-05;2.25805E-05
425;0.000191599;9.65431E-05;5.33267E-05;8.33042E-05;7.91338E-05;0.000186374;2.62849E-05;1.86495E-05
426;0.000201222;8.87709E-05;5.93571E-05;9.01003E-05;8.37247E-05;0.000159393;2.34369E-05;2.58285E-05
427;0.000180738;6.87728E-05;7.21557E-05;9.16824E-05;6.87762E-05;0.000121937;2.60489E-05;2.86553E-05
428;0.000268715;7.1501E-05;6.79356E-05;0.000109284;6.07402E-05;0.000193231;2.63152E-05;2.63342E-05
429;5.47734E-05;6.56307E-05;9.72107E-05;0.000103457;7.62818E-05;0.000126505;2.76037E-05;3.05475E-05
430;0.000135739;4.63428E-05;4.78915E-05;0.000104726;7.85664E-05;0.000162255;2.64207E-05;2.46824E-05
431;0.00018394;3.36079E-05;4.16166E-05;9.1464E-05;9.39448E-05;0.000151008;2.62241E-05;2.60645E-05
432;9.75289E-05;0.00010792;7.50045E-05;0.000101889;9.64899E-05;0.00017181;2.37177E-05;2.67735E-05
433;0.000181943;5.82656E-05;6.63438E-05;8.53543E-05;7.44347E-05;0.000166313;1.70468E-05;2.28775E-05
434;0.000114456;7.37188E-05;7.04341E-05;9.53868E-05;7.17773E-05;0.000109435;1.90255E-05;2.20186E-05
435;9.54302E-05;6.94089E-05;5.82134E-05;0.000102722;7.95571E-05;0.000124282;2.15299E-05;2.66397E-05
436;0.00026398;5.20873E-05;6.30595E-05;9.02567E-05;8.53881E-05;0.000184012;2.86741E-05;2.70053E-05
437;0.000164065;5.39185E-05;6.47107E-05;6.96854E-05;5.88864E-05;0.000180038;3.60084E-05;2.91287E-05
438;8.39926E-05;8.43605E-05;7.6638E-05;9.71921E-05;7.37825E-05;0.000181642;3.09174E-05;2.5309E-05
439;8.80281E-05;3.13567E-05;7.21092E-05;9.90858E-05;7.92946E-05;0.000201456;2.91906E-05;2.51102E-05
440;0.000198375;4.42159E-05;8.74503E-05;0.00010764;8.47867E-05;0.000174847;2.84544E-05;2.93191E-05
441;9.65912E-05;9.06039E-05;8.87677E-05;0.000101114;9.85932E-05;0.000179676;3.37007E-05;3.62689E-05
442;0.000226005;6.61805E-05;8.4825E-05;0.000110943;8.70422E-05;0.00017946;2.95635E-05;3.79751E-05
443;0.000227436;7.83753E-05;9.22572E-05;0.00011937;9.54917E-05;0.000181522;3.24001E-05;3.62656E-05
444;0.0001554;8.3604E-05;9.94081E-05;0.000122134;9.50516E-05;0.000199708;2.80431E-05;3.4569E-05
445;0.000134398;6.26313E-05;6.87084E-05;0.000113922;7.91196E-05;0.000135422;3.16193E-05;2.89056E-05
446;0.00012073;6.32233E-05;7.71463E-05;0.000102242;8.12469E-05;0.000127271;2.94415E-05;3.09635E-05
447;0.000113458;6.06009E-05;8.1038E-05;0.0001086;8.16771E-05;0.000134486;2.53935E-05;3.00041E-05
448;0.000137931;9.14507E-05;6.09331E-05;0.000107334;8.80354E-05;0.000170585;2.88861E-05;3.32535E-05
449;0.000133789;5.96656E-05;9.0902E-05;0.000109156;9.37567E-05;0.00014038;3.12397E-05;3.40385E-05
450;0.000212122;5.68323E-05;8.83257E-05;9.75684E-05;8.21469E-05;0.000161384;2.82545E-05;3.5734E-05
451;0.00023947;5.40616E-05;6.20496E-05;9.02228E-05;8.08134E-05;0.000138481;2.82892E-05;3.6365E-05
452;0.00014347;6.75818E-05;7.99891E-05;0.000150918;9.86616E-05;0.000179841;3.27009E-05;3.56893E-05
453;0.000196293;7.96294E-05;9.70238E-05;0.000148028;0.000103939;0.00020725;3.46694E-05;4.06013E-05
454;0.000260755;7.0405E-05;9.21548E-05;0.000152312;0.00011129;0.000217047;3.41877E-05;3.97998E-05
455;0.000258182;9.19316E-05;0.000101342;0.000103477;0.000103123;0.000203151;3.78669E-05;4.20309E-05
456;0.000221479;8.01936E-05;7.66517E-05;0.00015555;0.000105632;0.000194398;3.83225E-05;3.90774E-05
457;0.000230517;7.67559E-05;8.53278E-05;8.89498E-05;0.000101609;0.000184374;3.76594E-05;3.54829E-05
458;0.000141786;6.80022E-05;7.737E-05;0.000106225;8.01771E-05;0.000164395;3.23833E-05;2.99807E-05
459;0.00015087;4.32775E-05;5.47935E-05;9.49918E-05;8.30032E-05;0.000199453;2.99604E-05;2.553E-05
460;0.000109042;9.8617E-05;7.70848E-05;8.13929E-05;6.67328E-05;0.00013114;2.72807E-05;2.95483E-05
461;0.000155856;6.70055E-05;7.62141E-05;9.03161E-05;8.8622E-05;0.000188158;3.0455E-05;3.07802E-05
462;0.00016623;6.29842E-05;7.28332E-05;9.63423E-05;8.44138E-05;0.000171155;2.77349E-05;2.89136E-05
463;0.000129112;6.45002E-05;8.51762E-05;0.000101629;7.30675E-05;0.000155915;2.94776E-05;3.4708E-05
464;0.000212964;8.45775E-05;6.96117E-05;0.000117696;8.64036E-05;0.000201877;2.79376E-05;3.07362E-05
465;0.000188103;7.03537E-05;8.68686E-05;0.000117901;0.000101061;0.000207857;2.96794E-05;3.57893E-05
466;0.000160621;8.01381E-05;9.05121E-05;0.000125571;8.45642E-05;0.000193461;2.89052E-05;3.64469E-05
467;0.000175524;9.01727E-05;8.81918E-05;0.00011314;9.94616E-05;0.000211889;2.92493E-05;3.53217E-05
468;0.000156807;0.000121897;0.000107495;0.000137001;0.000113211;0.000267524;4.1979E-05;4.10663E-05
469;0.000439518;0.000122532;0.000165713;0.000202078;0.000194968;0.000333177;6.47226E-05;7.36376E-05
470;0.000448087;0.000185156;0.000199868;0.000277573;0.00023191;0.000438973;7.47179E-05;8.63465E-05
471;0.000446302;0.00018826;0.000217227;0.000275216;0.000233307;0.000490969;7.6254E-05;8.58637E-05
472;0.000449075;0.000204314;0.000192043;0.000251181;0.000223695;0.000442395;7.37664E-05;7.72391E-05
473;0.000236842;0.000126019;0.000148167;0.000191189;0.000169013;0.000390414;5.69724E-05;5.77842E-05
474;0.000232905;0.000111851;8.20861E-05;0.000113092;0.000119227;0.000189934;4.09228E-05;4.28624E-05
475;0.000171225;7.37593E-05;0.000108229;0.000118329;9.43859E-05;0.000172041;3.03161E-05;3.47367E-05
476;0.000157373;7.12976E-05;0.000105895;0.000113346;0.00012081;0.000202216;3.44425E-05;3.55246E-05
477;0.000176668;7.72795E-05;7.92326E-05;0.000104862;8.53678E-05;0.000193227;3.41365E-05;3.17361E-05
478;0.000187108;7.5373E-05;8.08291E-05;0.000114634;6.76174E-05;0.000184541;2.73814E-05;3.54053E-05
479;0.000117074;8.55349E-05;9.16478E-05;0.000122957;7.71471E-05;0.000188516;3.20051E-05;3.24275E-05
480;0.000234732;7.83257E-05;8.67027E-05;0.000131479;0.000108394;0.000180101;3.50251E-05;3.74971E-05
481;0.000215346;8.91302E-05;0.000105826;0.000120866;9.30165E-05;0.000197595;3.79226E-05;4.13475E-05
482;0.000250684;9.80776E-05;0.000121699;0.000148492;0.00012529;0.000205615;4.27753E-05;4.24387E-05
483;0.000251088;9.95308E-05;8.08635E-05;0.000132298;0.000122676;0.000230369;4.30644E-05;4.34687E-05
484;0.000221144;8.79517E-05;8.00687E-05;0.000121119;0.000140054;0.00020438;4.01028E-05;4.26869E-05
485;0.000226744;9.44689E-05;9.87183E-05;0.00013744;0.000118526;0.000214534;3.72406E-05;4.3491E-05
486;0.00020247;8.92811E-05;9.75376E-05;0.000116139;8.62476E-05;0.000221984;3.36183E-05;3.29788E-05
487;0.000147715;7.47489E-05;9.0935E-05;0.000110919;7.80116E-05;0.000182132;3.18576E-05;3.3055E-05
488;0.000122639;7.34564E-05;8.86017E-05;0.000125229;8.59131E-05;0.000171915;3.26225E-05;3.37231E-05
489;0.00012372;7.33547E-05;7.20789E-05;0.000108425;8.92156E-05;0.000162483;2.80744E-05;3.21061E-05
490;0.000163488;6.07967E-05;6.5294E-05;8.49028E-05;7.24741E-05;0.000138361;2.24888E-05;2.80299E-05
491;0.000110401;3.64896E-05;4.73398E-05;6.77938E-05;5.90621E-05;0.00014316;2.05291E-05;2.13424E-05
492;0.00015021;5.27276E-05;5.71536E-05;9.68567E-05;6.81125E-05;0.000132816;2.23784E-05;1.98992E-05
493;0.000108129;6.31399E-05;6.12541E-05;7.85728E-05;7.14466E-05;0.000132733;2.25295E-05;2.52211E-05
494;0.000140386;7.23177E-05;7.76091E-05;9.45736E-05;8.98235E-05;0.000146811;2.72895E-05;2.94798E-05
495;0.000130147;5.74231E-05;7.50031E-05;0.000111193;8.39759E-05;0.000149754;2.5987E-05;2.55966E-05
496;0.000140791;6.51607E-05;5.40017E-05;7.15333E-05;9.29514E-05;0.000161425;2.2859E-05;3.1887E-05
497;0.00016615;5.12605E-05;6.82079E-05;9.02623E-05;8.16722E-05;0.000163346;2.33309E-05;2.62318E-05
498;0.000175343;7.81439E-05;7.6082E-05;7.81314E-05;7.87654E-05;0.000151819;2.2275E-05;2.41576E-05
499;0.000145252;5.94847E-05;6.10186E-05;8.49613E-05;8.51914E-05;0.000168884;2.47199E-05;2.83102E-05
500;0.000127803;5.4476E-05;6.55735E-05;9.78163E-05;9.96896E-05;0.000165075;2.8635E-05;3.1887E-05
501;0.00026633;9.11966E-05;0.00010841;0.000153556;0.000118125;0.000308285;4.24238E-05;4.84024E-05
502;0.000513856;0.000179498;0.000241207;0.00031395;0.000270262;0.000503038;7.70596E-05;8.73621E-05
503;0.000601199;0.000226813;0.000290632;0.000414017;0.000327023;0.00061499;9.63728E-05;0.000111093
504;0.000562018;0.000245699;0.000284992;0.000404633;0.000325265;0.000664848;9.70218E-05;0.000112931
505;0.000533615;0.000242884;0.00025684;0.000401628;0.000311618;0.000661894;9.30895E-05;0.00011677
506;0.000423695;0.000183849;0.000206836;0.000285862;0.000259845;0.000491152;7.41221E-05;8.84078E-05
507;0.000437255;0.000180206;0.000207257;0.000294011;0.000240897;0.000522309;7.76549E-05;8.26478E-05
508;0.00045926;0.000170184;0.000214811;0.00031397;0.0002449;0.000486837;7.49432E-05;8.41151E-05
509;0.000505513;0.000229346;0.000251717;0.00033671;0.000286806;0.000544075;8.42162E-05;9.57128E-05
510;0.000768751;0.00032005;0.000338949;0.000493882;0.000401585;0.000756973;0.000121648;0.000144223
511;0.000647339;0.000306913;0.000355081;0.000518158;0.000398828;0.000804328;0.000124632;0.000146304
512;0.000731409;0.000280467;0.000358066;0.000504937;0.000431054;0.000785782;0.000128058;0.000144478
513;0.000784403;0.000316164;0.000372477;0.000539296;0.000457234;0.000816401;0.00013005;0.000143258
514;0.000593901;0.000247039;0.000297821;0.000426224;0.000356814;0.000673108;0.000105986;0.000113653
515;0.000449057;0.000191372;0.000236437;0.00031979;0.000265058;0.000520078;8.32689E-05;8.37915E-05
516;0.000424813;0.000173154;0.000185681;0.000258533;0.000238973;0.000437902;6.57604E-05;7.88594E-05
517;0.000337215;0.000154231;0.000149492;0.000237668;0.000184947;0.000365557;6.10902E-05;6.06076E-05
518;0.000410904;0.000170919;0.000179544;0.000263743;0.000214962;0.000413784;6.09109E-05;7.19552E-05
519;0.000518762;0.000200703;0.000240074;0.000349139;0.000273791;0.000509796;8.27826E-05;9.49968E-05
520;0.00055919;0.000213154;0.000274864;0.000360933;0.000285452;0.00056457;9.3867E-05;0.00010284
521;0.0005382;0.000213304;0.000251723;0.000300131;0.000259213;0.000513549;8.83914E-05;9.25571E-05
522;0.000414401;0.000162203;0.000173304;0.000265742;0.000199008;0.0004325;6.61944E-05;6.57864E-05
523;0.000233856;8.55137E-05;0.000104301;0.000158685;0.000132486;0.000286291;4.69059E-05;4.5016E-05
524;0.000133008;5.29167E-05;6.58698E-05;9.9599E-05;8.52426E-05;0.000181685;3.29134E-05;2.44726E-05
525;0.000115212;3.0242E-05;5.01558E-05;8.41885E-05;6.32317E-05;0.000147581;2.23877E-05;1.72505E-05
526;9.97717E-05;2.60326E-05;5.24744E-05;6.9289E-05;4.39494E-05;0.000124895;1.82723E-05;1.86807E-05
527;5.56584E-05;5.92627E-05;4.68749E-05;7.04304E-05;5.06687E-05;0.000141534;2.20494E-05;1.55432E-05
528;0.000158588;5.59595E-05;7.35926E-05;9.80876E-05;8.45367E-05;0.0001879;2.65984E-05;2.67704E-05
529;0.000267878;7.01271E-05;0.000105864;0.000154016;0.000130049;0.000308551;3.81329E-05;4.15968E-05
530;0.000404386;0.000140531;0.000176284;0.000258959;0.000211863;0.000439624;6.1517E-05;6.47028E-05
531;0.000999638;0.000424184;0.00051401;0.00072598;0.000580172;0.001133043;0.000174943;0.000198416
532;0.002263379;0.000883502;0.001072436;0.001538475;0.00125463;0.002360162;0.000361163;0.000417437
533;0.003289711;0.001298887;0.001567732;0.002209377;0.001803504;0.003474644;0.000537923;0.000617316
534;0.003280735;0.001299292;0.001569144;0.002195358;0.001818888;0.00348666;0.000541;0.000629812
535;0.002666235;0.001048303;0.001274775;0.001789837;0.001487049;0.002829957;0.000437398;0.000514338
536;0.001607901;0.000648534;0.000793659;0.001111226;0.000926474;0.001771316;0.000277134;0.000315848
537;0.000815248;0.000320219;0.000394747;0.000537543;0.000432643;0.000890025;0.000133138;0.000150446
538;0.001742887;0.000681722;0.000863235;0.001211786;0.001007112;0.001935248;0.000293673;0.000345064
539;0.00340848;0.001341599;0.001636787;0.002292001;0.0019078;0.003692079;0.000562748;0.000652473
540;0.003452671;0.001344579;0.001649287;0.002310726;0.00191685;0.003692132;0.000569101;0.0006556
541;0.003189719;0.001235551;0.001542497;0.002149335;0.001785971;0.0034347;0.000530527;0.000612152
542;0.001979977;0.000796664;0.00096905;0.001371972;0.001132113;0.002193519;0.000344357;0.00039489
543;0.000481109;0.000190668;0.000236045;0.000329705;0.000275495;0.000509778;8.23146E-05;9.37231E-05
544;0.00024998;0.000114262;0.000131618;0.000191716;0.000162306;0.000309055;4.72282E-05;5.54245E-05
545;0.000149866;5.13144E-05;7.85845E-05;0.00011056;9.3014E-05;0.00018997;2.73874E-05;3.26605E-05
546;0.00010525;3.09631E-05;5.11951E-05;6.3311E-05;4.75076E-05;0.000124554;1.81957E-05;1.4219E-05
547;7.37451E-05;3.70389E-05;3.00806E-05;4.70061E-05;3.95769E-05;9.21365E-05;1.48291E-05;8.18669E-06
548;8.98119E-05;3.93213E-05;4.75657E-05;5.71289E-05;3.30995E-05;0.000130233;1.48892E-05;1.06568E-05
549;5.17523E-05;3.9685E-05;3.8464E-05;4.47412E-05;3.40985E-05;9.28272E-05;1.70637E-05;1.21095E-05
550;6.59302E-05;4.43719E-05;3.83744E-05;4.15208E-05;2.87777E-05;7.36481E-05;1.59768E-05;1.04827E-05
551;8.80107E-05;3.7744E-05;3.71891E-05;5.51816E-05;4.59995E-05;9.14271E-05;1.67142E-05;1.71797E-05
552;7.08543E-05;2.70106E-05;5.22646E-05;7.38346E-05;5.22982E-05;0.000132831;1.7569E-05;2.05514E-05
553;0.00010232;5.90816E-05;4.94429E-05;7.02197E-05;4.70713E-05;0.000157347;1.95093E-05;2.00142E-05
554;0.000158501;5.57464E-05;8.58873E-05;8.26263E-05;7.5996E-05;0.000177245;3.04792E-05;2.88972E-05
555;0.000317009;0.000119834;0.000159652;0.000207046;0.000177339;0.000368517;5.75146E-05;5.94827E-05
556;0.000388122;0.000131533;0.00016888;0.000235178;0.000203663;0.000387211;5.89615E-05;6.80434E-05
557;0.000385706;0.000115531;0.000170098;0.000227782;0.000203021;0.000357398;5.907E-05;6.4304E-05
558;0.000229008;9.91551E-05;0.000117553;0.000166565;0.000146423;0.000283072;4.67737E-05;4.92284E-05
559;0.000118838;5.64408E-05;4.87617E-05;6.35082E-05;5.17551E-05;0.000135862;1.78827E-05;1.85105E-05
560;8.83796E-05;2.96025E-05;4.09491E-05;2.43882E-05;3.63548E-05;9.13005E-05;1.51535E-05;1.44198E-05
561;0.000122147;4.30811E-05;4.19559E-05;4.31627E-05;4.19956E-05;0.000108494;1.64407E-05;1.33285E-05
562;8.8729E-05;4.36977E-05;4.37299E-05;4.13022E-05;5.15211E-05;9.84457E-05;1.80477E-05;1.07683E-05
563;0.000234119;7.7351E-05;7.67906E-05;0.00010445;8.50631E-05;0.000175897;2.8325E-05;2.80254E-05
564;0.000663421;0.000228427;0.000285188;0.000376019;0.000344821;0.000648174;9.96852E-05;0.000114235
565;0.000833663;0.000311533;0.000388569;0.000533552;0.000450362;0.000850966;0.000128968;0.000144975
566;0.000851151;0.000321466;0.00040212;0.000536525;0.000449764;0.000879298;0.000130895;0.000153594
567;0.000870648;0.000327845;0.000388876;0.00055961;0.000467499;0.000903039;0.000136643;0.000159607
568;0.0006879;0.000257874;0.000314392;0.000439914;0.000369836;0.000714855;0.00011103;0.000125707
569;0.000563188;0.000218767;0.000256951;0.000346854;0.000301023;0.000562063;8.84961E-05;0.000101347
570;0.000674409;0.00026719;0.000311557;0.000436658;0.000378866;0.000717773;0.000106822;0.000126442
571;0.000535756;0.000226588;0.000253361;0.000343422;0.000311255;0.000591767;9.0674E-05;0.000101888
572;0.000550312;0.000209387;0.00025336;0.000335883;0.00031063;0.000540863;8.76267E-05;0.000101379
573;0.001268601;0.000492232;0.000584854;0.000801048;0.000690011;0.001290253;0.000198908;0.000227183
574;0.003024316;0.001201481;0.001432188;0.001969637;0.00167395;0.003156438;0.000484456;0.00055959
575;0.00637238;0.002505422;0.003014788;0.004191613;0.003539369;0.006676245;0.001030514;0.001187
576;0.007026124;0.002783942;0.003346658;0.004667348;0.00393241;0.007451087;0.001153876;0.001322985
577;0.006443381;0.002528143;0.003065318;0.004237866;0.003586403;0.006805134;0.001048662;0.001205614
578;0.005024219;0.001996076;0.002403158;0.003350389;0.002831364;0.005361211;0.000827179;0.000948648
579;0.003283262;0.001280195;0.001530094;0.002132952;0.001809172;0.003408113;0.000527366;0.000604002
580;0.004197216;0.001656204;0.001993075;0.002768174;0.002330735;0.004438269;0.000682495;0.000778208
581;0.005931997;0.00233326;0.002824637;0.003931591;0.00332289;0.006279981;0.000960692;0.001108757
582;0.016714478;0.006464505;0.007736653;0.010677898;0.00910964;0.016964412;0.002547851;0.003010029
583;0.097840881;0.038246536;0.046224785;0.064278889;0.054352093;0.10258112;0.015380394;0.017884827
584;0.19984436;0.078521729;0.095789242;0.133646774;0.112419987;0.214063263;0.032233763;0.037177181
585;0.231797028;0.090582657;0.110322285;0.15376606;0.129664803;0.24617672;0.037108088;0.043047571
586;0.295858765;0.115782928;0.140737152;0.196354294;0.16512413;0.314215851;0.047005463;0.054312038
587;0.273814392;0.107002258;0.130407715;0.182460976;0.152687645;0.292118835;0.043517971;0.050076103
588;0.196627045;0.076412582;0.092544174;0.129246902;0.108229828;0.206507683;0.030480742;0.035212755
589;0.16072998;0.062652969;0.075915241;0.106259346;0.088708305;0.169821358;0.025013113;0.028743935
590;0.08938446;0.034684181;0.042172813;0.059002781;0.049264812;0.094239902;0.01391046;0.016032743
591;0.043338013;0.016726303;0.020107031;0.028137469;0.023626089;0.044756746;0.006614715;0.007694161
592;0.101336288;0.039191055;0.046557903;0.064957809;0.0546978;0.102935505;0.014810288;0.017300868
593;0.207875061;0.081215286;0.098472786;0.138192368;0.11493187;0.220175743;0.031778431;0.036407614
594;0.250923157;0.097667313;0.118645191;0.166356659;0.138389206;0.264906693;0.038292885;0.044002438
595;0.27817688;0.108227921;0.131468391;0.184568024;0.153601074;0.294195557;0.042639399;0.049027872
596;0.209095001;0.081098557;0.098779678;0.138860893;0.115585232;0.221842384;0.032314587;0.037219715
597;0.148905945;0.057620621;0.06992054;0.098279476;0.082064056;0.15738945;0.022980547;0.026576447
598;0.088747406;0.034082413;0.041154766;0.057919979;0.048634481;0.093100071;0.013693833;0.015997672
599;0.055704117;0.021580029;0.026373816;0.037145233;0.030946422;0.059924221;0.008828294;0.010154259
600;0.043385506;0.016669178;0.02007854;0.02817235;0.023651671;0.045086527;0.006624228;0.007736456
601;0.05499897;0.021321774;0.025730658;0.036149311;0.030196905;0.057781649;0.008474267;0.009797406
602;0.07433548;0.029072857;0.035305119;0.049667883;0.041218233;0.07939558;0.011648357;0.013336432
603;0.086212158;0.033584976;0.040687943;0.057283211;0.04761939;0.091422939;0.013431287;0.015475011
604;0.085254288;0.033290291;0.040379858;0.056936216;0.047228813;0.090789032;0.013331485;0.0153247
605;0.129666901;0.050506783;0.060673332;0.085317612;0.07094698;0.134626579;0.01949718;0.022661018
606;0.198731995;0.077993393;0.094255543;0.132813454;0.109869766;0.209550285;0.030250978;0.034808159
607;0.321559143;0.126543427;0.152569389;0.215234375;0.17766819;0.33825798;0.048831415;0.056182861
608;0.439157104;0.174138641;0.21048336;0.297458649;0.244493866;0.467092896;0.067552853;0.07719574
609;0.460443115;0.182565308;0.220592117;0.311894989;0.25616951;0.488685608;0.07083025;0.080981445
610;0.397436523;0.157118988;0.188899422;0.26705246;0.219784546;0.417161179;0.060565138;0.069683743
611;0.300213623;0.119201279;0.143450165;0.203229904;0.166762733;0.317418289;0.046058702;0.052681065
612;0.370492554;0.146621704;0.175083351;0.247896385;0.20384407;0.385773468;0.055436802;0.06385498
613;0.503970337;0.200527191;0.241069603;0.341684341;0.279587936;0.532749939;0.076338577;0.087168503
614;0.636047363;0.252772522;0.304088211;0.431108475;0.352684402;0.672148132;0.096478462;0.110324001
615;0.661941528;0.263479614;0.318257141;0.451796722;0.368896103;0.705413055;0.101596355;0.115834808
616;0.497676086;0.197157288;0.238114548;0.338075638;0.276436996;0.527884674;0.076393509;0.087530327
617;0.323600769;0.127219391;0.153007507;0.217089653;0.178453255;0.338953018;0.049340343;0.057096672
618;0.142485046;0.056079483;0.067690945;0.096161366;0.078959656;0.150811195;0.022093916;0.025492072
619;0.106594467;0.041308784;0.049557972;0.070292187;0.058226728;0.110987949;0.016054344;0.018795848
620;0.126261902;0.048926353;0.059223127;0.084456348;0.069784832;0.135308456;0.01927495;0.022374654
621;0.16427002;0.063466644;0.077334976;0.110269451;0.091026402;0.177365685;0.025195003;0.029189181
622;0.174308014;0.067240906;0.081854725;0.11683712;0.096509075;0.187941933;0.026724625;0.03103416
623;0.150229645;0.057879639;0.070203304;0.100145435;0.082751656;0.160249329;0.022844887;0.026610303
624;0.178205872;0.069366074;0.083133507;0.118474865;0.097548676;0.186437607;0.026740217;0.031111526
625;0.235166168;0.093216324;0.111863995;0.159797859;0.130224609;0.249456215;0.035985661;0.04118576
626;0.308512878;0.122567368;0.1478508;0.210988235;0.171376228;0.328915024;0.047534037;0.054115868
627;0.325157166;0.12851181;0.154710579;0.22085743;0.179848099;0.344411469;0.049845982;0.05708704
628;0.283978271;0.111841202;0.135064888;0.192775536;0.157213783;0.301567841;0.043618441;0.050041199
629;0.242568207;0.09454689;0.114387035;0.163019753;0.133610916;0.255964661;0.036924887;0.042743874
630;0.253517914;0.097990036;0.118534756;0.168792152;0.139095306;0.266043854;0.038037252;0.044435358
631;0.319078064;0.124110413;0.15087738;0.215156555;0.176580429;0.339358902;0.048191595;0.055828905
632;0.420568848;0.164334106;0.200428772;0.286164093;0.234000206;0.450925064;0.063817406;0.073445034
633;0.522955322;0.203521729;0.248508453;0.354743958;0.290034103;0.557791138;0.07889452;0.09101429
634;0.463858032;0.180265045;0.219505501;0.31367836;0.256503296;0.49253006;0.069677639;0.080592632
635;0.436402893;0.16934967;0.20438652;0.291972351;0.2388937;0.45657196;0.064504623;0.07482748
636;0.499337769;0.194062042;0.232231331;0.331810379;0.271183395;0.515919495;0.072830105;0.08449173
637;0.716033936;0.280943298;0.335689926;0.479889297;0.390026093;0.742101288;0.104619312;0.120339966
638;1.03170166;0.40713501;0.489535904;0.699995422;0.566432953;1.082102966;0.152651215;0.174180222
639;1.242346191;0.49249115;0.593981934;0.849869537;0.685996246;1.312088013;0.185215569;0.21044693
640;1.391955566;0.550308228;0.66477356;0.95032959;0.76761322;1.464172363;0.206918144;0.235975075
641;1.108129883;0.437205505;0.528282166;0.755241394;0.610587311;1.162745667;0.164618683;0.188301849
642;0.716186523;0.281976318;0.339804077;0.485778809;0.393526459;0.745983887;0.10573101;0.121590424
643;0.408952332;0.159417725;0.191876793;0.273688889;0.222701645;0.419333267;0.059551096;0.0692029
644;0.134986115;0.051600647;0.060959339;0.087106609;0.071910763;0.132896423;0.018990588;0.022756505
645;0.026547527;0.010355377;0.012480307;0.017787337;0.014472413;0.027269125;0.003899455;0.004496729
646;0.020753956;0.008103943;0.009559035;0.013586378;0.011129129;0.02081039;0.002957126;0.003451517
647;0.092195892;0.035835838;0.041841125;0.059558725;0.049063396;0.091358566;0.012900484;0.015221226
648;0.239409637;0.093826675;0.111902809;0.159234619;0.130132103;0.246131516;0.034874153;0.040283251
649;0.38167572;0.150994873;0.181276512;0.258293915;0.210189629;0.400959015;0.056848097;0.064840508
650;0.580813599;0.229228973;0.276044846;0.393306351;0.320121765;0.612449646;0.08681221;0.098977375
651;0.68168335;0.267604065;0.322947693;0.460108566;0.375365067;0.719171906;0.102116776;0.116883945
652;0.579901123;0.227244568;0.274358749;0.391184998;0.319641113;0.614477539;0.087251282;0.099862289
653;0.485426331;0.188297272;0.227496147;0.324008942;0.265942383;0.511399078;0.072617722;0.083737087
654;0.312387085;0.119866562;0.144595528;0.20588932;0.170046043;0.327006912;0.046490526;0.05409236
655;0.167203522;0.063982391;0.077276516;0.110123253;0.091112804;0.176124763;0.025034404;0.029112434
656;0.114903641;0.043658829;0.052080107;0.073965359;0.061661577;0.117900753;0.016820025;0.019845319
657;0.123954391;0.04727726;0.056081963;0.079412365;0.066286278;0.125957489;0.018285871;0.021564722
658;0.176750946;0.068715286;0.082672024;0.117089081;0.096735954;0.186630821;0.027233624;0.031289339
659;0.247792816;0.096639252;0.116756916;0.165398788;0.136442757;0.264273834;0.03859005;0.044066715
660;0.289796448;0.112678528;0.136363029;0.193091202;0.15945549;0.308738327;0.045154476;0.051680613
661;0.231978607;0.090140533;0.109030724;0.154465866;0.127686024;0.247172546;0.036217403;0.041479301
662;0.156352234;0.060349846;0.07284565;0.10301981;0.085537243;0.164755821;0.024154854;0.027859473
663;0.084708023;0.032099342;0.038390779;0.054149723;0.045442915;0.08630991;0.012667036;0.014961231
664;0.056619263;0.021487522;0.024764442;0.035038185;0.029656315;0.05532279;0.007975721;0.009581578
665;0.183369446;0.070185471;0.083330631;0.117643356;0.098559093;0.18779068;0.026993799;0.031576538
666;0.317497253;0.122626495;0.147665596;0.208605766;0.173670197;0.334846115;0.048236322;0.055446243
667;0.455274963;0.176381683;0.213054466;0.301089478;0.250377274;0.48431015;0.069804668;0.079807091
668;0.547686768;0.211282349;0.255072784;0.360264206;0.300230408;0.579870605;0.083683491;0.096118069
669;0.51973877;0.20007019;0.241345406;0.340762329;0.284486389;0.549144745;0.079383278;0.091371536
670;0.472639465;0.18141861;0.219027519;0.308983994;0.258345032;0.498560333;0.072179031;0.083176708
671;0.430813599;0.164775085;0.198921394;0.280344009;0.234833336;0.452744293;0.065688133;0.075907898
672;0.362594604;0.138935089;0.168331909;0.237209129;0.198516655;0.384233475;0.055832815;0.064228249
673;0.255198669;0.097890854;0.11880703;0.167428589;0.140063667;0.271529388;0.039491987;0.045306349
674;0.159561157;0.060701561;0.073371601;0.103294754;0.086783504;0.167106819;0.024333382;0.028238106
675;0.068106842;0.025392914;0.030428576;0.04276371;0.036307955;0.068826103;0.010056567;0.01196475
676;0.013872766;0.005216694;0.006165743;0.008658445;0.007374734;0.013825381;0.002020016;0.002416846
677;0.007743025;0.003017914;0.003617185;0.00507828;0.004263216;0.008114493;0.001172528;0.001354398
678;0.006897855;0.002684355;0.003222522;0.004547071;0.003771544;0.007218403;0.001042336;0.001203215
679;0.006650853;0.002591527;0.003109786;0.004403132;0.003644338;0.00698266;0.000999264;0.001150796
680;0.006543493;0.002537441;0.003088263;0.004298663;0.003585142;0.006872857;0.000989415;0.001134075
681;0.006596541;0.002476263;0.003081536;0.004312706;0.003554821;0.00688417;0.000980639;0.001121259
682;0.006553411;0.00252068;0.003041407;0.004319888;0.003596959;0.006876999;0.000983304;0.001127921
683;0.006576967;0.002536464;0.003052923;0.004304874;0.003594822;0.006932074;0.000984431;0.001122989
684;0.00655098;0.00250541;0.00304679;0.004295808;0.003592452;0.006897491;0.000982844;0.001131506
685;0.006597185;0.002510881;0.003055832;0.004287612;0.003591517;0.006867915;0.000983451;0.001139221
686;0.006651139;0.002555048;0.003089401;0.004336447;0.003632987;0.006919897;0.000995672;0.001156047
687;0.007215095;0.002740884;0.003335693;0.004673231;0.003910151;0.007535464;0.001075731;0.00123985
688;0.008995199;0.003397536;0.004119349;0.005736154;0.004816866;0.009240401;0.001318282;0.001528601
689;0.016813946;0.006366849;0.007491356;0.010537922;0.00893904;0.01686964;0.002406338;0.002852204
690;0.127274323;0.048210335;0.056947422;0.080071545;0.067952633;0.128795433;0.018537307;0.021893787
691;0.301631165;0.115675354;0.140036774;0.19687767;0.165299416;0.319338608;0.046121502;0.053170824
692;0.465167236;0.1788414;0.217549896;0.306028748;0.256419754;0.497238922;0.071890545;0.082536125
693;0.508926392;0.194937134;0.237721252;0.334158707;0.280297852;0.543261719;0.078687954;0.090639877
694;0.386895752;0.148421478;0.181364632;0.255063248;0.213794708;0.415054321;0.060189581;0.069209099
695;0.246131897;0.093796158;0.114284611;0.160622215;0.135064507;0.260976028;0.037889528;0.043928623
696;0.099232101;0.036676788;0.044097233;0.061668491;0.052764368;0.09963026;0.014522421;0.017532325
697;0.016287231;0.006082439;0.007242531;0.01020813;0.008664477;0.016440034;0.002357894;0.002810302
698;0.014894056;0.005601716;0.006664091;0.009411263;0.007918108;0.015192938;0.002126098;0.002494037
699;0.046215439;0.017381668;0.019920111;0.028181243;0.023958278;0.045286751;0.006252944;0.007450855
700;0.264045715;0.09969101;0.116336918;0.164883614;0.138588715;0.26568985;0.036469126;0.042778921
701;0.692681885;0.263899231;0.31372261;0.445103073;0.370717621;0.721259308;0.098925209;0.113878918
702;1.14017334;0.436755371;0.523901367;0.743884277;0.616547394;1.208787537;0.165777779;0.18896122
703;1.428796387;0.544570923;0.652878571;0.926465607;0.7695961;1.505574036;0.206661224;0.236917686
704;1.271807861;0.484939575;0.58429718;0.828995514;0.687646484;1.349102783;0.185448265;0.212073135
705;0.837399292;0.318981934;0.38361969;0.544622803;0.452372742;0.885906219;0.1220047;0.139793587
706;0.41987915;0.156866455;0.18762722;0.265522766;0.222476196;0.429827881;0.059463787;0.069758987
707;0.076838684;0.027977276;0.032847691;0.046233559;0.039592838;0.074217319;0.01050806;0.01287719
708;0.018855476;0.007269049;0.008733642;0.012299752;0.010265148;0.019697785;0.002850571;0.003301328
709;0.011372423;0.004365611;0.005234838;0.007333982;0.006156808;0.011783004;0.001695813;0.001963982
710;0.00829711;0.003231859;0.003869891;0.005432057;0.004559129;0.008735073;0.00124107;0.001439634
711;0.007666135;0.00291338;0.003537786;0.00497489;0.004144222;0.008010417;0.00113852;0.001299094
712;0.007528973;0.00285399;0.003457963;0.004893315;0.004056567;0.007840085;0.001116602;0.001286858
713;0.008055878;0.003051031;0.003690314;0.005268812;0.004363143;0.008400166;0.001193798;0.001378618
714;0.018326092;0.006969261;0.008248866;0.011646247;0.009889913;0.018766952;0.002723947;0.003247052
715;0.060379028;0.023017311;0.028098965;0.039444828;0.033415651;0.064168739;0.009513402;0.011136591
716;0.106728745;0.04097023;0.050513411;0.071039104;0.059809256;0.116004086;0.017285705;0.020022225
717;0.137091827;0.052493095;0.064763355;0.091135788;0.076814651;0.148850441;0.022240782;0.025851083
718;0.127339172;0.048704529;0.060255051;0.084807014;0.071471119;0.138697052;0.020733428;0.024124098
719;0.089025879;0.034012985;0.042101574;0.059285641;0.049992323;0.096919823;0.014479077;0.016857171
720;0.046842575;0.017572308;0.021451283;0.030138111;0.025637674;0.04904871;0.007276392;0.008674419
721;0.045666695;0.017140865;0.019566679;0.027814722;0.023681259;0.044562912;0.006256032;0.007538134
722;0.242192078;0.091510391;0.108263969;0.153953171;0.129039764;0.250335312;0.034931326;0.040739679
723;0.477690125;0.182679749;0.219134521;0.312456131;0.259939957;0.5106987;0.071395397;0.081810474
724;0.655249023;0.250097656;0.300654221;0.428919601;0.35674057;0.701000214;0.098143196;0.112839985
725;0.629574585;0.239918518;0.288780975;0.41207962;0.342850113;0.673176575;0.09440155;0.108859539
726;0.457926941;0.174559021;0.211115646;0.301389313;0.250447083;0.492660522;0.069196606;0.079668999
727;0.222924805;0.083718872;0.100807858;0.143612289;0.120298004;0.234159088;0.032990313;0.038698816
728;0.052163506;0.019247818;0.023031068;0.032720423;0.02766788;0.053025961;0.007507974;0.009022999
729;0.010335493;0.003927064;0.004714215;0.006713259;0.005568337;0.010718298;0.001526122;0.001792286
730;0.00690856;0.002645493;0.003203309;0.004593283;0.003790757;0.007264996;0.001038744;0.001198003
731;0.006101775;0.002350175;0.00284456;0.004048067;0.003342855;0.006429529;0.000918093;0.00105956
732;0.005696225;0.002211475;0.00265412;0.003839526;0.003180048;0.006153274;0.000857994;0.000998478
733;0.005537033;0.002144861;0.002615896;0.003673977;0.003071281;0.005873871;0.000835284;0.000969224
734;0.005349016;0.00213722;0.002558759;0.003620398;0.002976438;0.005748785;0.00082409;0.000946657
735;0.005427551;0.002088571;0.002478707;0.003559738;0.002947921;0.005692089;0.000806103;0.000933426
736;0.005317998;0.002022696;0.00245477;0.003526476;0.002904463;0.005628604;0.00079401;0.000924379
737;0.005222726;0.002017587;0.002459869;0.003517008;0.002851433;0.005547476;0.000791957;0.000919554
738;0.005180407;0.002029884;0.002421018;0.003502998;0.002866489;0.005537152;0.000796292;0.000919772
739;0.005567217;0.002182543;0.002570873;0.003636733;0.002995217;0.005754352;0.000832;0.000951858
740;0.009139681;0.003485823;0.004095873;0.005835056;0.004871529;0.009420049;0.001333134;0.001567982
741;0.044821548;0.016986179;0.020004034;0.028622079;0.024027705;0.046519041;0.006631517;0.00785054
742;0.133414459;0.050837898;0.061454487;0.087899017;0.073181152;0.144203949;0.020682073;0.023968029
743;0.203522491;0.077277756;0.093957901;0.13423233;0.111813068;0.220782852;0.031738329;0.03680191
744;0.216978455;0.082038116;0.099850941;0.142344093;0.11884985;0.234264755;0.033740759;0.039268112
745;0.175431061;0.066535187;0.081379986;0.116061974;0.096705532;0.191283226;0.02761004;0.031969166
746;0.102931213;0.038673019;0.047066689;0.066937447;0.056050491;0.109373093;0.015940928;0.018759918
747;0.045326424;0.017589569;0.021127272;0.029977036;0.024874306;0.047492027;0.007258123;0.008406782
748;0.046053696;0.018382359;0.022078109;0.031286502;0.025691891;0.04902339;0.007683879;0.008736515
749;0.04426899;0.017689514;0.021203279;0.030057001;0.024688816;0.046850252;0.007381594;0.008420491
750;0.038368034;0.015220737;0.018387651;0.026048398;0.021366501;0.040539694;0.006384492;0.007286543
751;0.031429386;0.012444019;0.014819753;0.021045923;0.017324209;0.032781887;0.005141717;0.005904138
752;0.038177872;0.01517911;0.018153119;0.025740719;0.021121716;0.040092802;0.006304836;0.007189494
753;0.04956131;0.019765186;0.023713779;0.03361764;0.027583385;0.052469873;0.008267665;0.009407139
754;0.05200634;0.020684052;0.024805236;0.035172892;0.028817749;0.054890203;0.008677244;0.009895039
755;0.042810059;0.017062855;0.020544195;0.029194212;0.023851109;0.045433378;0.007192171;0.008163202
756;0.024081421;0.00938549;0.011425269;0.01618917;0.013292098;0.025170779;0.003957507;0.004545808
757;0.009008598;0.003407347;0.004190284;0.005987442;0.004910487;0.009265268;0.001416692;0.001633376
758;0.005170608;0.001981223;0.002462009;0.003532475;0.002883446;0.005596381;0.000798379;0.000918265
759;0.004955268;0.001917481;0.002262691;0.003228927;0.002626094;0.005053902;0.000721339;0.000824173
760;0.004617429;0.001813149;0.002189946;0.003074536;0.002564487;0.00486021;0.000706243;0.000806326
761;0.004589248;0.001804125;0.002155766;0.00310753;0.002486795;0.004848415;0.000690367;0.000799223
762;0.004527879;0.00177756;0.00213801;0.003069106;0.002436137;0.004801583;0.000691696;0.000784241
763;0.004541731;0.001735967;0.002140287;0.003065822;0.002469602;0.004695469;0.000682665;0.000783707
764;0.004469061;0.001714522;0.002096811;0.003106993;0.002458534;0.004696128;0.000675344;0.000783221
765;0.004469585;0.001854128;0.00218188;0.003019699;0.002436846;0.004803836;0.000670096;0.000762723
766;0.00447638;0.001819128;0.002148321;0.003074133;0.002447516;0.004757738;0.000675002;0.000763559
767;0.004664564;0.001784813;0.002115884;0.003032202;0.002482596;0.004737422;0.000673801;0.000783801
768;0.00462966;0.001711953;0.00214;0.002941528;0.002442327;0.004867482;0.000668268;0.000762435
769;0.004573131;0.001751453;0.002115794;0.002957445;0.002500027;0.004809654;0.00067571;0.000767005
770;0.004414392;0.001789361;0.00213763;0.002988368;0.002514276;0.004757953;0.00066997;0.000793821
771;0.004491222;0.001806557;0.002126896;0.003007081;0.002464369;0.004678619;0.000681227;0.000791726
772;0.004510498;0.001697344;0.002251071;0.003022578;0.002487856;0.004766601;0.00070274;0.000790084
773;0.004577422;0.0017708;0.00221889;0.003122693;0.002501452;0.004772681;0.000700177;0.000786822
774;0.004483509;0.001870626;0.002169061;0.003104043;0.002536565;0.004957813;0.00070228;0.000792964
775;0.00486989;0.001797736;0.002290794;0.003082517;0.002498132;0.004946011;0.000713631;0.00079677
776;0.00475409;0.001814353;0.002218415;0.003211796;0.002568215;0.005008227;0.000725137;0.000819023
777;0.004704595;0.001829952;0.002248654;0.00323858;0.002635542;0.005098051;0.000712194;0.000805806
778;0.004706621;0.001817203;0.002279651;0.003207889;0.002638298;0.005045778;0.000707892;0.000820294
779;0.004762125;0.001831216;0.002298602;0.003177544;0.002662155;0.004926133;0.000717628;0.00083752
780;0.004898477;0.001811212;0.002255955;0.003215048;0.002693042;0.005000991;0.000715292;0.000820616
