380;9.7951;0;0.000285014;3.74601E-05;6.68396E-08;2.93688E-09;1.95707E-09;9.98049E-06;3.9889E-07;2.46974E-05;4.49024E-12;0.000705411;0.000705411;9.47601E-09;1.29093E-05;1.31988E-11;3.82044E-07;4.51092E-08;0.000395518;0.000395518;6.4858E-13;3.05375E-07;4.37386E-11;5.99415E-09;5.64588E-06;5.53639E-08;4.8733E-09;0.000257843;6.01225E-06;7.83356E-10;1.22223E-07;4.03957E-06;0.000182105;1.48645E-10;7.47314E-06;5.42634E-11;6.53977E-05;2.31217E-05;6.6095E-11;5.62828E-06;5.62828E-06;1.38248E-12;0.000287116;3.02571E-05;2.37054E-05;0.000584337;5.8398E-10;0.000526189;2.68682E-09;1.63329E-08;2.91672E-08;1.50217E-11;0.000100692;6.29604E-10;2.63341E-12;7.30947E-11;1.48711E-08;2.93389E-10;6.44454E-08;1.62462E-10;2.37546E-07;4.68987E-10;1.29207E-09;1.39021E-09;4.615E-05;7.52955E-09;3.14821E-05;6.27061E-11;0.000257598;8.61723E-11;0.000500571;1.16604E-07;4.77379E-08;2.45699E-09;2.74783E-06;6.2178E-05;1.45665E-08;7.07068E-11;5.51707E-08;0.000449867;5.71541E-06;1.27057E-09;1.14531E-11;1.87111E-11;1.72998E-08;3.92638E-12;0.000621784;3.38115E-07;2.26368E-09;9.43723E-13;1.61796E-05;5.37631E-06;1.8701E-09;1.94948E-09;1.36982E-10;6.83637E-10;8.16943E-11;1.87369E-08
385;10.8996;0;0.001035687;0.000133895;4.61603E-07;2.52747E-08;1.48986E-08;4.55646E-05;2.2473E-06;0.000106532;5.43496E-11;0.002319507;0.002319507;7.29677E-08;5.39966E-05;1.43795E-10;2.24254E-06;3.14558E-07;0.001364549;0.001364549;8.79209E-12;1.79547E-06;4.16882E-10;4.67166E-08;2.75168E-05;3.71586E-07;3.81093E-08;0.000902667;2.88003E-05;6.99306E-09;8.00932E-07;2.0897E-05;0.000668872;6.81314E-10;3.23259E-05;3.6317E-10;0.000239572;0.000101982;6.83003E-10;2.81785E-05;2.81785E-05;1.72616E-11;0.001001957;0.000131974;8.16765E-05;0.001957777;4.31828E-09;0.001790517;2.15669E-08;1.11964E-07;1.96196E-07;1.65235E-10;0.000369985;2.82415E-09;2.94724E-11;7.11463E-10;1.08838E-07;1.55256E-09;4.34608E-07;1.54794E-09;1.44931E-06;4.38097E-09;1.09509E-08;1.17719E-08;0.000185328;5.78689E-08;0.000129276;6.39465E-10;0.000875972;8.64736E-10;0.001709397;7.49746E-07;3.01233E-07;1.01555E-08;1.30058E-05;0.000255123;1.06977E-07;6.96841E-10;3.42472E-07;0.001485779;2.75639E-05;1.12094E-08;1.11896E-10;2.03035E-10;1.19092E-07;3.41181E-11;0.002118124;2.07827E-06;9.46278E-09;1.24928E-11;7.20519E-05;2.53909E-05;1.41329E-08;1.63674E-08;8.20839E-10;2.9575E-09;8.06377E-10;1.3517E-07
390;12.0853;0.01;0.003321263;0.000422354;2.81331E-06;1.91954E-07;1.01015E-07;0.000183577;1.11734E-05;0.000405532;5.80563E-10;0.006730729;0.006730729;4.95849E-07;0.000199317;1.38519E-09;1.16166E-05;1.93575E-06;0.004154565;0.004154565;1.052E-10;9.31628E-06;3.64674E-09;3.21313E-07;0.000118355;2.20096E-06;2.62998E-07;0.002788779;0.000121751;5.58733E-08;4.63184E-06;9.53998E-05;0.00216809;2.96978E-09;0.000123399;2.63727E-09;0.000774504;0.000396952;6.22898E-09;0.000124501;0.000124501;1.91227E-10;0.003085703;0.000508;0.000248349;0.005788638;3.11687E-08;0.005376858;1.52846E-07;6.77758E-07;1.1673E-06;1.60406E-09;0.001199742;1.24539E-08;2.91484E-10;6.11525E-09;7.04238E-07;8.70712E-09;2.58653E-06;1.30158E-08;7.80351E-06;3.61154E-08;8.24874E-08;8.7969E-08;0.000656785;3.92495E-07;0.000468476;5.75618E-09;0.002628767;7.77595E-09;0.005151493;4.25429E-06;1.67747E-06;3.99564E-08;5.43247E-05;0.000923793;6.93334E-07;6.0691E-09;1.91844E-06;0.004330501;0.000117313;8.72743E-08;1.04337E-09;1.94436E-09;7.25478E-07;3.1711E-10;0.00636761;1.12734E-05;3.79488E-08;1.46031E-10;0.000283162;0.000105839;9.60702E-08;1.2127E-07;5.22071E-09;1.2135E-08;7.02428E-09;8.60556E-07
395;13.3543;0.02;0.009399213;0.00117572;1.51315E-05;1.28654E-06;6.07301E-07;0.000652709;4.90255E-05;0.001362328;5.47294E-09;0.017236353;0.017236353;2.97359E-06;0.000649285;1.17864E-08;5.31046E-05;1.05126E-05;0.011162873;0.011162873;1.11092E-09;4.26601E-05;2.86799E-08;1.95029E-06;0.000449256;1.15048E-05;1.60172E-06;0.007603524;0.000454221;3.96565E-07;2.36388E-05;0.000384347;0.006201901;1.23896E-08;0.000415707;1.96501E-08;0.002209665;0.001363536;5.01348E-08;0.000485447;0.000485447;1.87386E-09;0.008386346;0.001725644;0.000666416;0.015104448;2.09913E-07;0.014249292;9.56186E-07;3.62191E-06;6.13649E-06;1.37425E-08;0.003433284;5.53767E-08;2.54572E-09;4.64012E-08;4.02519E-06;5.15518E-08;1.35847E-05;9.65828E-08;3.70793E-05;2.62742E-07;5.50207E-07;5.80129E-07;0.002054089;2.3493E-06;0.001498197;4.57313E-08;0.006961926;6.21353E-08;0.01370054;2.13036E-05;8.24366E-06;1.50685E-07;0.000200249;0.002951979;3.96562E-06;4.66788E-08;9.5991E-06;0.011138798;0.000440622;5.99658E-07;8.91636E-09;1.64326E-08;3.90584E-06;2.90758E-09;0.016893361;5.39658E-05;1.47614E-07;1.50681E-09;0.00098206;0.000389375;5.81999E-07;7.9294E-07;3.40134E-08;4.73994E-08;5.39984E-08;4.83492E-06
400;14.708;0.05;0.023474709;0.002888412;7.18223E-05;7.60962E-06;3.23033E-06;0.002048024;0.000189834;0.004038793;4.55312E-08;0.038961388;0.038961388;1.57371E-05;0.001866558;8.85431E-08;0.000214239;5.03834E-05;0.026470861;0.026470861;1.03534E-08;0.000172392;2.00836E-07;1.04468E-05;0.001504953;5.30717E-05;8.60866E-06;0.018295716;0.001495472;2.49188E-06;0.000106466;0.00136651;0.015656368;5.00383E-08;0.001235876;1.41129E-07;0.005563545;0.004133414;3.56108E-07;0.001670413;0.001670413;1.62216E-08;0.020115274;0.005173118;0.001578255;0.034786074;1.28434E-06;0.033328163;5.27962E-06;1.70846E-05;2.8489E-05;1.03903E-07;0.008670772;2.53379E-07;1.96272E-08;3.10764E-07;2.03139E-05;3.09423E-07;6.29646E-05;6.32474E-07;0.000155484;1.68686E-06;3.2444E-06;3.37624E-06;0.005669286;1.24095E-05;0.004228283;3.2065E-07;0.016272793;4.3959E-07;0.032158238;9.41437E-05;3.57519E-05;5.51074E-07;0.000651413;0.008324638;2.00168E-05;3.1694E-07;4.26724E-05;0.025289198;0.00146049;3.63609E-06;6.84485E-08;1.22562E-07;1.8573E-05;2.48491E-08;0.039555601;0.00022798;5.64494E-07;1.37226E-08;0.003005758;0.001264276;3.12777E-06;4.57552E-06;2.15679E-07;1.77567E-07;3.66331E-07;2.39725E-05
405;16.148;0.11;0.051759279;0.006265793;0.00030085;3.97206E-05;1.51858E-05;0.005671058;0.000648699;0.01056664;3.34281E-07;0.077968948;0.077968948;7.34995E-05;0.004735512;5.87139E-07;0.000762742;0.000213096;0.055461896;0.055461896;8.51542E-08;0.000614792;1.24665E-06;4.93833E-05;0.00444911;0.000216054;4.08316E-05;0.038884825;0.004345176;1.38408E-05;0.000423164;0.004287609;0.034889923;1.98919E-07;0.003242486;9.36448E-07;0.012366126;0.011057714;2.23224E-06;0.005072461;0.005072461;1.23988E-07;0.042618745;0.013685735;0.003302712;0.070855588;7.03961E-06;0.068903036;2.57284E-05;7.11289E-05;0.000116771;6.93278E-07;0.019331274;1.1913E-06;1.33566E-07;1.8369E-06;9.05E-05;1.79071E-06;0.000257546;3.6551E-06;0.000575381;9.55741E-06;1.68989E-05;1.73402E-05;0.013809088;5.78475E-05;0.010531258;1.98416E-06;0.033621424;2.74894E-06;0.066712362;0.00036715;0.000136833;1.9852E-06;0.001870064;0.02071756;8.91645E-05;1.89945E-06;0.000168066;0.050817748;0.004272128;1.94572E-05;4.67669E-07;8.06715E-07;7.79798E-05;1.92207E-07;0.081864046;0.000849939;2.14504E-06;1.10294E-07;0.008118657;0.003622999;1.48772E-05;2.32999E-05;1.27693E-06;6.46348E-07;2.19321E-06;0.000104894
410;17.6753;0.25;0.101232816;0.012079227;0.001112128;0.00018297;6.30558E-05;0.013858603;0.001956265;0.024400055;2.16585E-06;0.141514892;0.141514892;0.000302939;0.010605321;3.43633E-06;0.002396459;0.000795385;0.103875365;0.103875365;6.18081E-07;0.001934884;6.84479E-06;0.000206011;0.011607802;0.000776203;0.000170911;0.073668319;0.011141937;6.79025E-05;0.001484295;0.011872199;0.068904337;7.91994E-07;0.007508391;5.61023E-06;0.024364527;0.026107588;1.23486E-05;0.013593396;0.013593396;8.3655E-07;0.080535271;0.031955024;0.006180229;0.130016316;3.4322E-05;0.127753438;0.000110652;0.000261363;0.00042251;4.08227E-06;0.038195367;5.60304E-06;8.02205E-07;9.58247E-06;0.000355877;9.61772E-06;0.000929668;1.8641E-05;0.001879048;4.77877E-05;7.77186E-05;7.85939E-05;0.029703431;0.000237973;0.023157235;1.08353E-05;0.062310047;1.5183E-05;0.124004331;0.001263598;0.000462164;7.14675E-06;0.004737773;0.0455203;0.000350513;1.0047E-05;0.000585576;0.092456023;0.011028237;9.18837E-05;2.83171E-06;4.68598E-06;0.000289031;1.3274E-06;0.151901862;0.002796352;8.10353E-06;7.82338E-07;0.019353189;0.009163539;6.25547E-05;0.000104708;6.87904E-06;2.32808E-06;1.15878E-05;0.000405042
415;19.2907;0.56;0.181690701;0.021575993;0.00362805;0.000743806;0.000231197;0.029906075;0.005206326;0.049826834;1.2384E-05;0.255636752;0.255636752;0.001101894;0.02104065;1.77497E-05;0.006644709;0.002619948;0.184994538;0.184994538;3.95913E-06;0.005374028;3.32074E-05;0.000758429;0.0267311;0.002460961;0.000631333;0.131179474;0.025219099;0.000294129;0.004594578;0.029011714;0.124199123;3.18385E-06;0.01537393;3.00025E-05;0.043871408;0.054469444;6.02847E-05;0.032149982;0.032149982;4.98166E-06;0.14338479;0.06595452;0.011010035;0.232998122;0.000148319;0.22796498;0.000419986;0.000847613;0.001349439;2.12134E-05;0.0688723;2.53899E-05;4.2522E-06;4.41162E-05;0.001235167;4.68462E-05;0.002961516;8.38978E-05;0.005415453;0.000210865;0.000315531;0.000314367;0.05684311;0.000863944;0.045180965;5.22187E-05;0.111207018;7.40382E-05;0.221126707;0.003837844;0.001377575;2.58141E-05;0.010595577;0.088749921;0.001215995;4.69017E-05;0.001803538;0.16665842;0.025127978;0.000382922;1.5164E-05;2.40212E-05;0.000945655;8.13497E-06;0.270996336;0.008119127;3.00421E-05;4.8973E-06;0.040756854;0.020463036;0.00023237;0.00041526;3.3246E-05;8.44345E-06;5.40302E-05;0.00138027
420;20.995;1.2;0.333098988;0.040025234;0.010444941;0.002668405;0.000748422;0.057389283;0.012229037;0.091585823;6.24891E-05;0.500454468;0.500454468;0.003537021;0.038012962;8.09134E-05;0.01625952;0.007615895;0.352364977;0.352364977;2.23805E-05;0.013172775;0.000142278;0.002464066;0.054448349;0.006885743;0.002058066;0.247154835;0.050534081;0.00112469;0.012551211;0.062603761;0.226146821;1.28003E-05;0.028310518;0.000142431;0.080023603;0.101683168;0.000259724;0.067188945;0.067188945;2.61819E-05;0.27079254;0.122139142;0.020996871;0.452334701;0.000567048;0.438416466;0.001406822;0.002426098;0.003804344;9.72824E-05;0.125410262;0.000107289;1.98917E-05;0.000179243;0.003783682;0.000204356;0.008325565;0.000333232;0.013773709;0.000821119;0.001130741;0.00110968;0.101350154;0.002767938;0.081012206;0.000222089;0.213975171;0.0003187;0.424251079;0.010286793;0.003623677;9.24225E-05;0.020993864;0.159090895;0.003722835;0.000193228;0.00490855;0.325738034;0.050664718;0.001408304;7.17467E-05;0.000108669;0.002731117;4.41179E-05;0.520793637;0.020803843;0.000106907;2.70543E-05;0.076642585;0.040501698;0.000762336;0.001453358;0.000143077;3.09998E-05;0.000222323;0.004150887
425;22.7883;2.37;0.654781592;0.078478673;0.02653738;0.008448059;0.002138967;0.102382543;0.025387389;0.163983427;0.000278267;0.894353127;0.894353127;0.010019561;0.069019147;0.000325519;0.035133079;0.019537366;0.675217486;0.675217486;0.000111648;0.028512417;0.000538208;0.007064862;0.099925949;0.017002988;0.005920705;0.479498642;0.091800555;0.003796006;0.030259288;0.120132538;0.444262092;5.02117E-05;0.050646401;0.000598605;0.157278026;0.181168184;0.000987486;0.125590062;0.125590062;0.00012144;0.524115861;0.218027915;0.040195477;0.835059907;0.001916127;0.827229669;0.004158844;0.0061291;0.009467639;0.000393705;0.246410722;0.000413436;8.21208E-05;0.000642702;0.010229844;0.000793131;0.020655505;0.001168034;0.030923739;0.002821769;0.003576568;0.003456781;0.189183141;0.007826024;0.148798712;0.000833574;0.403426989;0.001210856;0.803976973;0.024334149;0.008412908;0.000320159;0.03790192;0.292364887;0.010058488;0.000702556;0.011804835;0.586934019;0.092365135;0.004570838;0.000299777;0.000433837;0.006962822;0.000211449;0.98400306;0.047052456;0.000356772;0.000131896;0.136456584;0.073132766;0.002208517;0.004488887;0.000546182;0.000113626;0.00080732;0.011016219
430;24.6709;4.24;1.109596326;0.127758059;0.059516519;0.023603463;0.005397363;0.190641505;0.047218712;0.31788444;0.001093538;1.127591765;1.127591765;0.025048408;0.135479342;0.001155729;0.067496062;0.044239801;0.99472124;0.99472124;0.000491529;0.054861834;0.001797255;0.017876156;0.179149161;0.037071248;0.015031605;0.737487371;0.165769314;0.011308362;0.064433681;0.214315365;0.771180642;0.000186695;0.098021306;0.002224146;0.271514326;0.346163762;0.003313324;0.223720007;0.223720007;0.000497106;0.798698774;0.419783906;0.059028775;1.121297577;0.005719979;1.167814609;0.010850312;0.01367149;0.020809252;0.00140612;0.428251611;0.001433386;0.000299198;0.002033757;0.024413237;0.002729292;0.045244452;0.003613083;0.061494052;0.008557557;0.009984957;0.009502979;0.369638505;0.019527548;0.292461266;0.002761071;0.568424254;0.004060365;1.147706104;0.050864462;0.017269059;0.001044995;0.068867319;0.574597484;0.023984693;0.002254333;0.025113136;0.751218896;0.16622367;0.013092104;0.001105831;0.001528492;0.015675077;0.000895053;1.393932888;0.094211463;0.001095418;0.000567469;0.258910591;0.133175871;0.005650036;0.012235409;0.001845645;0.000404418;0.002587147;0.025803387
435;26.6425;7.17;1.282058936;0.139367901;0.118235858;0.05819935;0.012030256;0.373020517;0.084208872;0.589256893;0.003792439;0.91190775;0.91190775;0.055282439;0.237687826;0.003621255;0.12044414;0.088677244;0.95388594;0.95388594;0.001909675;0.097951335;0.005297746;0.039928414;0.347927268;0.071784533;0.033687126;0.745790216;0.32445096;0.029733593;0.122263051;0.399075155;0.925313057;0.000642126;0.182460335;0.007300701;0.323033511;0.660365878;0.00981097;0.426938593;0.426938593;0.001795802;0.798191627;0.790341157;0.056511572;0.96829244;0.015081037;1.065742881;0.02498706;0.027033333;0.040608883;0.004431877;0.515177408;0.004436787;0.000962032;0.005679558;0.051480798;0.008312047;0.087969841;0.00986312;0.111231113;0.022903;0.024604789;0.023055614;0.588093837;0.043016905;0.492423986;0.008071009;0.517833698;0.012016858;1.060789112;0.09508996;0.031855646;0.003144535;0.135207933;0.965630457;0.050526644;0.006383872;0.047717741;0.616907786;0.324405602;0.033093505;0.003600944;0.004752415;0.031268798;0.003345034;1.277085395;0.171047799;0.00305299;0.002154599;0.498578561;0.261729401;0.012768913;0.029432777;0.005514879;0.001356994;0.007316623;0.053420784
440;28.7027;12.11;0.952800598;0.098757009;0.213754747;0.126705725;0.023786935;0.598689438;0.161522528;0.798217646;0.011606923;0.515952712;0.515952712;0.108217974;0.290301024;0.010013555;0.2240508;0.161101892;0.605478194;0.605478194;0.006547627;0.182021716;0.013784579;0.079022711;0.642357329;0.128389994;0.066876385;0.494171147;0.58140357;0.069011971;0.217739232;0.780844594;0.712659593;0.002008398;0.249451787;0.021163326;0.247362275;0.96001095;0.025637605;0.815946886;0.815946886;0.005725188;0.523250695;1.109683753;0.036232667;0.57055847;0.035120168;0.652216079;0.050899156;0.048798689;0.072925092;0.012327302;0.399192464;0.01220839;0.002729905;0.013998174;0.096949761;0.022382267;0.15753676;0.023762006;0.201672764;0.054097805;0.053545857;0.049399824;0.62130589;0.084065641;0.563482372;0.020820915;0.317242276;0.031388572;0.655133986;0.16938545;0.056946752;0.008591677;0.236491509;1.101814677;0.095042452;0.015954828;0.085397421;0.352267859;0.58831057;0.073844332;0.010350356;0.013040094;0.056727719;0.011035402;0.783725591;0.308896749;0.007657738;0.007219476;0.74614511;0.456499646;0.025578491;0.062537537;0.014563576;0.004193099;0.018260911;0.099149774
445;30.8508;17.7;0.515611036;0.053529689;0.387784549;0.245026435;0.042996376;0.639988994;0.306406173;0.695942038;0.031349473;0.263105192;0.263105192;0.194296666;0.227781435;0.024437778;0.438620838;0.290767831;0.310451255;0.310451255;0.019811722;0.35662975;0.03166635;0.142587289;0.862996606;0.23729093;0.120856367;0.257589391;0.736971678;0.141651765;0.409643433;1.253137156;0.392526127;0.005651123;0.219729292;0.054168514;0.137475461;0.906258316;0.059131206;1.192490584;1.192490584;0.016108089;0.270273566;1.006544507;0.019720346;0.290251602;0.072366086;0.332595809;0.093426079;0.088953803;0.134297511;0.030260468;0.224378544;0.02979459;0.006836711;0.030464576;0.172788781;0.053267385;0.29014072;0.050563476;0.39563234;0.112913724;0.103549133;0.094223312;0.426403205;0.150834261;0.415126896;0.047410163;0.163699253;0.072372001;0.334402026;0.323204329;0.110043901;0.021110205;0.287316774;0.809424298;0.169234281;0.035205492;0.161439569;0.179609512;0.762186959;0.146011996;0.026260705;0.031577635;0.102957703;0.032134715;0.39972305;0.604601316;0.017203879;0.021348123;0.729243294;0.553359081;0.046563653;0.118450701;0.033985846;0.011744443;0.040236372;0.176876309
450;33.0859;18.87;0.265696877;0.030539392;0.760922488;0.438014114;0.07859458;0.443681646;0.438597421;0.412954956;0.074727868;0.145222019;0.145222019;0.355980051;0.127619652;0.052669125;0.706453187;0.568884428;0.165869686;0.165869686;0.052902447;0.577171019;0.064372784;0.259280578;0.747751311;0.465872123;0.21932976;0.139498688;0.600880871;0.261387179;0.795788483;1.339436493;0.201185965;0.014213512;0.13143572;0.122438228;0.074323622;0.568495671;0.120615479;1.1327594;1.1327594;0.039997476;0.143148551;0.613535733;0.012910387;0.158392678;0.134027533;0.179665157;0.16753567;0.174894171;0.26414702;0.065591321;0.123311611;0.06445326;0.015116528;0.05890222;0.327879018;0.112140352;0.570044087;0.095888544;0.697660447;0.210853946;0.185261431;0.167902925;0.2233449;0.276714502;0.224006839;0.095536872;0.092266105;0.147599706;0.18003937;0.617818606;0.205604819;0.046391401;0.223976001;0.435694872;0.321073329;0.068913381;0.312762085;0.099260868;0.633784802;0.263344943;0.058829719;0.067534921;0.202075929;0.082593646;0.215597301;1.081660061;0.03461572;0.055709751;0.469845768;0.435366572;0.084505703;0.210913421;0.070199271;0.029528131;0.0786492;0.339843466
455;35.4068;14.58;0.14833066;0.022170322;1.338869304;0.810244824;0.154639371;0.233270493;0.407292826;0.210838212;0.15736816;0.080253936;0.080253936;0.699773659;0.067501166;0.100974498;0.758802101;1.02002631;0.09309831;0.09309831;0.124674415;0.624572291;0.118060946;0.509186088;0.447323717;0.768238625;0.43042414;0.084658672;0.3460326;0.467675925;1.230702525;0.92849435;0.111825691;0.031849428;0.06755296;0.245132514;0.048265824;0.29092846;0.221541486;0.713882174;0.713882174;0.08768862;0.080403312;0.313311064;0.011789047;0.088250379;0.239988901;0.100873482;0.325425618;0.304370922;0.444347502;0.126357301;0.082660464;0.124321664;0.0296453;0.105323897;0.632130799;0.211096553;0.950862035;0.170756067;0.859445817;0.375659126;0.343205046;0.314355206;0.116958236;0.543953418;0.116289531;0.174124299;0.058778283;0.27114925;0.100856759;0.903464143;0.283483344;0.091212511;0.124160728;0.224983922;0.618510928;0.123769002;0.481788625;0.055796448;0.364602833;0.479157937;0.116791148;0.128616631;0.358332963;0.187406858;0.120709545;1.366448169;0.0635072;0.128315212;0.242044819;0.254690645;0.165750424;0.397450574;0.130295828;0.066273976;0.141129468;0.642403059
460;37.8121;9.9;0.080897535;0.021336806;1.643145773;1.590003771;0.268569379;0.121991308;0.254377861;0.116403442;0.295923367;0.040344779;0.040344779;1.188529514;0.04169616;0.180159474;0.528225133;1.293801159;0.04885014;0.04885014;0.259650464;0.439462945;0.212121202;0.888303506;0.240570056;0.853231213;0.756150404;0.056475601;0.18627091;0.904250243;1.253304626;0.488139001;0.061320841;0.063652436;0.038139393;0.445349114;0.038794681;0.156116497;0.396855192;0.365545347;0.365545347;0.17064155;0.042541652;0.170683186;0.01480371;0.045147617;0.463114244;0.052987424;0.600847651;0.367864612;0.510449801;0.225646474;0.06886108;0.222614244;0.053287373;0.194987892;0.950048503;0.376580496;1.073185556;0.321412284;0.67982917;0.717566706;0.673561188;0.612985047;0.065667122;0.919859757;0.066403086;0.313512001;0.04351261;0.486052314;0.052425883;0.858822554;0.252064548;0.164350007;0.063569659;0.125794146;0.926684274;0.226936146;0.497358353;0.029961667;0.185620988;0.941155658;0.211217888;0.229154949;0.447528832;0.376449396;0.062614773;1.107301422;0.114295142;0.261394988;0.129683265;0.154735354;0.295965264;0.770903196;0.233285388;0.132683473;0.258872441;0.911087349
465;40.3002;7.53;0.03992783;0.027287791;1.294649169;2.611839478;0.324981755;0.068740487;0.134895976;0.068026205;0.526884316;0.018030645;0.018030645;1.378020622;0.030875914;0.335947774;0.278150259;1.052807774;0.022932751;0.022932751;0.484062409;0.237076242;0.412717871;1.07468402;0.152486679;0.613471156;0.925404871;0.047284176;0.119230748;1.688569262;0.835252682;0.25524742;0.03040787;0.115925988;0.024137816;0.805203165;0.040899761;0.08794712;0.769883977;0.195699725;0.195699725;0.305735325;0.020085882;0.098213319;0.022671091;0.020598482;0.868061697;0.026011183;0.807531534;0.289605794;0.385790179;0.418800202;0.072785447;0.412395457;0.097585513;0.382713591;0.937511529;0.714550022;0.780979361;0.624078461;0.381761219;1.369511574;1.105284634;0.964798436;0.035203439;1.05962897;0.039062861;0.612127264;0.043012159;0.943367545;0.024266002;0.541580871;0.151819734;0.296283156;0.035349229;0.068567028;0.907580424;0.446250969;0.357802222;0.017172142;0.10199991;1.638398956;0.383886032;0.429686368;0.365328728;0.684971319;0.028915503;0.627286445;0.217996528;0.479698373;0.074644066;0.122541535;0.375492247;1.184634203;0.449264116;0.241291511;0.50889168;0.835975521
470;42.8693;6.02;0.017889824;0.040805081;0.724598515;2.883299014;0.260485793;0.037569055;0.081651997;0.040999375;0.999759956;0.007288917;0.007288917;1.027478884;0.029911519;0.657108696;0.145352694;0.59811513;0.009798356;0.009798356;0.862685951;0.133285773;0.758765903;0.834833101;0.118165228;0.331774057;0.726590293;0.054384504;0.092735809;2.327765883;0.43613604;0.143725174;0.013374766;0.209081889;0.01805451;1.575744512;0.054228302;0.046836886;1.424620148;0.109813506;0.109813506;0.562907308;0.008410263;0.056217143;0.03662257;0.008577073;1.211880531;0.0139788;0.700954204;0.172017909;0.229933209;0.820852221;0.09285405;0.802148757;0.191924213;0.628282947;0.619959829;1.371920063;0.419753173;0.963181953;0.199554009;1.993573532;1.222167481;1.004882526;0.016983366;0.78596748;0.025005728;1.108947414;0.055759315;1.744605009;0.010032311;0.277491688;0.078241672;0.568986156;0.019601979;0.034001141;0.587683035;0.757745141;0.237131976;0.014215949;0.056619361;1.975265371;0.753665715;0.837047533;0.224283127;1.235691469;0.011932561;0.319967781;0.387342395;0.859686485;0.043029507;0.122062451;0.315039354;1.196388076;0.843970813;0.431527258;0.861072553;0.514077713
475;45.5174;5.11;0.008126293;0.062744878;0.376759618;2.05622631;0.165628142;0.019559925;0.061194954;0.030237455;1.925193273;0.003027566;0.003027566;0.557070649;0.038515218;1.051303893;0.081940176;0.305631825;0.004377841;0.004377841;1.650585164;0.090964503;1.012458701;0.463315608;0.112622744;0.18170677;0.404401172;0.075310929;0.089940091;2.07749022;0.235715163;0.078267217;0.005278762;0.403122625;0.018975711;2.814374779;0.078630578;0.023744647;1.922661211;0.057527344;0.057527344;1.106216461;0.003197393;0.036149909;0.057964684;0.003811684;1.106600444;0.011773124;0.422299172;0.109616727;0.154788111;1.333233238;0.128928555;1.300011027;0.327511486;0.693994773;0.345891612;2.051373522;0.219766807;0.978183058;0.118586304;1.884928657;0.883945123;0.681548923;0.007492514;0.426804676;0.021980704;1.434234101;0.080474583;2.353373669;0.003946557;0.148883548;0.044434543;0.978745284;0.010183716;0.015782809;0.307920481;0.879400764;0.200185345;0.018775665;0.028775415;1.529365691;1.322619402;1.31077996;0.147164253;2.415826625;0.004695846;0.17687245;0.512721832;1.668981686;0.027516317;0.144295891;0.204315053;0.791020744;1.187706701;0.828463942;0.992830101;0.263587221
480;48.2423;5.17;0.005469388;0.09419554;0.21984615;1.093776658;0.12144849;0.011489811;0.058021207;0.032825983;2.880961636;0.002067973;0.002067973;0.287391973;0.056747825;1.120610048;0.044925774;0.170123049;0.003201044;0.003201044;3.142529783;0.075875574;0.876919976;0.240580367;0.131510373;0.117794617;0.207024844;0.108986962;0.107620228;1.273504361;0.14233584;0.040042174;0.002057696;0.712328605;0.026939387;3.555437272;0.114801007;0.013849083;1.67061013;0.027014146;0.027014146;1.849312879;0.001299107;0.033270617;0.088094226;0.002918142;0.710726294;0.016392576;0.232223492;0.093741351;0.138310611;1.449090371;0.186484858;1.435302074;0.383120603;0.498653384;0.22492326;2.024214573;0.127904009;0.649973133;0.079444493;1.183986887;0.497576712;0.355944591;0.003515657;0.224234697;0.028372905;1.192455127;0.11737753;2.050012102;0.002038278;0.084308651;0.028696351;1.204455268;0.005482991;0.008359397;0.173916147;0.660500315;0.217615525;0.030037209;0.013210462;0.847504249;1.619921628;1.356694777;0.128926439;4.347325229;0.002437394;0.098494931;0.47944543;3.081758708;0.025039855;0.193614368;0.147409807;0.409749177;1.097918496;1.484473449;0.737219212;0.14487818
485;51.0418;5.82;0.007127564;0.13812833;0.139800898;0.570371471;0.119942525;0.010656328;0.069706673;0.046489553;2.815902392;0.003016258;0.003016258;0.161418686;0.084900621;0.780040196;0.023594012;0.097297827;0.004648182;0.004648182;4.542948527;0.080381916;0.538306836;0.139773562;0.176213152;0.090298075;0.115300269;0.158603939;0.145315266;0.693464959;0.093080512;0.021964409;0.001225262;0.912051862;0.042323333;2.904528131;0.167655576;0.01304044;0.991892084;0.011683545;0.011683545;2.095441078;0.000992531;0.043599997;0.129698285;0.004416816;0.429374646;0.027005115;0.154174841;0.10116754;0.151367947;1.020772489;0.283463769;1.076270789;0.290501809;0.274535616;0.184984691;1.360280102;0.078633913;0.337939062;0.064127053;0.606514857;0.302602514;0.187809938;0.002753382;0.132798569;0.043353255;0.691242369;0.17159159;1.23390641;0.002305197;0.045818914;0.022267903;1.02281415;0.00430523;0.007587045;0.114587583;0.369672715;0.28260711;0.048417914;0.005950183;0.440440107;1.285045344;0.916975433;0.140300662;5.557407462;0.002752016;0.051124223;0.38795426;4.140215018;0.033115059;0.286492707;0.14241063;0.217086648;0.718114939;1.939440559;0.400971813;0.086348572
490;53.9132;6.77;0.012360828;0.20438456;0.101329309;0.32407567;0.142200959;0.015487768;0.095462898;0.070173365;1.815625395;0.005719425;0.005719425;0.090227963;0.124684007;0.422678527;0.014127674;0.055299064;0.008528214;0.008528214;4.261609904;0.102566709;0.315639261;0.087916188;0.259018193;0.087110633;0.064582421;0.23744472;0.210151832;0.440650553;0.073919022;0.017776566;0.001686156;0.797078403;0.065887193;1.703365266;0.252695006;0.018981077;0.512801421;0.005550304;0.005550304;1.535029254;0.00164351;0.064859224;0.191139401;0.008207523;0.326931547;0.044196636;0.127614616;0.126431221;0.192005821;0.543955884;0.446230265;0.693121047;0.165050817;0.159573655;0.185368424;0.799454916;0.055082405;0.180525345;0.068759074;0.32635672;0.231656416;0.107294332;0.004151803;0.085844826;0.067015805;0.363750995;0.259361679;0.666820634;0.004191231;0.024914491;0.024065461;0.750579011;0.005943194;0.011464417;0.088646948;0.210993907;0.416645113;0.074978073;0.003680805;0.255666204;0.746967641;0.482389261;0.176255934;4.574904528;0.004946473;0.026157847;0.385866744;3.579210698;0.050463788;0.447579613;0.166702031;0.123098099;0.447109896;1.700289255;0.211557635;0.054630834
495;56.8539;7.88;0.021774787;0.315358796;0.095569027;0.183613562;0.188746127;0.02581416;0.136164423;0.104293625;0.938436356;0.010819819;0.010819819;0.048874589;0.183164576;0.243321122;0.013306303;0.036580773;0.015589286;0.015589286;2.663888451;0.142505268;0.23207083;0.063469699;0.404204469;0.104943657;0.034657096;0.371279827;0.322965807;0.337323906;0.079202449;0.023223176;0.003287001;0.57367685;0.098917895;0.961792071;0.39667723;0.031189178;0.29357049;0.004575077;0.004575077;0.838269507;0.003321633;0.096620878;0.292768619;0.015073821;0.322143634;0.069165772;0.129458202;0.173141414;0.27506647;0.291822489;0.675376782;0.558089287;0.097984316;0.116087753;0.225436414;0.574439555;0.052529107;0.105517691;0.090325917;0.185754504;0.216781874;0.060998712;0.007721011;0.065681092;0.100378611;0.219313541;0.407655918;0.419774972;0.008063109;0.017328836;0.034052493;0.693292235;0.010466812;0.019803616;0.087501884;0.149345345;0.627872915;0.111562475;0.004500575;0.15907717;0.433908011;0.2626706;0.248617072;2.653464804;0.00939096;0.017023734;0.502044548;2.116027345;0.077018417;0.676130122;0.222144594;0.067723043;0.357060784;1.170937971;0.126803803;0.042961304
500;59.8611;8.94;0.036685386;0.496208341;0.115576416;0.104616877;0.27574342;0.042476525;0.199614522;0.152644415;0.507924649;0.019492133;0.019492133;0.03006361;0.279119571;0.170552678;0.019184015;0.035619835;0.0271494;0.0271494;1.369747835;0.20792951;0.214130633;0.061341976;0.621399967;0.142569362;0.020317614;0.577550659;0.507095377;0.317062315;0.103872214;0.036556225;0.006490244;0.49786263;0.14502985;0.663971431;0.612137008;0.050375482;0.186613089;0.006929547;0.006929547;0.45826459;0.006581523;0.141475111;0.461320552;0.026340404;0.398226072;0.103614944;0.157249058;0.255389711;0.425145366;0.178064948;0.900433224;0.615559551;0.075767605;0.104570656;0.322012463;0.553311961;0.066813302;0.063866725;0.127543111;0.102440924;0.250440435;0.036414578;0.014242507;0.067623594;0.147108603;0.152459672;0.626637146;0.313986546;0.014892853;0.019510791;0.052450015;0.820128004;0.01869063;0.03354025;0.107586737;0.129749663;0.860441021;0.163535455;0.007906856;0.110537258;0.31268587;0.162718867;0.381428844;1.422639504;0.017116104;0.018543745;0.705743396;1.088911485;0.114128444;0.900849603;0.32952099;0.037013265;0.375479586;0.924040642;0.084337141;0.047886119
505;62.932;9.82;0.058629348;0.733887161;0.15858647;0.071873503;0.428788093;0.066760531;0.30662231;0.227922624;0.299747201;0.033247848;0.033247848;0.027686124;0.439680794;0.143658341;0.031381989;0.048043402;0.044787008;0.044787008;0.748955123;0.320122226;0.241762459;0.077348596;0.857191007;0.206481016;0.01757612;0.817766251;0.745799096;0.385457678;0.146669182;0.057791053;0.012221632;0.58883193;0.215539584;0.577886942;0.849285566;0.077771072;0.13306679;0.012458912;0.012458912;0.293603484;0.012384815;0.209726476;0.693662106;0.043589104;0.566694885;0.151873919;0.217527749;0.398535044;0.6468518;0.120167684;0.999951051;0.782156184;0.075135442;0.11584501;0.495471852;0.663834104;0.095001413;0.044713892;0.185632058;0.057898512;0.349595307;0.028947764;0.025017259;0.087574086;0.218908898;0.126137135;0.861761553;0.284431802;0.026066943;0.029554591;0.079879199;0.982341712;0.031954808;0.054083516;0.147723206;0.138064483;0.994921616;0.246043967;0.01443737;0.099356918;0.277352171;0.112297895;0.588864111;0.881797756;0.029563581;0.028053342;0.915527436;0.614566842;0.167287976;0.999978319;0.511235417;0.025026237;0.48800462;0.962227869;0.06766967;0.066389451
510;66.0635;10.52;0.089213363;0.939972158;0.233325249;0.071479073;0.652190299;0.100325215;0.482698094;0.355353663;0.182520465;0.053702477;0.053702477;0.037291761;0.66739591;0.14915482;0.05060966;0.071528185;0.070081075;0.070081075;0.442223001;0.503084757;0.329727093;0.108575596;0.993994865;0.317063066;0.023579928;0.98177021;0.947027027;0.552153811;0.21604386;0.087898571;0.021790043;0.777701001;0.334381586;0.640819231;0.992000683;0.115425175;0.119745955;0.022050484;0.022050484;0.21569465;0.022055211;0.32446825;0.913629847;0.06840407;0.793569264;0.226719414;0.329881148;0.613908543;0.877994055;0.09791875;0.908341657;0.958399213;0.090469892;0.149412927;0.730320029;0.850707858;0.137533387;0.043935495;0.282625955;0.042315929;0.530844182;0.034657739;0.041617818;0.123346047;0.340104443;0.132324948;0.995034618;0.333298412;0.043185269;0.047185164;0.118078027;1.035547338;0.051817419;0.082962672;0.215569224;0.174397898;0.942946182;0.385729346;0.025298872;0.116808639;0.308749518;0.095336256;0.827787613;0.636717446;0.048344;0.045028324;1.007050402;0.374468077;0.252312522;0.90802106;0.748768926;0.026588017;0.68786904;1.065719794;0.072503169;0.096933645
515;69.2525;11.06;0.131337724;0.995212875;0.363047858;0.092856469;0.88238274;0.14711788;0.718589889;0.555130259;0.126286948;0.082446073;0.082446073;0.056772595;0.894457474;0.187116055;0.078080566;0.105910884;0.10488722;0.10488722;0.26699045;0.741450963;0.498079047;0.15669571;0.943803395;0.498301359;0.037227116;0.96709132;0.992813748;0.78113522;0.334564854;0.129456029;0.03676162;0.960203311;0.52469536;0.810680025;0.949053492;0.169305578;0.138730209;0.037130987;0.037130987;0.191484593;0.037164133;0.509952569;0.999719841;0.102592011;0.970695423;0.353336131;0.515602633;0.850708019;0.998022356;0.104546153;0.686205445;1.015235674;0.121686704;0.212129773;0.93741977;0.995589673;0.202824952;0.057841641;0.445096855;0.046934614;0.767267269;0.051046399;0.06563385;0.179081172;0.53310139;0.168261239;0.940563243;0.474686334;0.067838028;0.073114434;0.173218612;0.913854123;0.07984379;0.122617842;0.332903153;0.249030836;0.738587978;0.59742314;0.04203225;0.158699341;0.423780172;0.105649401;0.985373708;0.570574844;0.075037339;0.070134253;0.911934696;0.242041464;0.396109701;0.685754003;0.948540262;0.038438328;0.90178762;1.065050675;0.095142107;0.141256937
520;72.4959;11.51;0.193728053;0.862586456;0.565729182;0.131467053;0.998609601;0.218947757;0.930394093;0.796016872;0.116191247;0.12190294;0.12190294;0.085868174;0.999697521;0.268796315;0.115848249;0.15493411;0.153728559;0.153728559;0.181416061;0.944493329;0.730519683;0.233792681;0.740271298;0.736128327;0.058761101;0.783631045;0.852386657;0.964725245;0.524817303;0.190775803;0.058748561;1.010456215;0.764827721;0.974097857;0.74930767;0.255723911;0.188191133;0.059270906;0.059270906;0.216959634;0.059322974;0.749027987;0.894839116;0.150394668;0.982664657;0.552248588;0.754621132;0.992376261;0.928428989;0.134992236;0.455091545;0.893165288;0.172908991;0.324182211;0.996102121;0.981121501;0.312519617;0.084064867;0.674032965;0.065966524;0.958444364;0.077277341;0.098803493;0.271470524;0.77363403;0.241418972;0.734861582;0.695150677;0.101817635;0.108965256;0.26229813;0.678419813;0.118301922;0.18021362;0.522133494;0.384717425;0.500407661;0.836181263;0.066216097;0.232840489;0.625747047;0.13891927;0.962021573;0.663869792;0.111683078;0.10489268;0.688273512;0.187882492;0.611392346;0.454715943;0.99236965;0.059396819;1.002925072;0.903852405;0.134255316;0.209141424
525;75.7903;11.93;0.297192384;0.627613059;0.806380598;0.192204213;0.92476339;0.340175698;0.997580999;0.97281522;0.139648885;0.179120168;0.179120168;0.126439447;0.913982312;0.416815822;0.169943682;0.231675849;0.229769589;0.229769589;0.162527088;0.993745938;0.937141592;0.365012883;0.501968523;0.94132045;0.08922514;0.542818647;0.615697696;0.985398758;0.764933658;0.292153259;0.089378613;0.879629873;0.957592429;0.998223864;0.51021023;0.401735928;0.280772652;0.090093752;0.090093752;0.301065736;0.090165909;0.948899008;0.667899008;0.224295487;0.817612788;0.793146189;0.951990433;0.948165648;0.715530324;0.191380845;0.288814311;0.659839478;0.259110659;0.508235299;0.866535564;0.800884641;0.491849438;0.1227564;0.89944106;0.09697785;0.987889495;0.114317208;0.144940211;0.427207368;0.962159552;0.373507884;0.497081589;0.912283022;0.149274455;0.159684541;0.412506146;0.445771569;0.17364414;0.274172464;0.762049627;0.594425471;0.318121331;0.988172944;0.099598771;0.362027957;0.856244553;0.198712476;0.773331588;0.849601566;0.163723737;0.153723126;0.45629616;0.195024708;0.848634613;0.288575137;0.850450683;0.089775939;0.91693737;0.65275752;0.196130621;0.323404599
530;79.1326;12.37;0.468244238;0.408395635;0.977259163;0.294094643;0.709982091;0.53320691;0.875272562;0.97698687;0.1938062;0.272316268;0.272316268;0.18603818;0.694165443;0.636939643;0.256815566;0.361676169;0.35848394;0.35848394;0.193962762;0.856142401;0.996429693;0.568776219;0.319204528;0.994814219;0.131312125;0.346786431;0.399374936;0.826332875;0.95764671;0.460355331;0.13156991;0.643803407;0.987911584;0.846671943;0.324637729;0.618863276;0.440274808;0.132574186;0.132574186;0.461666751;0.13267578;0.9920946;0.440085616;0.3492384;0.577146671;0.971527628;0.99075267;0.747750762;0.480005203;0.290113815;0.188837719;0.432585656;0.406390875;0.746895418;0.632306514;0.558365826;0.728997274;0.179960863;0.999923168;0.141626012;0.834886316;0.167520386;0.215435346;0.651760067;0.985200564;0.579523672;0.315930729;1.000406661;0.222463746;0.239621654;0.632967106;0.282251724;0.263041767;0.431760507;0.95610351;0.83316;0.205989382;0.957131251;0.146077069;0.564252193;0.9939489;0.303111605;0.532810618;0.992722768;0.246360716;0.229767754;0.289464323;0.258876905;0.991825577;0.18869118;0.613453997;0.131996194;0.697178764;0.422724337;0.300556152;0.508344212
535;82.5193;12.83;0.701851865;0.259781454;0.972522199;0.463344763;0.475316303;0.773747013;0.64295173;0.805716518;0.292552862;0.428770178;0.428770178;0.284065598;0.461743975;0.870095186;0.403604468;0.564106897;0.559593213;0.559593213;0.277342069;0.620046746;0.867563009;0.809446656;0.206822656;0.860759955;0.193677734;0.222857634;0.254422785;0.586568364;0.987882352;0.6925124;0.19409226;0.420082318;0.835365368;0.60716358;0.209812408;0.855131275;0.667742878;0.195669849;0.195669849;0.69097853;0.195829966;0.849655364;0.279363189;0.546362298;0.370940726;0.978149371;0.84473965;0.508778989;0.304772531;0.456306617;0.128299315;0.274471075;0.624777805;0.947643136;0.411997247;0.35732592;0.936971345;0.273607045;0.9092953;0.209862948;0.59600158;0.252690481;0.334291253;0.882328738;0.82722706;0.819437899;0.204705931;0.898426395;0.346137439;0.375023335;0.867091215;0.18476843;0.413724504;0.657530424;0.988713079;0.98718831;0.139082511;0.763999149;0.217257492;0.804969701;0.946830078;0.476756453;0.339922386;0.972808221;0.386255962;0.358524199;0.189169547;0.392671983;0.949473892;0.128176528;0.397654928;0.19472753;0.464105758;0.267283483;0.473301579;0.747274115
540;85.947;13.31;0.919294617;0.171713213;0.795358974;0.696282993;0.302218786;0.962235885;0.420256625;0.564996213;0.459721572;0.653770069;0.653770069;0.44757647;0.293040915;0.996706337;0.621631582;0.80485166;0.800454566;0.800454566;0.430663583;0.402660682;0.633508242;0.97888094;0.140324173;0.625622248;0.297104483;0.149563999;0.169043132;0.377776423;0.835273339;0.912822625;0.297813993;0.266761334;0.596523876;0.392639377;0.141468015;0.993514215;0.894846008;0.300506815;0.300506815;0.911284021;0.300781683;0.612896649;0.183267509;0.78722849;0.237182375;0.808544305;0.606972612;0.32368295;0.198168557;0.687506663;0.087406486;0.180334386;0.860154598;0.992580895;0.261983389;0.229021857;0.996057764;0.430821362;0.687537352;0.324676609;0.384839459;0.396737287;0.524881895;0.998576745;0.587659514;0.982387041;0.138278142;0.672525902;0.5418821;0.582758551;0.996243738;0.125536378;0.634543549;0.88686863;0.837912501;0.95893393;0.094705329;0.524125531;0.3373057;0.976834025;0.745054912;0.711653999;0.218881714;0.788883563;0.598137729;0.559830067;0.1284107;0.60332651;0.750046604;0.087204858;0.253246173;0.298892731;0.294513684;0.175740337;0.707738975;0.947889274
545;89.4124;13.79;0.999249845;0.117023295;0.554474678;0.916440336;0.198397519;0.98526407;0.267055523;0.362304284;0.691522858;0.883927561;0.883927561;0.677098766;0.191312697;0.934512822;0.858689808;0.976635444;0.974880409;0.974880409;0.654826483;0.256413614;0.412920158;0.972717984;0.09784683;0.407587874;0.468107269;0.10220753;0.116928515;0.241296612;0.596422512;0.999768035;0.469213475;0.175791733;0.385067304;0.250198606;0.09638148;0.945247124;1.000550897;0.473402391;0.473402391;0.999919807;0.47383706;0.398525097;0.124606314;0.968798626;0.158245278;0.567920433;0.392805455;0.209252678;0.134159586;0.90925402;0.058571751;0.122680805;0.994679492;0.851472736;0.173017656;0.153259327;0.866696338;0.656348811;0.45619848;0.510268202;0.246129903;0.61226125;0.766233365;0.92464334;0.378633233;0.966284504;0.094134385;0.443832615;0.782676364;0.822672706;0.937163135;0.085155413;0.868382311;0.999087423;0.599338685;0.767363914;0.062658995;0.334845016;0.529000698;0.973867163;0.506268809;0.925860633;0.147412685;0.548222145;0.836827807;0.801393003;0.087120389;0.841317597;0.510890791;0.058021259;0.167831599;0.470902205;0.192152101;0.119546817;0.923269771;0.992472401
550;92.912;14.26;0.888558571;0.07891718;0.354927217;1.003605441;0.13958259;0.827534181;0.176016873;0.232038572;0.912098228;0.998804647;0.998804647;0.901716358;0.129873437;0.72504952;0.998761636;0.973251926;0.975657745;0.975657745;0.884567196;0.170207511;0.262553614;0.797699018;0.071298292;0.261755983;0.701693663;0.068779338;0.083687005;0.160821028;0.384992835;0.895711415;0.702990102;0.119702951;0.245645462;0.16620742;0.063880678;0.742874047;0.916669911;0.707886789;0.707886789;0.897646363;0.708432193;0.257766105;0.084393234;0.980442506;0.108116176;0.364423655;0.250311838;0.141122785;0.091220578;0.999925974;0.040539729;0.083003271;0.941715765;0.614640226;0.117887654;0.104561368;0.632517431;0.885956905;0.289511969;0.74940963;0.165637884;0.849549756;0.962657598;0.709794571;0.24201263;0.781951861;0.062221175;0.281754221;0.966632197;0.983586196;0.730251549;0.056115994;0.996398689;0.920773488;0.38714323;0.527101053;0.03960393;0.21864766;0.769356625;0.799188848;0.322010169;0.998392152;0.101695141;0.354106797;0.98837427;0.977888339;0.057101817;0.991549519;0.325092677;0.038878469;0.114438931;0.705015946;0.130329828;0.080748753;0.998772226;0.851069586
555;96.4423;14.68;0.659703987;0.051145481;0.227813352;0.904765056;0.108983427;0.589041194;0.119866835;0.155104835;0.999808924;0.923457284;0.923457284;0.999977341;0.088479887;0.488346519;0.956632462;0.797102244;0.803093765;0.803093765;0.998847316;0.11765082;0.173383518;0.567735047;0.061609376;0.180072303;0.919202406;0.04588954;0.067085143;0.11022978;0.245601421;0.669062119;0.92006994;0.080853252;0.16329581;0.114116359;0.040451901;0.505007451;0.702327893;0.923374785;0.923374785;0.671610144;0.923919673;0.180894059;0.055117223;0.814304524;0.072972493;0.233482087;0.166088409;0.096154958;0.060094411;0.899491659;0.03496659;0.054107121;0.736783854;0.398548867;0.079544205;0.06984236;0.412163164;0.999056523;0.189226011;0.949295353;0.118730587;0.992755778;1.001870665;0.475043917;0.161969403;0.541172432;0.039202442;0.184866918;0.982114077;0.964582166;0.496903198;0.036498906;0.935790978;0.704035218;0.246901584;0.336013563;0.024039489;0.154931381;0.959967653;0.563054759;0.208294201;0.880873475;0.071345829;0.238595197;0.956739407;0.983878257;0.035610329;0.961006838;0.210082131;0.030301153;0.07704178;0.921654024;0.088493959;0.052670966;0.883958875;0.614177918
560;100;15.08;0.433495904;0.031487232;0.1531124;0.695701859;0.105808798;0.383346978;0.080976669;0.105830607;0.896495777;0.708359245;0.708359245;0.907091116;0.059182823;0.310201342;0.770572862;0.556810167;0.565754423;0.565754423;0.922814664;0.084080136;0.118252641;0.396409013;0.074030849;0.140212099;0.999343367;0.033483204;0.071254781;0.075683701;0.163273839;0.441077733;0.999166548;0.052546182;0.111394767;0.079337459;0.024543933;0.323407678;0.483415149;0.998774991;0.998774991;0.443094418;0.99950722;0.145733778;0.034228674;0.573909318;0.048653485;0.156635872;0.113297242;0.063782995;0.037714595;0.674099152;0.046187871;0.033532274;0.498876401;0.25378861;0.051603105;0.044616326;0.262092937;0.921841659;0.128455764;0.992760028;0.09433126;0.951483726;0.867959365;0.301565985;0.113189362;0.345647616;0.023404193;0.126354081;0.818679118;0.77847581;0.327679446;0.026512985;0.72729688;0.470150332;0.164079004;0.216497211;0.014912202;0.124948508;0.986557859;0.374809958;0.140633472;0.649923346;0.055612663;0.188852831;0.763225522;0.822615704;0.021033266;0.777825584;0.141650398;0.034495473;0.049790978;0.99990335;0.058103365;0.033348993;0.653820727;0.398201178
565;103.582;15.42;0.275253362;0.018371636;0.106320109;0.506745251;0.139181925;0.255529908;0.052642239;0.070770066;0.670092565;0.475201243;0.475201243;0.684473161;0.040467655;0.201356422;0.565185989;0.358653214;0.372928813;0.372928813;0.707054326;0.067091702;0.080274965;0.329452618;0.115410507;0.133383344;0.88900997;0.033171558;0.102914;0.053939727;0.111402069;0.280200557;0.887674258;0.032448392;0.074827523;0.058919304;0.015021359;0.215150163;0.343296625;0.883911919;0.883911919;0.28125138;0.885993148;0.142546989;0.020129463;0.368664596;0.035128013;0.108892886;0.076324491;0.040642764;0.022463916;0.445144706;0.08119247;0.019698941;0.317410043;0.168154951;0.031821155;0.027034939;0.173119284;0.706197508;0.087156648;0.851698137;0.093621906;0.756580842;0.663327255;0.196296066;0.083608629;0.22217463;0.013221484;0.087906637;0.578513148;0.537783822;0.24115569;0.028543311;0.491243354;0.298611023;0.112053742;0.145609943;0.012066219;0.125573153;0.831223668;0.272541038;0.096234627;0.425736569;0.058786349;0.19439106;0.523182977;0.606218588;0.011754812;0.567011471;0.096577421;0.05527285;0.030562252;0.888889693;0.036310305;0.022367981;0.428825714;0.253578544
570;107.184;15.72;0.180859415;0.010229542;0.076439038;0.416215649;0.221035817;0.195701821;0.032544598;0.045280332;0.441863333;0.305898609;0.305898609;0.453685438;0.033637397;0.136213036;0.43721403;0.236244917;0.262211562;0.262211562;0.472704457;0.07075956;0.053711893;0.366744339;0.193726265;0.163296566;0.661008535;0.048003691;0.169287502;0.04712857;0.074931004;0.184547807;0.658565999;0.018973445;0.048193476;0.056478504;0.011509973;0.158488026;0.293972446;0.653952435;0.653952435;0.184397544;0.660360835;0.172171459;0.011201089;0.235876207;0.034786088;0.07845465;0.049722612;0.025547334;0.01283703;0.282640192;0.148063988;0.011044123;0.206685478;0.114658224;0.018669953;0.015522415;0.118105797;0.474312337;0.057138787;0.61899169;0.122841383;0.529409115;0.508169458;0.133000137;0.073165091;0.149097702;0.007067203;0.064085726;0.371959534;0.34331479;0.222137111;0.048308233;0.315220084;0.195275516;0.075784752;0.099282107;0.017272136;0.162994782;0.592054641;0.24460523;0.065307963;0.270478066;0.088325456;0.262170916;0.333368869;0.446513576;0.006217575;0.438051823;0.064304927;0.097144246;0.017800176;0.664074768;0.021494531;0.021105577;0.272421306;0.168034618
575;110.803;15.97;0.123083393;0.005738097;0.062979035;0.434044517;0.369138742;0.186961074;0.019170058;0.027484989;0.280480705;0.209512103;0.209512103;0.288058231;0.042479355;0.092855215;0.416899802;0.173696097;0.219833988;0.219833988;0.300142158;0.10185204;0.038036865;0.505017443;0.338623933;0.238554136;0.437160581;0.0817208;0.289096532;0.060915649;0.04865665;0.127876381;0.432592731;0.010506363;0.029464284;0.080201763;0.015319885;0.134487855;0.318458307;0.429670342;0.429670342;0.125436252;0.446223676;0.248724152;0.005902053;0.157632042;0.052770686;0.064031794;0.032108415;0.018233493;0.007616506;0.185628445;0.260574341;0.006236604;0.143071609;0.07721894;0.010725778;0.008519311;0.080245168;0.30818949;0.035686552;0.413765907;0.189419186;0.369168072;0.465212988;0.090515658;0.08805129;0.101697075;0.003581844;0.056759928;0.237793381;0.220801858;0.259976178;0.094910557;0.213283712;0.134549946;0.050434319;0.066026961;0.035137523;0.246844985;0.382064737;0.274781006;0.046249798;0.178221684;0.152913716;0.408692819;0.214998178;0.385899926;0.003127057;0.427178615;0.041785526;0.169195285;0.009988625;0.448967118;0.012047719;0.03443206;0.179476182;0.114600737
580;114.436;16.18;0.08347861;0.004253561;0.070668189;0.576901744;0.661549292;0.225470379;0.011158751;0.015812287;0.183949067;0.163740498;0.163740498;0.188884971;0.073334991;0.062004469;0.541054767;0.15254265;0.226651615;0.226651615;0.195831245;0.167645988;0.035373023;0.784470223;0.653918491;0.38871584;0.284985754;0.140919161;0.542976157;0.103678005;0.031147026;0.093294138;0.274721782;0.005554539;0.017071169;0.141444973;0.03028025;0.136991175;0.42608153;0.275222428;0.275222428;0.085392115;0.311485604;0.434892565;0.002972192;0.108263241;0.096527911;0.068911429;0.023779319;0.020046555;0.006523967;0.127673543;0.480131783;0.00464749;0.107269113;0.050005548;0.007075118;0.00478807;0.053856509;0.217900931;0.02130492;0.29016594;0.3174391;0.300964762;0.58652128;0.060027747;0.136671527;0.067759871;0.001758931;0.071534232;0.158598225;0.148275016;0.360985149;0.178776566;0.1653409;0.097471956;0.035480003;0.042084569;0.072929239;0.412832075;0.244755304;0.373752114;0.041633175;0.122045911;0.26495894;0.676316857;0.144914197;0.44474408;0.001562363;0.530741987;0.028791931;0.313398337;0.00599054;0.311781004;0.006431421;0.07223391;0.123185369;0.077275388
585;118.08;16.37;0.055116246;0.006413987;0.106397483;0.968033735;1.290632422;0.320496748;0.007786482;0.008708249;0.125164498;0.152159955;0.152159955;0.129845544;0.133702303;0.04160857;0.861710166;0.168366941;0.287505315;0.287505315;0.134097293;0.285977589;0.050558158;1.410899711;1.194297156;0.72608854;0.204159526;0.256906334;1.038026043;0.184671187;0.022390087;0.077357817;0.180678558;0.003003852;0.009452722;0.252543707;0.062640533;0.171379998;0.713410097;0.186939612;0.186939612;0.057333921;0.256015093;0.805030978;0.001553805;0.074674573;0.174403385;0.097467595;0.027319585;0.034910187;0.01122035;0.091314857;0.941063485;0.00702882;0.095674846;0.031082177;0.008047203;0.003864457;0.038373657;0.183433565;0.012782511;0.240460028;0.5999828;0.309230068;0.905453352;0.039173231;0.228676076;0.043179547;0.000999165;0.115700408;0.108291164;0.101210217;0.587422487;0.317487455;0.157652413;0.078966859;0.032380365;0.026062107;0.138868399;0.784249328;0.165303933;0.628310599;0.057830291;0.085074589;0.478518486;1.245797957;0.099598898;0.673068542;0.001042504;0.798890038;0.027275182;0.611748521;0.005663748;0.251947816;0.003439052;0.14870352;0.086637427;0.050418805
590;121.731;16.5;0.036390862;0.014987521;0.177646776;1.65506356;2.171674418;0.527540697;0.009897916;0.004943957;0.085268922;0.171608865;0.171608865;0.092531724;0.23541943;0.033081803;1.180179771;0.226146853;0.464467606;0.464467606;0.095842532;0.535060847;0.090845613;2.634527934;1.574335962;1.342246399;0.172577092;0.503281274;1.533452606;0.32289669;0.024231109;0.08374202;0.123457772;0.002409289;0.005353091;0.443259662;0.119573654;0.272593813;1.24943963;0.140270268;0.140270268;0.040689355;0.26002772;1.158941466;0.001314812;0.053835015;0.307671266;0.155760749;0.048992425;0.069301594;0.026626241;0.073108893;1.54350395;0.016481061;0.115291991;0.019549425;0.016147292;0.006796745;0.035553658;0.191122701;0.009756227;0.244919391;1.115279946;0.396614804;1.180722502;0.027902081;0.398818094;0.026284979;0.001220231;0.197601407;0.072875462;0.067729048;1.101717135;0.587545179;0.190305102;0.081776928;0.044403995;0.017421672;0.247313349;1.421615938;0.118703118;1.132200159;0.10507713;0.063405151;0.937605909;2.383616935;0.068734595;0.972901502;0.001692902;1.439295881;0.042753526;0.976854696;0.010797081;0.250643004;0.002477221;0.27936508;0.065845532;0.032606343
595;125.386;16.55;0.027774451;0.035672094;0.306146781;2.100070959;2.488366021;0.99672976;0.021175451;0.004064768;0.057486215;0.240681158;0.240681158;0.071723669;0.430816853;0.041759988;1.097411793;0.352061768;0.812433626;0.812433626;0.077127204;1.027288336;0.16436928;3.808050659;1.333534942;1.843371174;0.177198783;0.8373853;1.476499283;0.602654185;0.041477608;0.118042007;0.085342046;0.00455251;0.004339224;0.838825034;0.21309509;0.494353392;1.659249146;0.120499742;0.120499742;0.03872297;0.336085939;1.089226291;0.002774561;0.047146931;0.584709468;0.272102931;0.098914945;0.13070273;0.061903695;0.078586225;1.700671695;0.03939129;0.177002248;0.01576702;0.03684674;0.017390391;0.049080642;0.241701024;0.013928845;0.31760546;1.538483863;0.645326954;1.042182977;0.02790554;0.769188767;0.015899813;0.003217084;0.346280762;0.04790346;0.044289925;1.844445422;1.151730019;0.272097233;0.110821462;0.076080054;0.017251999;0.460061811;1.862435621;0.092356053;1.588940113;0.195339708;0.061439986;1.609276747;3.587582483;0.050834091;0.997131651;0.004701329;2.473959996;0.085337203;1.037482462;0.026362552;0.324734425;0.004041311;0.496630041;0.064322797;0.024120806
600;129.043;16.5;0.031724358;0.076867802;0.580856878;1.731879752;1.835608968;1.694636962;0.049287141;0.007069208;0.041512991;0.421222042;0.421222042;0.069179168;0.845594467;0.079014428;0.688617895;0.64511362;1.102278106;1.102278106;0.085473921;1.539418337;0.289177288;3.590412309;0.776079827;1.634701478;0.221554673;0.942247858;0.94020798;1.171572154;0.081940104;0.187830431;0.061057385;0.012589657;0.00768463;1.610578113;0.39492362;0.736431624;1.434441665;0.124347747;0.124347747;0.059618693;0.552357192;0.681658716;0.008090217;0.057816058;1.119285437;0.527862301;0.188808819;0.232215208;0.129531577;0.11848635;1.210595235;0.085250718;0.293555172;0.023117783;0.078259305;0.043739156;0.08386955;0.369863101;0.030666811;0.5226467;1.369787041;1.120895503;0.631256275;0.043203561;1.406791956;0.01166106;0.009481751;0.667534978;0.032822497;0.030512212;2.129303973;1.878826712;0.445827566;0.172842846;0.132944012;0.029889508;0.900359299;1.568912284;0.083593737;1.458154574;0.34600902;0.090187224;1.898215027;3.538392072;0.048545506;0.679914584;0.013186115;3.041092497;0.168190884;0.7152651;0.061417118;0.522598964;0.010656124;0.936938617;0.089700402;0.027461921
605;132.697;16.32;0.053173292;0.147845412;1.099038606;0.993785306;0.989926208;1.997298236;0.10557513;0.017427806;0.041125701;0.71781925;0.71781925;0.088597948;1.417596891;0.162664177;0.353720088;1.178433444;0.978263699;0.978263699;0.137234902;1.50810713;0.543750263;2.25203723;0.394852202;0.980792587;0.348408023;0.683510424;0.482375534;1.828367552;0.15462195;0.326967119;0.052225467;0.033857289;0.01990005;2.394826736;0.774196109;0.727969424;0.847674261;0.159282439;0.159282439;0.117783545;0.875017296;0.348573506;0.022421969;0.089503924;1.646526767;0.916202295;0.336646447;0.430959727;0.242935073;0.205412871;0.642856142;0.164597823;0.510916056;0.050446584;0.149330326;0.098779797;0.146033177;0.676049194;0.070190137;0.81957962;0.824004669;1.49583251;0.323567626;0.079793989;1.86047728;0.015320728;0.025473696;1.232204303;0.029243976;0.027931239;1.585147363;2.054068837;0.841913113;0.298416908;0.235181541;0.06426057;1.447782298;0.909999955;0.093782117;0.89763346;0.631067299;0.16652395;1.438469803;2.296133147;0.066931209;0.357339317;0.033232859;2.412946187;0.306370206;0.375238358;0.128117558;0.750027197;0.028333479;1.814506464;0.151258514;0.048620581
610;136.346;16;0.098692885;0.263911871;1.57275822;0.506193578;0.510708237;1.515322905;0.202567689;0.042097052;0.065303704;0.878668039;0.878668039;0.134663132;1.612216494;0.313272257;0.18948221;1.597720317;0.58859917;0.58859917;0.254731522;0.973278233;1.052721814;1.152166047;0.216223361;0.499194414;0.630976148;0.365852664;0.257478641;1.883892136;0.274740256;0.633383788;0.064325643;0.081475942;0.050716551;2.322764951;1.26105589;0.474265396;0.43119137;0.261648161;0.261648161;0.231845704;0.986357432;0.186874507;0.055372916;0.148881149;1.576392374;1.103785121;0.619013075;0.843948714;0.432503255;0.356058214;0.333926697;0.294126459;0.985672886;0.113679518;0.266096692;0.198004848;0.258969402;1.144918505;0.146576382;0.908489822;0.419477978;1.30421799;0.175299238;0.144505008;1.581400024;0.032562141;0.060645686;1.659214816;0.041645032;0.040705609;0.858689867;1.452093307;1.475123874;0.576462179;0.455232018;0.133212247;1.551642528;0.463015136;0.134423561;0.457938143;1.239301035;0.30959694;0.785801513;1.182964868;0.112078417;0.187469193;0.074111548;1.351926864;0.547713108;0.196280653;0.239533415;0.738839497;0.067822333;2.772208781;0.260533529;0.097117628
615;139.988;15.54;0.176317769;0.490025565;1.458544455;0.27797289;0.285245112;0.828414104;0.36138529;0.091347333;0.129295942;0.694846713;0.694846713;0.228145172;1.180857578;0.560219642;0.105881202;1.399224142;0.299582065;0.299582065;0.461893001;0.500789261;1.610640649;0.617370002;0.12019217;0.270945627;0.954917128;0.189329521;0.144503942;1.266112515;0.508512246;1.101900217;0.105258594;0.173516481;0.116068581;1.487317282;1.375707626;0.244555565;0.234815435;0.468570588;0.468570588;0.422741732;0.725428097;0.10475044;0.120891767;0.26892007;0.999399892;0.853862958;1.215929669;1.364832594;0.822084904;0.639633758;0.187073257;0.544348774;1.79096919;0.233883859;0.496914665;0.359802059;0.502893118;1.359943434;0.275023281;0.657745777;0.227526754;0.775568499;0.097620333;0.25531768;0.92237565;0.074474966;0.127622305;1.437550696;0.077835378;0.075821025;0.442157018;0.768970399;1.825611031;1.002604527;0.837977134;0.250793803;1.078054175;0.253764067;0.240128593;0.246540678;2.109566134;0.54782748;0.403660233;0.628155991;0.192394222;0.104828029;0.146502908;0.690378039;1.062104312;0.110154941;0.426606691;0.484002042;0.143819149;2.779374269;0.463295827;0.183846076
620;143.618;14.96;0.315127216;0.960148455;0.903046467;0.153858659;0.155163549;0.425350004;0.671898818;0.176564797;0.252131508;0.388487641;0.388487641;0.437373781;0.6347618;1.025382492;0.055171447;0.832587761;0.162265337;0.162265337;0.814025177;0.2663348;1.617931561;0.346103046;0.061117475;0.151302744;0.965112294;0.105911852;0.075812818;0.658639889;0.996856496;1.333260382;0.18363838;0.329358466;0.235606133;0.763958073;0.970687951;0.129612244;0.130714219;0.654912431;0.654912431;0.754473589;0.391395696;0.054660752;0.234400883;0.524603158;0.512304456;0.471396888;2.031152458;1.474244014;1.579539243;1.251697153;0.101006383;1.068000598;2.339682542;0.433944355;0.970564082;0.649186868;0.915813496;1.041540057;0.48951639;0.352340242;0.127104138;0.394615985;0.05025715;0.486252368;0.469253634;0.156728741;0.239863747;0.848932326;0.147383294;0.141517041;0.246613677;0.400013094;1.452143931;1.213826987;1.120140562;0.446026002;0.567140381;0.140965933;0.406653707;0.137954565;2.454896911;1.002467027;0.224809531;0.352730986;0.344526861;0.055890244;0.264195761;0.381748155;1.964048236;0.059039785;0.813513374;0.250316268;0.272054335;1.826711312;0.902913936;0.326925489
625;147.235;14.27;0.613363262;1.55631691;0.461093697;0.077705265;0.075967899;0.236769333;1.315639619;0.31560527;0.456152829;0.198351635;0.198351635;0.780192075;0.327906567;2.015157954;0.025629357;0.423568202;0.090545735;0.090545735;1.541340517;0.149545185;1.065040076;0.180717667;0.027552526;0.0778398;0.640363251;0.057416604;0.035411708;0.346631312;1.626282626;1.035787237;0.319561942;0.586551238;0.431460253;0.407172198;0.513653299;0.072741311;0.066832306;0.598445372;0.598445372;1.45960865;0.201755775;0.025373404;0.419367378;0.86404164;0.273795768;0.241457656;2.297234101;1.03125411;2.346629766;2.180288777;0.048929443;1.751032555;1.963414652;0.773545492;1.541247384;1.269833133;1.19786487;0.572254705;0.929371981;0.182112585;0.065452742;0.214467284;0.023046504;0.928665056;0.256802688;0.296308592;0.427066929;0.431864925;0.26308759;0.25082887;0.13437005;0.224199374;0.814047895;0.94365552;0.962754663;0.841087704;0.296141378;0.071582683;0.486614224;0.071585066;1.836649671;1.968314085;0.122915055;0.18607852;0.673680263;0.026717648;0.480737942;0.210237328;2.647224953;0.028318447;1.556349967;0.132272354;0.484379187;0.944189099;1.61059398;0.604821591
630;150.836;13.48;1.117100906;1.68630172;0.248061809;0.034795057;0.032891777;0.129470896;2.122315258;0.583729312;0.81836622;0.109716424;0.109716424;0.988473315;0.18327664;3.422104294;0.010536584;0.230409059;0.046607141;0.046607141;2.96228115;0.078767484;0.550728307;0.083952005;0.010965179;0.035548717;0.331862419;0.027972071;0.014607961;0.194675111;1.778105581;0.573125221;0.600543481;1.103025894;0.774037032;0.228569532;0.267307073;0.038411354;0.030325197;0.367208099;0.367208099;2.71471842;0.11241971;0.010401655;0.774041825;0.959066539;0.153632384;0.134123015;1.674056918;0.543890681;2.27313567;2.633942655;0.020951898;1.927777368;1.135978777;1.484172307;1.624195584;2.279431845;1.006157215;0.293359372;1.788152122;0.10161677;0.029923005;0.119462637;0.009363315;1.356305065;0.142805506;0.527386951;0.81070723;0.23550891;0.476574489;0.460599293;0.065966729;0.12086628;0.415614178;0.52234413;0.565562211;1.629800132;0.166141646;0.032222671;0.375611341;0.033022351;0.997056809;3.312599474;0.060646849;0.087493533;1.175548675;0.011314254;0.944246254;0.105075033;2.295326351;0.012002951;2.281531905;0.074034259;0.913800613;0.499744575;2.027390737;1.185973466
635;154.418;12.62;1.460114287;1.182775077;0.138980441;0.013761031;0.012569383;0.063908105;2.284446226;1.145523762;1.594865703;0.060402523;0.060402523;0.804090689;0.099554248;3.966973573;0.003832249;0.12851208;0.021307585;0.021307585;4.414949699;0.036965468;0.291371214;0.034442407;0.003851145;0.014333803;0.175040453;0.012048591;0.00531817;0.103679389;1.257088268;0.293406797;1.158174089;2.143400078;1.50510654;0.120114732;0.14983818;0.018087508;0.012151572;0.187220986;0.187220986;3.705570521;0.061043612;0.003763297;1.519959107;0.687307819;0.080494266;0.07359798;0.897841419;0.283572777;1.454079482;2.042285019;0.007918291;1.371235992;0.578093933;2.811915226;1.112308928;2.897191032;0.582450945;0.163046966;2.668621384;0.055002036;0.012078092;0.061214105;0.003371635;1.287455935;0.072681492;0.993611406;1.560223997;0.131233;0.934946918;0.904353437;0.028645603;0.05842675;0.229903412;0.267382925;0.287703958;2.495299433;0.089211015;0.012804802;0.207207101;0.013453394;0.513198684;3.788997762;0.026471983;0.036337125;1.42455449;0.004240352;1.642980421;0.046508295;1.356131234;0.004490061;2.175097509;0.039091163;1.770527067;0.280696228;1.637263216;1.938934284
640;157.979;11.71;1.225423511;0.624442501;0.072276787;0.004805487;0.004238933;0.027909529;1.593149419;1.882399302;2.901364101;0.030167078;0.030167078;0.456547107;0.048639082;2.957192647;0.001234093;0.06591268;0.008603023;0.008603023;4.293902095;0.015322151;0.163658547;0.01247114;0.001193651;0.005100647;0.098233612;0.004580465;0.001708633;0.049324807;0.665720899;0.16288505;1.752085841;3.319255835;2.765206027;0.056214571;0.08074346;0.007524168;0.004298255;0.10088135;0.10088135;3.257419648;0.029862178;0.001201597;2.515946889;0.365989616;0.037538707;0.036525924;0.464243064;0.159035347;0.746728765;1.128843072;0.002640914;0.727940697;0.317087627;4.011782376;0.582181718;2.362274919;0.29640554;0.089297376;2.5992553;0.026781837;0.004302445;0.027847693;0.00107802;0.810948553;0.032798002;1.927391522;2.330283404;0.0671173;1.635390592;1.509211665;0.010979661;0.024964226;0.126716119;0.148421327;0.157131943;2.508402192;0.04289401;0.00449062;0.106099028;0.00483771;0.286230992;2.789819634;0.010198707;0.013318679;1.107903972;0.001407505;1.978986078;0.018174769;0.689898394;0.001482282;1.374518975;0.018434711;2.709162641;0.148606503;0.925604886;2.126260492
645;161.516;10.78;0.709009448;0.32537925;0.033414812;0.001481934;0.001261574;0.010758368;0.839280705;2.079060814;3.782505171;0.013341096;0.013341096;0.232691642;0.021012897;1.602590801;0.000352461;0.030000037;0.003066078;0.003066078;2.755323991;0.005604996;0.086681726;0.003985225;0.000326496;0.001601789;0.05212836;0.001536731;0.00048445;0.020731838;0.346298674;0.089444649;1.735801956;3.385183799;3.675885153;0.023235583;0.039008621;0.002762537;0.001342086;0.056442982;0.056442982;1.942287803;0.012927821;0.000338588;2.807842484;0.189844239;0.015460369;0.016041786;0.259599248;0.085530524;0.398102043;0.578073038;0.000777303;0.378183294;0.176065113;3.705507903;0.305006008;1.342985118;0.162560903;0.0441985;1.669760216;0.011538006;0.00135253;0.011188971;0.000307112;0.415203713;0.013065703;2.963035577;2.27185969;0.030449876;1.987465619;1.704663918;0.003714104;0.009414066;0.063376283;0.081511588;0.087486254;1.652141728;0.018226353;0.001389809;0.058908751;0.001535377;0.156125633;1.503213072;0.003467525;0.004308121;0.61336012;0.000414483;1.529869823;0.00626932;0.376178052;0.00043184;0.704166854;0.007687277;2.72134506;0.070176626;0.472045311;1.507172696
650;165.028;9.85;0.360821625;0.182454503;0.01364114;0.000403697;0.000331347;0.003659882;0.43787723;1.483059867;3.165911839;0.005208463;0.005208463;0.128297575;0.0080122;0.825363133;8.95602E-05;0.012055467;0.00096453;0.00096453;1.415917559;0.001809443;0.040955615;0.001123918;7.88121E-05;0.000443916;0.024697678;0.000454988;0.000121217;0.007690413;0.194092728;0.044443356;1.130090987;2.255899927;3.140349414;0.008475953;0.016657318;0.000895155;0.000369937;0.029262705;0.029262705;0.988345346;0.004942409;8.41988E-05;2.021618974;0.106300991;0.005619389;0.006218658;0.140865757;0.041211316;0.223470273;0.321020461;0.000201901;0.211878311;0.089313602;2.287387979;0.171216613;0.684437414;0.090273563;0.019359128;0.85827553;0.004389498;0.000375225;0.003968822;7.84488E-05;0.222301262;0.004593442;2.993987202;1.460513712;0.012196005;1.549796201;1.240756532;0.001108789;0.003132932;0.028065187;0.040509702;0.044652493;0.854447273;0.006835189;0.000379593;0.032310049;0.000430094;0.076750797;0.775807414;0.001040417;0.001229786;0.313981356;0.000108633;0.844276647;0.001908965;0.209634571;0.000111027;0.376673519;0.002831651;1.791310493;0.029273421;0.260593898;0.798989399
655;168.51;8.93;0.197919849;0.098186389;0.0049146;9.72012E-05;7.68008E-05;0.001098778;0.245612913;0.788215571;1.828641441;0.001794663;0.001794663;0.070950142;0.00269608;0.460516948;2.03654E-05;0.004275407;0.000267831;0.000267831;0.754216806;0.000515499;0.017093487;0.000279743;1.67888E-05;0.00010857;0.010338845;0.000118882;2.67663E-05;0.002517536;0.104637277;0.019543697;0.582698873;1.170552002;1.837536068;0.002728583;0.006277716;0.000255991;9.0033E-05;0.013484215;0.013484215;0.537493793;0.001668386;1.84784E-05;1.078609189;0.057479563;0.001802486;0.002127442;0.068719188;0.017549522;0.117399948;0.176223589;4.62809E-05;0.114380464;0.040158073;1.167481945;0.091618191;0.377274244;0.045803717;0.007484904;0.457042335;0.001474453;9.18652E-05;0.001242816;1.81703E-05;0.12469506;0.001425139;1.980194007;0.750842443;0.004310925;0.859208985;0.665102145;0.000292129;0.000920106;0.010970561;0.017817731;0.020212374;0.451994697;0.00226212;9.14947E-05;0.016029259;0.000106342;0.033372371;0.433406995;0.000275492;0.000309804;0.174292195;2.54893E-05;0.432517896;0.000513151;0.107233769;2.5191E-05;0.211324724;0.000921389;0.926270675;0.010776784;0.143963526;0.415394124
660;171.963;8.04;0.109898128;0.04734874;0.00156257;2.07093E-05;1.57095E-05;0.000291121;0.131999442;0.409258517;0.930699133;0.000545759;0.000545759;0.035698777;0.000800621;0.251017068;4.18896E-06;0.001338109;6.56527E-05;6.56527E-05;0.423418112;0.000129606;0.006296264;6.14525E-05;3.15617E-06;2.34335E-05;0.003820095;2.74121E-05;5.21589E-06;0.000727302;0.050582667;0.007585808;0.309177541;0.61735582;0.934799652;0.000775174;0.002087915;6.46081E-05;1.93524E-05;0.005487092;0.005487092;0.299929276;0.000497318;3.57892E-06;0.55899719;0.027901423;0.000510233;0.000642292;0.029641375;0.006595742;0.054924375;0.08751216;9.36219E-06;0.055395416;0.015939639;0.628641222;0.043851623;0.208705132;0.020599562;0.002554044;0.256594393;0.000437331;1.98483E-05;0.000343616;3.88981E-06;0.065203023;0.000390202;1.02527861;0.399753239;0.001344735;0.439700035;0.343977072;6.79262E-05;0.000238472;0.00378455;0.006917385;0.008077205;0.253879423;0.000660684;1.9462E-05;0.00703794;2.32102E-05;0.012807531;0.235670594;6.43758E-05;6.88744E-05;0.095725845;5.41159E-06;0.240288151;0.0001218;0.048659431;5.04403E-06;0.110612285;0.000264912;0.490065736;0.003501215;0.072291529;0.232779881
665;175.383;7.2;0.055748717;0.020180439;0.000438434;3.91287E-06;2.83578E-06;6.8071E-05;0.063541461;0.229242779;0.510757108;0.000146475;0.000146475;0.015910039;0.000209814;0.123269974;7.94426E-07;0.000369594;1.42091E-05;1.42091E-05;0.222647907;2.87564E-05;0.002046676;1.19153E-05;5.23619E-07;4.46353E-06;0.001245743;5.57807E-06;8.96978E-07;0.000185425;0.021613102;0.00259845;0.173637228;0.346755453;0.51112638;0.000194345;0.000612826;1.43911E-05;3.67609E-06;0.001970683;0.001970683;0.153952057;0.000130934;6.11756E-07;0.312900031;0.011973039;0.000127461;0.000171128;0.01128449;0.002187643;0.022694022;0.038459372;1.67135E-06;0.023715036;0.005583465;0.352123579;0.0185463;0.105069769;0.00817834;0.00076914;0.134970149;0.000114563;3.78452E-06;8.39002E-05;7.92829E-07;0.030336516;9.42834E-05;0.541780178;0.224436305;0.000370183;0.243994852;0.192367847;1.39395E-05;5.45445E-05;0.001152175;0.002370005;0.002848558;0.13448766;0.000170289;3.65339E-06;0.002727694;4.47267E-06;0.004337697;0.115318545;1.32755E-05;1.35128E-05;0.047577226;1.05922E-06;0.131838862;2.55376E-05;0.019493227;8.91296E-07;0.051524249;6.734E-05;0.27526256;0.001003833;0.032149205;0.125567386
670;178.769;6.42;0.025066146;0.007591072;0.000108563;6.5852E-07;4.51748E-07;1.40468E-05;0.027032291;0.123831831;0.283512152;3.46959E-05;3.46959E-05;0.00625915;4.85238E-05;0.053540847;1.43323E-07;9.009E-05;2.71608E-06;2.71608E-06;0.104278598;5.63063E-06;0.000587122;2.03944E-06;7.66624E-08;7.50305E-07;0.000358535;1.0017E-06;1.36128E-07;4.17189E-05;0.008150519;0.00078549;0.091685913;0.184265437;0.284393201;4.29994E-05;0.000158736;2.82915E-06;6.17819E-07;0.000624639;0.000624639;0.07012719;3.04618E-05;9.22912E-08;0.169360615;0.004534614;2.80996E-05;4.02367E-05;0.003791233;0.000640328;0.008275378;0.014918614;2.63311E-07;0.008960422;0.001726009;0.182941342;0.006922655;0.046854716;0.002865441;0.000204417;0.063238706;2.65165E-05;6.36811E-07;1.80998E-05;1.5982E-07;0.012464472;2.01046E-05;0.304314199;0.118080152;8.9931E-05;0.134066923;0.104358619;2.52481E-06;1.10098E-05;0.000309557;0.00071659;0.000886548;0.063554958;3.87338E-05;6.05227E-07;0.000932994;7.61246E-07;0.001296482;0.049899537;2.41597E-06;2.33965E-06;0.020927631;1.96988E-07;0.065415629;4.73336E-06;0.006891616;1.38989E-07;0.021195225;1.51516E-05;0.145790846;0.00025399;0.012620352;0.0607491
675;182.118;5.69;0.009949226;0.002519939;2.37232E-05;9.9605E-08;6.35088E-08;2.55815E-06;0.010149793;0.060024592;0.14371715;7.25375E-06;7.25375E-06;0.002173095;9.9035E-06;0.02052512;2.56638E-08;1.93798E-05;4.58835E-07;4.58835E-07;0.043134963;9.72955E-07;0.000148635;3.08225E-07;9.90519E-09;1.11306E-07;9.10728E-05;1.58747E-07;1.82317E-08;8.28346E-06;0.002712489;0.000209547;0.043158146;0.087419169;0.144927615;8.39584E-06;3.62849E-05;4.90915E-07;9.20869E-08;0.000174733;0.000174733;0.028202278;6.26807E-06;1.22895E-08;0.082323712;0.001515624;5.46683E-06;8.34906E-06;0.001124067;0.000165402;0.002663041;0.005107062;3.66086E-08;0.002987774;0.000470864;0.084480518;0.002280354;0.018443948;0.000885995;4.79482E-05;0.026169094;5.42731E-06;9.45639E-08;3.45294E-06;3.29474E-08;0.004519702;3.78327E-06;0.161386591;0.055339322;1.92804E-05;0.0666817;0.050891857;4.03667E-07;1.96118E-06;7.33974E-05;0.000191208;0.000243497;0.026530739;7.77514E-06;8.84829E-08;0.000281635;1.14516E-07;0.000341969;0.019057295;3.88012E-07;3.57499E-07;0.008125221;3.62455E-08;0.02872281;7.76759E-07;0.002150165;1.91272E-08;0.007694715;3.02417E-06;0.068882474;5.67135E-05;0.004372103;0.025978546
680;185.429;5.02;0.003485058;0.000738228;4.57486E-06;1.37882E-08;7.87927E-09;4.11175E-07;0.003363147;0.025719792;0.064569265;1.33859E-06;1.33859E-06;0.000665819;1.78376E-06;0.006943869;4.74534E-09;3.67914E-06;6.85904E-08;6.85904E-08;0.015746871;1.48369E-07;3.32068E-05;4.11534E-08;1.12942E-09;1.45721E-08;2.04181E-05;2.22017E-08;2.15487E-09;1.45146E-06;0.000796643;4.93327E-05;0.017944089;0.03663869;0.06549077;1.4467E-06;7.31964E-06;7.5196E-08;1.22343E-08;4.31377E-05;4.31377E-05;0.010009292;1.14273E-06;1.44469E-09;0.035377219;0.00044705;9.38609E-07;1.52885E-06;0.000294115;3.77046E-05;0.000756277;0.001542863;4.49171E-09;0.000879185;0.00011336;0.034448105;0.000662896;0.006407258;0.00024176;9.92614E-06;0.009557077;9.83873E-07;1.23924E-08;5.83533E-07;7.02267E-09;0.001446303;6.28279E-07;0.076373099;0.022906209;3.64783E-06;0.029353577;0.021943699;5.69796E-08;3.08298E-07;1.53582E-05;4.50251E-05;5.90197E-05;0.009774271;1.37733E-06;1.14162E-08;7.50271E-05;1.52491E-08;7.96013E-05;0.006423048;5.49936E-08;4.82086E-08;0.002783984;6.8521E-09;0.011131733;1.13221E-07;0.000592019;2.32292E-09;0.002465249;5.3772E-07;0.028748703;1.11756E-05;0.001336665;0.009804906
685;188.701;4.42;0.001077318;0.000190855;7.78566E-07;1.80824E-09;8.62688E-10;5.83321E-08;0.00098344;0.009726607;0.025608825;2.18073E-07;2.18073E-07;0.000180031;2.83528E-07;0.002073149;9.18799E-10;6.16417E-07;9.09738E-09;9.09738E-09;0.005073094;1.99666E-08;6.54705E-06;4.85989E-09;1.13649E-10;1.6837E-09;4.04055E-06;2.74019E-09;2.24765E-10;2.24444E-07;0.000206478;1.02495E-05;0.006584354;0.013552227;0.026126116;2.19992E-07;1.30307E-06;1.01703E-08;1.4645E-09;9.39895E-06;9.39895E-06;0.003134988;1.85219E-07;1.49983E-10;0.013417798;0.000116368;1.42215E-07;2.47063E-07;6.79134E-05;7.58507E-06;0.000189539;0.000411336;4.86355E-10;0.000228311;2.40847E-05;0.012396503;0.00017006;0.001964282;5.8217E-05;1.81371E-06;0.003080174;1.5847E-07;1.43318E-09;8.7669E-08;1.52426E-09;0.000408434;9.20771E-08;0.031927091;0.008367648;6.0907E-07;0.011405407;0.008350918;7.10394E-09;4.27697E-08;2.83611E-06;9.35657E-06;1.26245E-05;0.003177849;2.15319E-07;1.2999E-09;1.76389E-05;1.80332E-09;1.63518E-05;0.001910444;6.87847E-09;5.73732E-09;0.000841805;1.34978E-09;0.00380728;1.476E-08;0.000143851;2.48961E-10;0.000697015;8.58828E-08;0.01058919;1.94341E-06;0.000360635;0.003265778
690;191.931;3.88;0.000293894;4.35442E-05;1.1693E-07;2.37512E-10;8.33564E-11;7.30519E-09;0.000253783;0.00324616;0.00896339;3.13727E-08;3.13727E-08;4.29588E-05;3.97712E-08;0.000546227;1.82995E-10;9.11478E-08;1.0767E-09;1.0767E-09;0.00144233;2.37127E-09;1.13914E-06;5.08949E-10;1.00922E-11;1.71699E-10;7.05868E-07;2.98461E-10;2.06895E-11;3.06286E-08;4.72275E-05;1.87924E-06;0.002132155;0.004423799;0.009197915;2.95222E-08;2.04718E-07;1.21518E-09;1.61608E-10;1.80741E-06;1.80741E-06;0.000866526;2.68785E-08;1.37623E-11;0.004491109;2.67316E-05;1.90161E-08;3.52341E-08;1.38391E-05;1.3466E-06;4.19206E-05;9.67786E-05;4.64738E-11;5.23221E-05;4.51579E-06;0.003936829;3.85008E-05;0.000531433;1.23717E-05;2.92541E-07;0.000876069;2.28237E-08;1.46274E-10;1.17965E-08;3.28154E-10;0.000101788;1.19087E-08;0.011779158;0.002697536;8.97456E-08;0.003910902;0.002804617;7.82999E-10;5.23619E-09;4.62204E-07;1.7159E-06;2.38311E-06;0.000911791;2.97058E-08;1.30629E-10;3.65975E-06;1.90765E-10;2.96433E-06;0.000501465;7.59252E-10;6.02633E-10;0.000224631;2.72726E-10;0.001149159;1.74686E-09;3.08463E-05;2.35474E-11;0.000173915;1.25213E-08;0.003442081;2.98245E-07;8.58671E-05;0.000959938
695;195.118;3.39;7.07541E-05;8.76738E-06;1.54978E-08;3.32286E-11;7.10797E-12;8.07848E-10;5.77951E-05;0.000956074;0.002768651;3.98804E-09;3.98804E-09;9.0463E-06;4.92329E-09;0.000127007;3.63428E-11;1.18956E-08;1.15134E-10;1.15134E-10;0.000361884;2.48526E-10;1.74914E-07;4.75603E-11;7.90904E-13;1.54556E-11;1.08888E-07;2.86885E-11;1.68069E-12;3.68858E-09;9.53303E-06;3.04072E-07;0.000609309;0.001274363;0.002857704;3.49625E-09;2.83831E-08;1.28411E-10;1.71907E-11;3.06771E-07;3.06771E-07;0.000211369;3.54235E-09;1.11833E-12;0.001326598;5.41912E-06;2.24394E-09;4.43438E-09;2.48869E-06;2.10975E-07;8.1822E-06;2.00944E-05;3.91901E-12;1.05817E-05;7.47206E-07;0.001103334;7.69224E-06;0.000126884;2.32018E-06;4.16611E-08;0.000219895;2.97807E-09;1.31752E-11;1.44392E-09;6.85349E-11;2.23865E-05;1.35922E-09;0.003835156;0.00076744;1.167E-08;0.001183467;0.000831239;7.64557E-11;5.65729E-10;6.64791E-08;2.77704E-07;3.96997E-07;0.000230872;3.61669E-09;1.15862E-11;6.7013E-07;1.83499E-11;4.74242E-07;0.000116161;7.39593E-11;5.58733E-11;5.28983E-05;5.49028E-11;0.000306097;1.93657E-10;5.83722E-06;1.96547E-12;3.82952E-05;1.71665E-09;0.000987399;4.0392E-08;1.80426E-05;0.000249008
700;198.261;2.95;1.50323E-05;1.55784E-06;1.81271E-09;5.08309E-12;5.34915E-13;7.89399E-11;1.16154E-05;0.0002485;0.000754705;4.48527E-10;4.48527E-10;1.68114E-06;5.37843E-10;2.60614E-05;7.01535E-12;1.37041E-09;1.14238E-11;1.14238E-11;8.01287E-05;2.29867E-11;2.37018E-08;4.02555E-12;5.46988E-14;1.22838E-12;1.48403E-08;2.43356E-12;1.20487E-13;3.92016E-10;1.69816E-06;4.34195E-08;0.000153663;0.00032397;0.000783535;3.65401E-10;3.47278E-09;1.20313E-11;1.88995E-12;4.59625E-08;4.59625E-08;4.55001E-05;4.36004E-10;8.08639E-14;0.00034581;9.69497E-07;2.33675E-10;4.92512E-10;3.94956E-07;2.91699E-08;1.40937E-06;3.682E-06;2.91647E-13;1.88861E-06;1.09109E-07;0.000272886;1.35628E-06;2.67349E-05;3.83997E-07;5.24091E-09;4.87085E-05;3.61296E-10;1.04734E-12;1.65887E-10;1.36986E-11;4.345E-06;1.36908E-10;0.001101958;0.000192679;1.3392E-09;0.000316045;0.000217416;6.64645E-12;5.39403E-11;8.43917E-09;3.96631E-08;5.83639E-08;5.15892E-05;3.88593E-10;9.07159E-13;1.08295E-07;1.66293E-12;6.69554E-08;2.37461E-05;6.35789E-12;4.57382E-12;1.09932E-05;1.0744E-11;7.19532E-05;2.12983E-11;9.74817E-07;1.44778E-13;7.44158E-06;2.32029E-10;0.000249964;4.82759E-09;3.34568E-06;5.70027E-05
705;201.359;2.56;2.81846E-06;2.44281E-07;1.87111E-10;8.26812E-13;3.55287E-14;6.82684E-12;2.0601E-06;5.7E-05;0.000181551;4.47604E-11;4.47604E-11;2.75708E-07;5.18523E-11;4.71931E-06;1.29659E-12;1.39397E-10;1.10731E-12;1.10731E-12;1.56574E-05;1.87627E-12;2.83435E-09;3.19594E-13;3.33851E-15;8.62595E-14;1.78896E-09;1.82175E-13;7.6229E-15;3.67673E-11;2.66957E-07;5.47151E-09;3.41992E-05;7.26823E-05;0.000189589;3.37016E-11;3.74979E-10;1.00536E-12;2.29242E-13;6.08032E-09;6.08032E-09;8.64367E-06;5.26103E-11;5.26633E-15;7.95518E-05;1.53065E-07;2.14747E-11;4.82743E-11;5.53146E-08;3.55921E-09;2.14237E-07;5.95396E-07;1.91537E-14;2.97468E-07;1.40603E-08;5.95618E-05;2.11036E-07;4.97121E-06;5.6085E-08;5.82975E-10;9.52155E-06;4.2682E-11;7.34835E-14;1.88971E-11;2.6026E-12;7.44226E-07;1.21698E-11;0.000279422;4.26912E-05;1.35622E-10;7.44826E-05;5.01846E-05;5.20618E-13;4.53871E-12;9.45643E-10;4.99926E-09;7.57206E-09;1.01733E-05;3.68462E-11;6.27242E-14;1.54459E-08;1.51688E-13;8.34229E-09;4.2839E-06;4.82333E-13;3.30796E-13;2.01615E-06;2.01366E-12;1.49264E-05;2.50765E-12;1.43666E-07;9.4114E-15;1.27614E-06;3.26656E-11;5.58439E-05;5.09188E-10;5.47498E-07;1.15157E-05
710;204.409;2.22;4.6635E-07;3.3804E-08;1.70446E-11;1.36169E-13;2.08299E-15;5.24542E-13;3.22445E-07;1.15381E-05;3.85421E-05;3.98993E-12;3.98993E-12;3.99033E-08;4.41158E-12;7.54178E-07;2.27786E-13;1.25273E-11;1.13124E-13;1.13124E-13;2.7E-06;1.35155E-13;2.99115E-10;2.55613E-14;1.7983E-16;5.36111E-15;1.91219E-10;1.20351E-14;4.25634E-16;3.04322E-12;3.70354E-08;6.08479E-10;6.71698E-06;1.43902E-05;4.04837E-05;2.74312E-12;3.57314E-11;7.59862E-14;3.09022E-14;7.10546E-10;7.10546E-10;1.44909E-06;6.62897E-12;3.18439E-16;1.61501E-05;2.13266E-08;1.74163E-12;4.17573E-12;6.83666E-09;3.83253E-10;2.87394E-08;8.49653E-08;1.11009E-15;4.13478E-08;1.59898E-09;1.14728E-05;2.89787E-08;8.15755E-07;7.229E-09;5.74708E-11;1.64257E-06;5.23091E-12;4.55135E-15;2.28777E-12;4.68606E-13;1.12495E-07;9.54677E-13;6.25271E-05;8.34747E-06;1.21208E-11;1.54908E-05;1.02226E-05;3.78227E-14;3.37027E-13;9.35562E-11;5.56085E-10;8.66955E-10;1.77042E-06;3.08321E-12;3.83377E-15;1.94452E-09;1.51617E-14;9.17272E-10;6.82022E-07;3.2292E-14;2.11729E-14;3.26313E-07;3.58813E-13;2.73258E-06;3.31181E-13;1.86851E-08;5.39906E-16;1.93129E-07;4.94062E-12;1.101E-05;4.73958E-11;7.90669E-08;2.05305E-06
715;207.411;1.92;6.80966E-08;4.1282E-09;1.37021E-12;2.189E-14;1.07837E-16;3.61594E-14;4.45386E-08;2.06116E-06;7.22078E-06;3.2268E-13;3.2268E-13;5.09663E-09;3.31233E-13;1.06361E-07;3.79221E-14;9.9605E-13;1.29382E-14;1.29382E-14;4.10887E-07;8.59196E-15;2.78572E-11;2.27812E-15;8.54936E-18;2.96268E-16;1.82251E-11;7.01656E-16;2.09762E-17;2.22289E-13;4.53424E-09;5.97174E-11;1.16425E-06;2.5143E-06;7.62888E-06;1.97039E-13;3.00474E-12;5.36787E-15;4.40284E-15;7.34271E-11;7.34271E-11;2.14392E-07;9.10635E-13;1.91475E-17;2.89343E-06;2.62228E-09;1.24651E-13;3.18765E-13;7.45695E-10;3.64192E-11;3.4023E-09;1.07002E-08;5.67781E-17;5.07198E-09;1.60475E-10;1.95021E-06;3.51167E-09;1.18133E-07;8.22288E-10;5.04779E-12;2.50065E-07;6.98165E-13;2.48967E-16;3.0653E-13;7.98652E-14;1.50064E-08;6.60919E-14;1.23478E-05;1.44041E-06;9.55968E-13;2.84319E-06;1.83767E-06;2.71392E-15;2.20856E-14;8.1767E-12;5.45879E-11;8.75978E-11;2.71897E-07;2.27681E-13;2.07686E-16;2.16115E-10;1.73174E-15;8.90069E-11;9.58232E-08;1.90791E-15;1.20478E-15;4.66079E-08;6.05952E-14;4.41473E-07;4.7897E-14;2.14463E-09;2.73336E-17;2.57933E-08;7.91008E-13;1.91563E-06;3.89327E-12;1.00767E-08;3.23015E-07
720;210.365;1.65;8.77509E-09;4.44904E-10;9.72081E-14;3.37041E-15;4.93463E-18;2.29241E-15;5.42914E-09;3.24936E-07;1.19384E-06;2.45277E-14;2.45277E-14;5.74478E-10;2.19476E-14;1.32374E-08;5.9757E-15;7.03188E-14;1.64245E-15;1.64245E-15;5.51814E-08;4.82045E-16;2.28954E-12;2.39026E-16;3.58798E-19;1.47455E-17;1.56917E-12;3.61005E-17;9.12616E-19;1.4329E-14;4.89899E-10;5.17222E-12;1.78086E-07;3.87686E-07;1.26869E-06;1.24903E-14;2.22985E-13;3.79226E-16;6.27426E-16;6.72587E-12;6.72587E-12;2.7992E-08;1.34921E-13;1.28096E-18;4.57472E-07;2.84544E-10;7.87319E-15;2.14754E-14;7.17781E-11;3.05413E-12;3.55453E-10;1.18919E-09;2.56281E-18;5.49054E-10;1.42131E-11;2.92555E-07;3.75545E-10;1.50971E-08;8.25434E-11;4.00065E-13;3.35966E-08;1.01041E-13;1.20433E-17;4.44717E-14;1.28786E-14;1.76657E-09;4.03803E-15;2.15191E-06;2.19345E-07;6.65383E-14;4.60523E-07;2.91532E-07;2.12817E-16;1.27723E-15;6.32155E-13;4.72907E-12;7.81092E-12;3.68506E-08;1.48376E-14;1.0046E-17;2.12125E-11;2.17222E-16;7.62189E-12;1.18811E-08;9.94811E-17;6.17229E-17;5.87485E-09;9.68635E-15;6.29432E-08;7.13971E-15;2.17231E-10;1.22121E-18;3.04005E-09;1.28711E-13;2.94136E-07;2.82229E-13;1.13333E-09;4.48496E-08
725;213.268;1.43;9.9791E-10;4.23141E-11;6.08611E-15;4.93073E-16;2.00182E-19;1.41663E-16;5.84034E-10;4.52063E-08;1.74189E-07;1.87837E-15;1.87837E-15;5.71454E-11;1.28337E-15;1.45391E-09;8.90918E-16;4.44845E-15;2.18125E-16;2.18125E-16;6.53999E-09;2.38699E-17;1.66063E-13;2.81448E-17;1.33E-20;6.84623E-19;1.25717E-13;1.63915E-18;3.50758E-20;8.15133E-16;4.67112E-11;3.95352E-13;2.40397E-08;5.27543E-08;1.86192E-07;6.98732E-16;1.46036E-14;2.95761E-17;8.65301E-17;5.49144E-13;5.49144E-13;3.22531E-09;2.05777E-14;1.03368E-19;6.38307E-08;2.7248E-11;4.38853E-16;1.27694E-15;6.09727E-12;2.26026E-13;3.27721E-11;1.16635E-10;1.02086E-19;5.24525E-11;1.11095E-12;3.873E-08;3.54425E-11;1.70268E-09;7.3123E-12;2.94811E-14;3.98337E-09;1.51524E-14;5.17045E-19;6.61754E-15;1.96463E-15;1.83527E-10;2.17742E-16;3.30958E-07;2.94771E-08;4.08711E-15;6.58279E-08;4.08149E-08;1.97028E-17;6.51838E-17;4.33777E-14;3.61572E-13;6.14646E-13;4.40757E-09;8.53321E-16;4.43156E-19;1.84034E-12;2.79262E-17;5.7599E-13;1.30003E-09;4.57771E-18;2.94864E-18;6.53503E-10;1.46502E-15;7.91965E-09;1.04628E-15;1.9418E-11;4.81504E-20;3.16204E-10;2.05393E-14;3.98565E-08;1.80552E-14;1.12489E-10;5.4955E-09
730;216.12;1.23;1.00148E-10;3.55155E-12;3.36286E-16;6.8334E-17;7.26441E-21;9.48394E-18;5.54445E-11;5.55026E-09;2.2429E-08;1.59225E-16;1.59225E-16;5.01663E-12;6.62265E-17;1.40924E-10;1.25656E-16;2.58243E-16;2.87267E-17;2.87267E-17;6.8403E-10;1.04345E-18;1.06294E-14;3.42111E-18;4.36188E-22;3.22981E-20;9.95422E-15;6.56822E-20;1.1933E-21;4.0922E-17;3.93051E-12;2.66712E-14;2.86379E-09;6.33502E-09;2.41147E-08;3.44955E-17;8.44023E-16;2.70602E-18;1.13812E-17;4.05017E-14;4.05017E-14;3.27961E-10;3.09569E-15;9.65608E-21;7.85973E-09;2.30268E-12;2.15874E-17;6.70225E-17;4.5708E-13;1.47619E-14;2.66648E-12;1.00953E-11;3.5887E-21;4.42212E-12;7.66369E-14;4.52481E-09;2.95188E-12;1.69466E-10;5.71662E-13;2.15205E-15;4.16792E-10;2.25096E-15;1.9916E-20;9.67062E-16;2.83512E-16;1.6826E-11;1.0364E-17;4.49194E-08;3.49586E-09;2.21556E-16;8.30389E-09;5.0427E-09;2.0938E-18;2.93579E-18;2.66506E-15;2.43996E-14;4.26836E-14;4.65229E-10;4.33087E-17;1.88785E-20;1.41406E-13;3.51121E-18;3.84132E-14;1.25536E-10;1.8591E-19;1.43151E-19;6.41522E-11;2.09616E-16;8.79381E-10;1.47172E-16;1.53179E-12;1.67547E-21;2.90247E-11;3.1486E-15;4.7661E-09;1.01934E-15;9.85315E-12;5.9425E-10
735;218.92;1.06;8.86972E-12;2.63065E-13;1.63996E-17;8.96237E-18;2.42531E-22;7.59801E-19;4.64507E-12;6.01369E-10;2.54865E-09;1.56897E-17;1.56897E-17;3.88665E-13;3.01596E-18;1.20544E-11;1.67651E-17;1.45739E-17;3.64499E-18;3.64499E-18;6.31373E-11;4.02909E-20;6.00429E-16;4.0697E-19;1.27261E-23;1.78201E-21;8.52629E-16;2.32281E-21;3.61659E-23;1.81302E-18;2.9187E-13;1.5882E-15;3.01068E-10;6.71354E-10;2.75623E-09;1.50292E-18;4.3049E-17;2.79043E-19;1.41982E-18;2.78476E-15;2.78476E-15;2.94298E-11;4.48268E-16;9.46858E-22;8.5408E-10;1.71731E-13;9.37121E-19;3.10645E-18;3.02387E-14;8.50827E-16;1.91464E-13;7.71118E-13;1.11336E-22;3.29009E-13;4.66603E-15;4.66516E-10;2.16963E-13;1.48849E-11;3.94401E-14;1.71663E-16;3.84859E-11;3.22516E-16;7.10991E-22;1.35664E-16;3.87023E-17;1.36137E-12;4.35601E-19;5.38032E-09;3.65878E-10;1.05995E-17;9.24414E-10;5.49821E-10;2.34079E-19;1.16687E-19;1.50018E-16;1.45352E-15;2.61584E-15;4.33359E-11;1.93978E-18;8.78577E-22;9.6696E-15;4.22574E-19;2.26079E-15;1.06977E-11;6.66442E-21;8.14712E-21;5.55762E-12;2.83717E-17;8.6171E-11;1.96797E-17;1.06637E-13;5.1454E-23;2.35115E-12;4.59267E-16;5.02968E-10;5.07861E-17;7.61648E-13;5.6708E-11
740;221.667;0.91;6.93249E-13;1.71958E-14;7.05965E-19;1.11207E-18;8.07379E-24;7.18687E-20;3.43431E-13;5.75018E-11;2.55579E-10;1.7188E-18;1.7188E-18;2.65763E-14;1.21209E-19;9.09957E-13;2.11594E-18;8.91555E-19;4.40261E-19;4.40261E-19;5.14292E-12;1.37669E-21;2.99314E-17;4.6314E-20;3.36414E-25;1.24445E-22;8.42917E-17;7.25038E-23;9.97256E-25;7.08885E-20;1.91269E-14;8.35034E-17;2.79321E-11;6.27867E-11;2.78011E-10;5.77889E-20;1.9377E-18;2.98611E-20;1.67685E-19;1.90678E-16;1.90678E-16;2.33058E-12;6.17971E-17;9.13566E-23;8.19036E-11;1.13026E-14;3.5901E-20;1.27289E-19;1.76541E-15;4.32765E-17;1.21325E-14;5.19805E-14;3.04856E-24;2.16023E-14;2.50787E-16;4.24469E-11;1.4073E-14;1.15378E-12;2.40132E-15;1.6056E-17;3.13615E-12;4.40282E-17;2.56795E-23;1.80959E-17;4.99777E-18;9.72037E-14;1.61853E-20;5.68716E-10;3.37934E-11;4.47561E-19;9.08165E-11;5.29045E-11;2.58372E-20;4.09293E-21;8.18983E-18;7.64726E-17;1.41473E-16;3.56239E-12;7.66727E-20;5.13502E-23;5.95719E-16;4.82899E-20;1.17423E-16;8.04509E-13;2.10963E-22;5.89246E-22;4.24894E-13;3.63263E-18;7.45175E-12;2.49315E-18;6.55135E-15;1.39482E-24;1.68077E-13;6.3499E-17;4.68415E-11;2.23298E-18;5.19576E-14;4.77565E-12
745;224.361;0.78;4.78169E-14;9.91957E-16;2.68387E-20;1.30536E-19;3.16228E-25;7.28886E-21;2.24078E-14;4.85216E-12;2.2618E-11;1.93768E-19;1.93768E-19;1.60409E-15;4.29893E-21;6.06189E-14;2.52624E-19;6.58475E-20;5.04026E-20;5.04026E-20;3.69698E-13;4.18659E-23;1.31676E-18;5.00251E-21;8.55038E-27;1.01411E-23;9.38362E-18;1.99816E-24;2.6736E-26;2.44625E-21;1.10614E-15;3.87977E-18;2.28694E-12;5.182E-12;2.47469E-11;1.96122E-21;7.69699E-20;3.13639E-21;1.87381E-20;1.43635E-17;1.43635E-17;1.62876E-13;8.0761E-18;8.443E-24;6.93139E-12;6.56499E-16;1.21377E-21;4.62654E-21;9.09583E-17;1.94257E-18;6.78459E-16;3.09227E-15;7.36911E-26;1.25171E-15;1.1905E-17;3.4083E-12;8.05567E-16;7.89246E-14;1.29026E-16;1.70865E-18;2.25531E-13;5.69953E-18;1.10382E-24;2.28709E-18;6.10502E-19;6.12497E-15;5.33516E-22;5.30513E-11;2.75449E-12;1.66833E-20;7.87365E-12;4.49239E-12;2.73677E-21;1.26695E-22;4.84167E-19;3.55792E-18;6.7523E-18;2.58434E-13;2.6745E-21;3.74199E-24;3.40911E-17;5.22589E-21;5.38218E-18;5.33928E-14;5.9049E-24;4.984E-23;2.86672E-14;4.39977E-19;5.68681E-13;2.98909E-19;3.55195E-16;3.33936E-26;1.06034E-14;8.31044E-18;3.84976E-12;8.66442E-20;3.12796E-15;3.54923E-13
750;227;0.68;2.91063E-15;5.04984E-17;9.02363E-22;1.44945E-20;1.66389E-26;7.35133E-22;1.29025E-15;3.61328E-13;1.76642E-12;2.13711E-20;2.13711E-20;8.54911E-17;1.3456E-22;3.56376E-15;2.8531E-20;5.80758E-21;5.46154E-21;5.46154E-21;2.34531E-14;1.15481E-24;5.11212E-20;5.11604E-22;2.43628E-28;8.57227E-25;1.09125E-18;4.86723E-26;8.1892E-28;7.4516E-23;5.64537E-17;1.59685E-19;1.65242E-13;3.77434E-13;1.94399E-12;5.87622E-23;2.69817E-21;3.15512E-22;1.98085E-21;1.27165E-18;1.27165E-18;1.00452E-14;9.99071E-19;7.40749E-25;5.17668E-13;3.36532E-17;3.62154E-23;1.50736E-22;4.13573E-18;7.69507E-20;3.3482E-17;1.62346E-16;1.57382E-27;6.4006E-17;4.99849E-19;2.41515E-13;4.06939E-17;4.76448E-15;6.11811E-18;1.90366E-19;1.43129E-14;6.9847E-19;6.26811E-26;2.73571E-19;7.05457E-20;3.40595E-16;1.57809E-23;4.36727E-12;1.98136E-13;5.49366E-22;6.02421E-13;3.36647E-13;2.75406E-22;3.461E-24;3.47123E-20;1.46924E-19;2.84411E-19;1.65451E-14;8.23302E-23;2.99008E-25;1.94083E-18;5.35138E-22;2.1771E-19;3.12715E-15;1.46808E-25;4.37394E-24;1.70689E-15;5.04094E-20;3.82994E-14;3.39042E-20;1.69948E-17;7.07372E-28;5.90337E-16;1.02905E-18;2.79223E-13;2.96692E-21;1.66186E-16;2.32782E-14
755;229.585;0.58;1.56353E-16;2.26869E-18;2.69531E-23;1.52247E-21;1.08157E-27;7.12924E-23;6.55631E-17;2.37455E-14;1.21744E-13;2.25539E-21;2.25539E-21;4.02691E-18;3.71727E-24;1.84894E-16;3.04813E-21;5.52327E-22;5.59907E-22;5.59907E-22;1.313E-15;3.06927E-26;1.75152E-21;4.95055E-23;9.47187E-30;7.06454E-26;1.25207E-19;1.0518E-27;3.43202E-29;2.00475E-24;2.54265E-18;5.86478E-21;1.05366E-14;2.42603E-14;1.34766E-13;1.5558E-24;8.34702E-23;3.01373E-23;1.98087E-22;1.27606E-19;1.27606E-19;5.46735E-16;1.16935E-19;6.1535E-26;3.41189E-14;1.52262E-18;9.537E-25;4.54937E-24;1.65949E-19;2.69007E-21;1.45818E-18;7.52225E-18;2.97862E-29;2.88836E-18;1.86434E-20;1.5103E-14;1.81414E-18;2.53824E-16;2.56022E-19;2.09078E-20;8.01608E-16;8.09884E-20;4.27451E-27;3.09589E-20;7.71129E-21;1.67142E-17;4.34719E-25;3.17276E-13;1.25776E-14;1.60144E-23;4.0676E-14;2.22631E-14;2.62479E-23;8.34379E-26;2.9943E-21;5.44507E-21;1.05722E-20;9.34766E-16;2.2366E-24;2.38333E-26;1.22864E-19;5.18415E-23;7.77174E-21;1.61632E-16;3.29436E-27;3.74172E-25;8.96903E-17;5.46342E-21;2.2763E-15;3.63791E-21;7.17591E-19;1.33476E-29;2.90045E-17;1.20544E-19;1.78723E-14;8.96575E-23;7.79234E-18;1.34734E-15
760;232.115;0.5;7.41205E-18;8.99471E-20;7.26087E-25;1.51275E-22;7.44065E-29;6.57133E-24;2.94008E-18;1.37713E-15;7.40485E-15;2.25949E-22;2.25949E-22;1.6808E-19;9.06519E-26;8.46544E-18;3.0805E-22;5.23087E-23;5.43007E-23;5.43007E-23;6.4871E-17;9.15829E-28;5.29618E-23;4.53179E-24;4.91646E-31;5.55413E-27;1.37938E-20;2.04407E-29;1.87607E-30;4.77244E-26;1.01063E-19;1.96584E-22;5.92918E-16;1.37615E-15;8.2448E-15;3.65123E-26;2.2788E-24;2.72594E-24;1.87384E-23;1.33452E-20;1.33452E-20;2.62608E-17;1.29476E-20;4.83664E-27;1.9845E-15;6.08174E-20;2.21714E-26;1.39599E-25;5.8764E-21;8.29902E-23;5.60437E-20;3.07646E-19;5.05392E-31;1.15026E-19;6.26182E-22;8.33479E-16;7.13713E-20;1.19333E-17;9.4551E-21;2.20293E-21;3.96196E-17;8.88374E-21;3.04305E-28;3.31429E-21;7.97363E-22;7.23848E-19;1.24121E-26;2.03412E-14;7.04607E-16;4.16224E-25;2.42376E-15;1.2993E-15;2.36711E-24;1.77526E-27;2.79734E-22;1.87243E-22;3.46832E-22;4.66069E-17;5.36204E-26;1.82498E-27;9.36208E-21;4.75082E-24;2.44841E-22;7.37264E-18;7.05346E-29;3.05324E-26;4.15921E-18;5.60133E-22;1.19393E-16;3.69254E-22;2.67394E-20;2.30156E-31;1.25761E-18;1.33577E-20;1.00954E-15;2.391E-24;3.22491E-19;6.88205E-17
765;234.589;0.43;3.10087E-19;3.14711E-21;1.85348E-26;1.42187E-23;5.00703E-30;5.73697E-25;1.16352E-19;7.04825E-17;3.97463E-16;2.14339E-23;2.14339E-23;6.26522E-21;1.95292E-27;3.4205E-19;2.94498E-23;4.76386E-24;4.98163E-24;4.98163E-24;2.82852E-18;3.70899E-29;1.41346E-24;3.92431E-25;2.83163E-32;4.13954E-28;1.44432E-21;3.75313E-31;1.11848E-31;1.01202E-27;3.54498E-21;6.42244E-24;2.94449E-17;6.88888E-17;4.45136E-16;7.68166E-28;5.49028E-26;2.33301E-25;1.67681E-24;1.37242E-21;1.37242E-21;1.11314E-18;1.35616E-21;3.59633E-28;1.01864E-16;2.14601E-21;4.55413E-28;5.20271E-27;1.83637E-22;2.25946E-24;1.90088E-21;1.11098E-20;8.03966E-33;4.04251E-21;1.97573E-23;4.05919E-17;2.47794E-21;4.95113E-19;3.08183E-22;2.20506E-22;1.72811E-18;9.21823E-22;2.1112E-29;3.35637E-22;7.79933E-23;2.76645E-20;4.46794E-28;1.15088E-15;3.48344E-17;9.88507E-27;1.27454E-16;6.69187E-17;2.01951E-25;3.3339E-29;2.60577E-23;6.53804E-24;1.0043E-23;2.05074E-18;1.13445E-27;1.32719E-28;8.24165E-22;4.11845E-25;6.80773E-24;2.96782E-19;1.68593E-30;2.36175E-27;1.70224E-19;5.43238E-23;5.52639E-18;3.54546E-23;8.79307E-22;3.97088E-33;4.81213E-20;1.40021E-21;5.03245E-17;5.62714E-26;1.17831E-20;3.10222E-18
770;237.008;0.37;1.14484E-20;9.71738E-23;5.13389E-28;1.26422E-24;3.21429E-31;4.73936E-26;4.06349E-21;3.18347E-18;1.88274E-17;1.92388E-24;1.92388E-24;2.13566E-22;3.72631E-29;1.21967E-20;2.66327E-24;4.12328E-25;4.32325E-25;4.32325E-25;1.08846E-19;1.98837E-30;3.33045E-26;3.21463E-26;1.618E-33;2.91997E-29;1.43255E-22;7.56632E-33;6.57844E-33;1.9593E-29;1.09736E-22;2.37032E-25;1.29049E-18;3.0433E-18;2.12089E-17;1.50952E-29;1.16734E-27;1.88893E-26;1.41941E-25;1.35266E-22;1.35266E-22;4.16398E-20;1.34371E-22;2.52961E-29;4.6143E-18;6.70366E-23;8.29099E-30;2.62758E-28;5.06436E-24;5.42871E-26;5.68977E-23;3.54636E-22;1.39096E-34;1.25378E-22;6.55815E-25;1.74461E-18;7.59226E-23;1.81284E-20;8.86717E-24;2.0904E-23;6.65189E-20;9.04843E-23;1.39622E-30;3.21531E-23;7.21658E-24;9.33068E-22;2.21956E-29;5.74642E-17;1.51979E-18;2.32319E-28;5.91467E-18;3.04157E-18;1.62987E-26;5.52899E-31;2.33472E-24;2.73502E-25;2.56773E-25;7.96311E-20;2.11814E-29;9.13887E-30;7.60971E-23;3.37732E-26;1.67093E-25;1.05434E-20;5.62864E-32;1.72898E-28;6.1494E-21;4.98381E-24;2.25745E-19;3.22027E-24;2.55178E-23;8.5876E-35;1.62496E-21;1.38844E-22;2.21386E-18;1.16872E-27;3.80406E-22;1.23407E-19
775;239.37;0.32;3.73011E-22;2.64789E-24;1.89356E-29;1.06331E-25;1.95569E-32;3.70391E-27;1.25239E-22;1.26892E-19;7.87043E-19;1.63362E-25;1.63362E-25;7.125E-24;6.36073E-31;3.83805E-22;2.27835E-25;3.38007E-26;3.54913E-26;3.54913E-26;3.69717E-21;1.17858E-31;6.93556E-28;2.49098E-27;8.84722E-35;1.94861E-30;1.34458E-23;2.13667E-34;3.69763E-34;3.77279E-31;2.99775E-24;1.15482E-26;4.99173E-20;1.18646E-19;8.91779E-19;3.15669E-31;2.19034E-29;1.44676E-27;1.13659E-26;1.26612E-23;1.26612E-23;1.37461E-21;1.25943E-23;1.68314E-30;1.8446E-19;1.86653E-24;1.35425E-31;1.60462E-29;1.23255E-25;1.15108E-27;1.50296E-24;1.00426E-23;3.42562E-36;3.43166E-24;2.75304E-26;6.61713E-20;2.05288E-24;5.85773E-22;2.2535E-25;1.87519E-24;2.25961E-21;8.40179E-24;8.7505E-32;2.91372E-24;6.31652E-25;2.7773E-23;1.31517E-30;2.53208E-18;5.85156E-20;6.52434E-30;2.42226E-19;1.22001E-19;1.24432E-27;8.11293E-33;1.98809E-25;1.51654E-26;5.80383E-27;2.72878E-21;3.49013E-31;5.95406E-31;6.91235E-24;2.61989E-27;3.62283E-27;3.30588E-22;2.59821E-33;1.19747E-29;1.96163E-22;4.32519E-25;8.13781E-21;2.76685E-25;6.53523E-25;2.80343E-36;4.84241E-23;1.30236E-23;8.59472E-20;2.14215E-29;1.08799E-23;4.33232E-21
780;241.675;0.28;1.07256E-23;6.36743E-26;9.53153E-31;8.45994E-27;1.12606E-33;2.73829E-28;3.40636E-24;4.46354E-21;2.90348E-20;1.31222E-26;1.31222E-26;2.69682E-25;1.00983E-32;1.06584E-23;1.84374E-26;2.62185E-27;2.75617E-27;2.75617E-27;1.10894E-22;6.92684E-33;1.28148E-29;1.82593E-28;4.5877E-36;1.23014E-31;1.19391E-24;8.6174E-36;1.97045E-35;8.93699E-33;7.22705E-26;7.14229E-28;1.70443E-21;4.08202E-21;3.3091E-20;8.94957E-33;3.62697E-31;1.04821E-28;8.60941E-28;1.12229E-24;1.12229E-24;4.00469E-23;1.11665E-24;1.0594E-31;6.50747E-21;4.73933E-26;2.08143E-33;1.0197E-30;2.6473E-27;2.15401E-29;3.50361E-26;2.55404E-25;1.25334E-37;8.28897E-26;1.55177E-27;2.2149E-21;4.89859E-26;1.67036E-23;5.06905E-27;1.59135E-25;6.77382E-23;7.37977E-25;5.18982E-33;2.49774E-25;5.22994E-26;7.29565E-25;8.00211E-32;9.84624E-20;1.98826E-21;2.60439E-31;8.7544E-21;4.31858E-21;8.98644E-29;1.0618E-34;1.60335E-26;1.00724E-27;1.16489E-28;8.25218E-23;5.07515E-33;3.66966E-32;6.01434E-25;1.9225E-28;6.95598E-29;9.15066E-24;1.34831E-34;7.84554E-31;5.53251E-24;3.55076E-26;2.58887E-22;2.2488E-26;1.47706E-26;1.1851E-37;1.27349E-24;1.15561E-24;2.94461E-21;3.46512E-31;2.78152E-25;1.34219E-22
