380;0.000039;0.009462;0.001698;0.002096;0.005674;0.008262;0.002994;0.002588;0;0;0.0003;0;0;0.0018;0.0001;0.000823;0.000831;0.000826;0.000026;0.000027;0.000026;0.002013;0.002033;0.00202;0.002127;0.002148;0.002134;0.001999;0.002019;0.002006;3.99486E-06;0;0.002552688;0.00268632;0.002358626;0.002653345;0.002449092;0.002573015;3.06556E-05;0.002383194;1.86794E-05;1.54599E-05;0.000138729;4.10064E-05;0.000656104;2.15267E-05;0.000070737;-3.48366E-05;0.00016103;2.76506E-05;-3.90308E-06;4.91584E-05;6.99695E-05;0.000108119;0.000733196;0.002458412;0.00451033;0.000275548;0.000241457;-0.000150997;0.004151066;0.003461103;0.000170765;-6.0434E-06;2.00288E-06;3.7661E-05;0.001094977;0;0;4.33683E-05;2.42893E-05;3.40186E-06;3.26708E-06;0.000287299;3.74343E-05;8.39819E-05;0.001808411;5.14254E-05;0;0;0;0;0;0;0;0;0;0;0;0;0;0;0;0;0;0;0;0;0;0;0;0;0;0;0;0;0;0;-0.000667976;-0.001569415;0.000132373;8.31407E-05;0.000266948;0.00144004;-0.000140518;0.002625618;0.000646511;0.000226746;0.000283854;0.005102697;0.000190775
385;0.000064;0.00969;0.002111;0.002235;0.006611;0.008574;0.003447;0.003113;0;0;0.0004;0.0001;0;0.0021;0.0002;0.000932;0.000941;0.000935;0.000058;0.000058;0.000058;0.002191;0.002213;0.002199;0.002312;0.002334;0.002319;0.002177;0.002198;0.002184;8.35702E-06;0.000683621;0.00305444;0.003229388;0.00282074;0.003146005;0.002906683;0.003098527;5.22372E-05;0.002888055;7.61593E-05;0.000116363;0.00033387;0.000239866;0.000885449;0.000152486;0.000205127;2.67816E-05;0.000422614;0.000137017;0.000102909;0.000159326;0.000102378;6.48258E-05;0.00073619;0.003411714;0.005061502;0.000304258;0.000267487;-0.00018709;0.004462738;0.003779101;0.000193042;0.000152736;6.79623E-05;0.000225962;0.001156374;0;0;2.55925E-05;0.000145738;3.28946E-06;3.13672E-06;0.000382306;9.52264E-05;8.39819E-05;0.002080265;0.00017167;0;0;0;0;0;0;0;0;0;0;0;0;0;0;0;0;0;0;0;0;0;0;0;0.001921;0;0;0;0;0;0;0.000923571;0.00256815;8.25489E-05;8.26935E-05;0.000239332;0.000325966;-9.16255E-05;0.001367119;0.00025389;0.000195881;0.000280162;0.000851112;0.000362342
390;0.00012;0.00986;0.002597;0.002365;0.007466;0.008958;0.003993;0.003584;0;0;0.0005;0.0003;0;0.0023;0.0002;0.001112;0.001123;0.001117;0.000183;0.000185;0.000184;0.002455;0.002479;0.002466;0.002573;0.002598;0.002585;0.002429;0.002452;0.00244;2.23353E-05;0.000616557;0.003533421;0.003729079;0.003273356;0.003609049;0.003361937;0.003609179;0.000103719;0.003376428;5.41077E-05;9.05465E-05;0.000698645;0.000169454;0.000779976;0.000108321;0.000526034;2.04278E-06;0.001156118;0.000395733;4.94763E-05;0.000526405;0.00040628;0.000261869;0.000733196;0.003418398;0.005409934;0.000348549;0.000308712;-4.96659E-05;0.004950274;0.004304671;0.000223064;0.000158437;0.000214501;0.000414267;0.001296042;4.76221E-05;0.000493866;6.63193E-05;0.001643641;3.44535E-06;3.33974E-06;0.000486315;0.000309213;0.000292919;0.002270599;0.000234121;0;0;0;0;0;0;0;0;0;0;0;0;0;0;0;0;0;0;0;0;0;0;0;0;0;0;0;0;0;0;0.000679769;0.002521781;0.000156149;0.000116242;0.000244168;-0.00027892;-6.92437E-05;0.001385562;0.000178447;0.000233817;0.000272115;0.002272743;7.038E-05
395;0.000217;0.009951;0.003218;0.002485;0.008198;0.009459;0.00469;0.003977;0;0;0.0006;0.0009;0.001;0.0025;0.0003;0.001535;0.001553;0.001543;0.00055;0.000557;0.000553;0.00299;0.003025;0.003006;0.003074;0.003111;0.003091;0.002928;0.002963;0.002944;8.78623E-05;0.000559642;0.004086854;0.004284998;0.003797704;0.004122557;0.003893641;0.004213713;0.000289236;0.003944522;0.000171947;0.000334118;0.00156154;0.000445108;0.00105725;0.000351406;0.001465994;9.45837E-05;0.002813573;0.001304555;0.000115613;0.001554623;0.00134122;0.000767868;0.00073214;0.003101677;0.005831451;0.000448197;0.000408341;0.000253578;0.005644829;0.005056208;0.000296751;0.00019498;0.000424352;0.000602573;0.001615408;4.08973E-05;0.000836471;0.000247346;0.006082651;4.09332E-06;3.98057E-06;0.000563612;0.000854903;0.000811796;0.002464857;0.00032805;0;0;0;0;0;0;0;0;0;0;0;0;0;0;0;0;0;0;0;0;0;0;0;0.000406;0;0;0;0;0;0;0.00176565;0.003108405;0.000272884;0.000265147;0.00050123;0.000791231;0.000441532;0.001407724;0.000248411;0.000512526;0.000294141;0.000433971;0.000456975
400;0.000396;0.01006;0.003995;0.002595;0.008959;0.009954;0.00539;0.00438;0;0;0.0006;0.002;0.002;0.002757;0.00055;0.00236;0.002383;0.002374;0.001358;0.001371;0.001366;0.003967;0.004006;0.003991;0.003978;0.004017;0.004001;0.00385;0.003888;0.003873;0.000229523;0.00062662;0.004811962;0.004996748;0.004475014;0.004766609;0.004580581;0.00502087;0.000712923;0.004688544;0.000649101;0.001243186;0.003251043;0.001682165;0.002434836;0.001344112;0.003457544;0.000508041;0.005847008;0.003364241;0.000581131;0.003648206;0.003266745;0.001651444;0.000740948;0.003084764;0.00660188;0.000642979;0.00060958;0.000714943;0.006577557;0.006052107;0.000450022;0.000446285;0.000680263;0.000790878;0.002347566;0.0004128;0.002332573;0.000462665;0.008584648;5.65798E-06;5.52441E-06;0.000619799;0.001960136;0.001882278;0.002757588;0.000550334;0;0;0;0;0;0;0;0;0;0;0;0;0;0;0;0;0;0;0;0;0;0;0;0.000676;0;0;0;0;0;0;0.002828586;0.004557528;0.000739665;0.000719333;0.001087235;-2.32625E-05;3.50857E-05;0.001507022;0.000261757;0.000734316;0.000339737;0.00132469;0.000305163
405;0.00064;0.010289;0.00495;0.002704;0.00988;0.010347;0.005984;0.004886;0;0;0.0007;0.0037;0.004;0.003322;0.001064;0.003715;0.00375;0.003734;0.002711;0.002736;0.002725;0.005507;0.005559;0.005536;0.005395;0.005446;0.005423;0.005303;0.005352;0.005331;0.000518611;0.001552232;0.005766236;0.005924617;0.005353311;0.005592149;0.005467733;0.006093775;0.001434079;0.005663966;0.001617704;0.003040286;0.005861248;0.004202234;0.005291179;0.003324901;0.006653706;0.001368944;0.010360104;0.006782317;0.001617851;0.006929145;0.006288236;0.002924381;0.000887694;0.003772685;0.007878628;0.000955092;0.000936333;0.001318319;0.007751832;0.007288589;0.000703365;0.001032676;0.000964962;0.000979183;0.003653764;0.001446587;0.004888889;0.00064599;0.008940707;8.34245E-06;8.19731E-06;0.00065276;0.003721267;0.003556721;0.003322132;0.001063723;0;0;0;0;0;0;0;0;0;0;0;0;0;0;0;0;0;0;0;0;0;0;0;0.001121;0;0;0;0;0;0;0.004650905;0.006493332;0.002026391;0.001867686;0.002147078;0.001027608;0.00132782;0.001603452;0.000692551;0.000988835;0.000367508;0.001922035;0.00052014
410;0.00121;0.010657;0.006192;0.002795;0.010751;0.01075;0.006687;0.005475;0;0;0.0007;0.0058;0.006;0.003929;0.001695;0.00536;0.005409;0.005385;0.004371;0.00441;0.004391;0.007364;0.007431;0.007398;0.007102;0.007167;0.007135;0.007064;0.007128;0.007096;0.000892164;0.002296279;0.006848234;0.006971631;0.006347795;0.006533568;0.006464824;0.007313096;0.00233266;0.006763312;0.002860739;0.005253659;0.008548681;0.007152001;0.008648256;0.005636584;0.01008944;0.002495391;0.015063144;0.010593385;0.002965626;0.010390485;0.009494425;0.004371124;0.001781045;0.004697708;0.009345424;0.001336423;0.001335285;0.002013949;0.009059896;0.008673186;0.001015542;0.001820091;0.001306314;0.001446976;0.005296449;0.001995266;0.007773462;0.000842076;0.009740966;1.30314E-05;1.27416E-05;0.000690944;0.005816676;0.005536616;0.003929723;0.001694812;0;0;0.00015;0.000901;0;0;0;0.000542;0;0;0;0;0;0;0;0;0;0;0;0;0;0;0;0.003594;0;0;0;0;0.001314;0;0.007082222;0.006003812;0.004020381;0.003445372;0.00356264;0.001684494;0.001908519;0.001951529;0.001654582;0.001208657;0.000442366;0.001552933;0.000509152
415;0.00218;0.011181;0.00782;0.002857;0.01136;0.011281;0.007727;0.006129;0;0;0.0007;0.0076;0.007;0.004601;0.002406;0.006872;0.00693;0.006902;0.005889;0.005938;0.005914;0.009047;0.009123;0.009086;0.008663;0.008735;0.0087;0.008674;0.008747;0.008711;0.00120589;0.003659954;0.007967805;0.008049301;0.007387047;0.007533316;0.007494885;0.008569293;0.003297979;0.00789301;0.004163331;0.007412345;0.010508533;0.009694356;0.011542427;0.00760395;0.012819649;0.003698429;0.018717141;0.013834564;0.00434405;0.013054906;0.011999295;0.005819684;0.003781395;0.00526842;0.010717646;0.001752026;0.00176684;0.00278791;0.010431551;0.010150042;0.001357143;0.002674058;0.00191526;0.001952976;0.006732335;0.002540843;0.009877809;0.001117102;0.011051108;2.01915E-05;2.00152E-05;0.000736633;0.007631463;0.007280227;0.004601026;0.002405722;0.002486;0.003295;0.002123;0.004582;0;0;0.003443;0.005222;0;0;0;0;0;0;0;0;0.002133;0;0;0;0;0;0;0.006504;0;0.00178;0.001269;0;0.004958;0;0.008684258;0.005452071;0.005835234;0.004897199;0.004911206;0.002130938;0.002493861;0.002307682;0.002230028;0.001575192;0.000830429;0.000489925;0.000606623
420;0.004;0.011952;0.009887;0.002994;0.012045;0.012044;0.009183;0.007068;0;0;0.0008;0.0092;0.009;0.005436;0.00322;0.008329;0.008396;0.008366;0.007355;0.007415;0.007388;0.010671;0.010757;0.010717;0.010163;0.010245;0.010207;0.010223;0.010305;0.010267;0.001493269;0.004586119;0.009238895;0.009260346;0.008586007;0.008682637;0.008669417;0.009974461;0.004436132;0.009178042;0.005668314;0.009742867;0.012028219;0.012231925;0.014424055;0.009375344;0.015097067;0.005069324;0.021679438;0.01672595;0.005823657;0.015192568;0.014034496;0.007499665;0.005775468;0.005271426;0.012310931;0.002289928;0.002323486;0.003803256;0.012057967;0.011898444;0.001807805;0.003712867;0.004342642;0.00534281;0.008010981;0.003284257;0.01109582;0.001537307;0.011760831;3.19859E-05;3.21457E-05;0.000823443;0.009171232;0.008865448;0.005436329;0.003220344;0.00683;0.007525;0.004907;0.008317;0.00478;0.002993;0.007096;0.007643;0.001697;0.002705;0.000754;0.002197;0;0.003267;0.000174;0;0.004706;0.002059;0.001386;0;0.000499;0.001533;0.000953;0.00975;0.001162;0.004681;0.004348;0.000676;0.008656;0.000377;0.009773396;0.008161673;0.00745907;0.006215292;0.00633664;0.003890631;0.003137476;0.003090985;0.00337122;0.002365699;0.002373434;0.004605387;0.002290869
425;0.0073;0.013062;0.012405;0.00332;0.01315;0.013151;0.011136;0.008507;0.0001;0.0001;0.0011;0.0114;0.011;0.006293;0.00426;0.010337;0.010412;0.010381;0.009352;0.00942;0.009392;0.012831;0.012925;0.012886;0.01216;0.012249;0.012212;0.012282;0.012372;0.012334;0.001880029;0.005994347;0.010814668;0.010749666;0.010094295;0.010102101;0.010136685;0.011688837;0.005891703;0.01078197;0.007571231;0.012584312;0.013591564;0.015349698;0.017955261;0.011261778;0.017422009;0.0067523;0.024626708;0.019746673;0.007555506;0.017329741;0.016064821;0.009702946;0.006726566;0.00476954;0.014465019;0.003049637;0.003109481;0.005226021;0.01415241;0.014119966;0.002456226;0.005087571;0.008844823;0.009053115;0.009738971;0.006275771;0.012642319;0.002355527;0.012817928;6.32798E-05;6.4069E-05;0.001062333;0.011364066;0.010903335;0.006293525;0.004259684;0.010603;0.011706;0.007763;0.011936;0.008343;0.007579;0.011361;0.010063;0.006709;0.007386;0.005375;0.007336;0.00512;0.008052;0.00477;0.004111;0.00751;0.005467;0.006006;0.003123;0.004868;0.004488;0.004238;0.012479;0.005477;0.007645;0.007538;0.0054;0.012266;0.004796;0.012270893;0.008716195;0.009227642;0.007784806;0.008374939;0.008757015;0.006133809;0.004683063;0.005837622;0.004742666;0.005869137;0.00323918;0.005735442
430;0.0116;0.014442;0.015381;0.003793;0.014533;0.014532;0.013575;0.010353;0.0001;0.0001;0.0017;0.0143;0.014;0.00787;0.005939;0.013356;0.013453;0.013405;0.012341;0.01243;0.012386;0.016041;0.016157;0.0161;0.015127;0.015237;0.015183;0.015318;0.015429;0.015374;0.002462265;0.00767508;0.01280106;0.012639693;0.012013909;0.011880786;0.012003531;0.013843584;0.007746456;0.012804133;0.009920756;0.016028543;0.015375804;0.01912238;0.022231192;0.013401383;0.020087285;0.008823191;0.027916624;0.02322901;0.009661807;0.019769662;0.018369964;0.012568916;0.007377982;0.004552392;0.017015796;0.004053598;0.004144062;0.00705718;0.016755151;0.016870204;0.003318307;0.006827533;0.013453229;0.013761495;0.012352702;0.011880575;0.014779044;0.004229163;0.014834298;0.000137694;0.000139961;0.001691651;0.014255936;0.013731603;0.007870682;0.005939291;0.014307;0.015444;0.011259;0.015671;0.012732;0.012321;0.014691;0.013813;0.010979;0.011794;0.010857;0.011086;0.009768;0.01246;0.009429;0.009253;0.010584;0.010439;0.01083;0.007803;0.009305;0.008847;0.008327;0.016015;0.010654;0.010978;0.01109;0.009725;0.016087;0.009207;0.015296731;0.014334373;0.011518628;0.009917224;0.011455736;0.013914976;0.010907716;0.008164066;0.009727092;0.009395722;0.010716656;0.009670281;0.009989571
435;0.01684;0.016168;0.01883;0.004442;0.016201;0.016259;0.016576;0.01261;0.0003;0.0003;0.003399;0.0176;0.017;0.009718;0.007908;0.017233;0.017354;0.017295;0.016206;0.01632;0.016264;0.020134;0.020275;0.020205;0.018974;0.019107;0.019041;0.019236;0.019372;0.019305;0.003182267;0.009629875;0.015238336;0.014987631;0.014405031;0.014070322;0.014311707;0.016499405;0.010027318;0.015280501;0.012703584;0.02004972;0.017437502;0.023421446;0.027096263;0.01584114;0.023234846;0.011299766;0.031735046;0.027343999;0.012197358;0.022669296;0.021104886;0.016089715;0.008515935;0.005332688;0.019756462;0.005290307;0.00541241;0.009246909;0.019829841;0.020117309;0.004383614;0.008913378;0.018703489;0.018821502;0.015534325;0.017868765;0.01734641;0.006844931;0.017719106;0.000346889;0.000343059;0.003387327;0.01763902;0.017003772;0.009718599;0.007907979;0.018657;0.019837;0.015216;0.019645;0.017632;0.01692;0.018934;0.016004;0.01597;0.017054;0.015641;0.015763;0.014867;0.017333;0.014457;0.014606;0.014476;0.015975;0.015882;0.012318;0.01423;0.013394;0.01276;0.019468;0.015001;0.01512;0.015576;0.015921;0.020369;0.013877;0.018665987;0.018793625;0.014190946;0.012621531;0.01533124;0.017905178;0.015958551;0.015944414;0.01586511;0.014728079;0.015805121;0.016463868;0.014430459
440;0.023;0.017928;0.022172;0.00519;0.017918;0.018016;0.019863;0.015031;0.000899;0.0009;0.007498;0.0211;0.02;0.011496;0.009742;0.021712;0.021857;0.021787;0.020615;0.020752;0.020686;0.024808;0.024973;0.024893;0.023363;0.023517;0.023443;0.023681;0.023839;0.023763;0.003899013;0.011822865;0.017951316;0.017612246;0.017208204;0.016604053;0.016884017;0.019464229;0.012604693;0.018057796;0.015805362;0.024398404;0.019657108;0.027815726;0.031958941;0.018436328;0.026610731;0.01403593;0.03589957;0.031764587;0.014976165;0.025823546;0.024110707;0.019820987;0.009318358;0.006788633;0.022813338;0.006689526;0.006848497;0.011707254;0.023206634;0.023625641;0.005609181;0.011252485;0.024253821;0.024490593;0.018723678;0.024243575;0.019524248;0.011948672;0.023095428;0.000892281;0.000922288;0.007506119;0.021057371;0.020207761;0.011496824;0.00974212;0.023664;0.024851;0.020727;0.024443;0.023292;0.022319;0.023865;0.021343;0.021701;0.022743;0.021437;0.02128;0.020919;0.023046;0.02052;0.020473;0.019151;0.021452;0.022203;0.01786;0.020128;0.019113;0.018528;0.023949;0.021219;0.020382;0.021192;0.021708;0.025645;0.018808;0.021804948;0.024999959;0.017287743;0.015943519;0.019459634;0.022925769;0.021580444;0.020349784;0.020782863;0.020627375;0.020915566;0.021686684;0.019349754
445;0.0298;0.019607;0.025106;0.006086;0.019636;0.019685;0.023284;0.017637;0.002298;0.002299;0.016197;0.0251;0.023999;0.013465;0.011646;0.026911;0.027093;0.027013;0.025808;0.025982;0.025906;0.030212;0.030416;0.030327;0.028533;0.028725;0.028641;0.028929;0.029124;0.029039;0.00471421;0.014777395;0.020930542;0.020468147;0.020480715;0.019535763;0.019682684;0.022711271;0.015493683;0.021144929;0.019306307;0.029050456;0.0220957;0.032286606;0.036684525;0.021278335;0.030030975;0.017064707;0.040349742;0.036259417;0.017941708;0.029111943;0.027307736;0.023517885;0.009308741;0.008557644;0.026595962;0.008294743;0.008493784;0.01457215;0.026863567;0.027355551;0.00703669;0.013978415;0.030254261;0.030352027;0.02232753;0.032330795;0.022179315;0.019563602;0.026289679;0.002277506;0.002308681;0.016199075;0.02509415;0.023966795;0.013466108;0.01164574;0.029913;0.030787;0.02698;0.030325;0.029974;0.029061;0.030127;0.026142;0.028188;0.029197;0.028433;0.027837;0.027544;0.029483;0.027507;0.027413;0.025036;0.028702;0.028739;0.024896;0.027197;0.026118;0.02552;0.029511;0.027855;0.02713;0.027836;0.028926;0.031788;0.025209;0.025461656;0.029168248;0.021545842;0.0203159;0.024314328;0.028983563;0.030315858;0.026717557;0.027165974;0.027781901;0.026301744;0.024329931;0.025249371
450;0.038;0.023107;0.027565;0.007885;0.023194;0.023192;0.028247;0.021402;0.005296;0.005397;0.031194;0.0315;0.029999;0.016599;0.01453;0.033743;0.033969;0.033871;0.032734;0.032954;0.032859;0.037683;0.037936;0.037827;0.035687;0.035925;0.035822;0.036136;0.036379;0.036274;0.00591821;0.01757439;0.025044889;0.024291754;0.02486648;0.023519288;0.023446555;0.027127672;0.019444715;0.025388826;0.024165949;0.03510652;0.025712988;0.038768349;0.043401602;0.025594705;0.033987527;0.021299447;0.045881166;0.041478008;0.021796154;0.033114596;0.03124688;0.028170093;0.011001096;0.011148488;0.032313633;0.010663084;0.010870906;0.018901232;0.031503718;0.032255131;0.009078959;0.01820272;0.036323718;0.037105047;0.027683056;0.041063734;0.025645406;0.029822408;0.032436614;0.005314444;0.005422938;0.031211857;0.03145916;0.029759544;0.016600364;0.01452989;0.037156;0.038085;0.035095;0.037247;0.037633;0.036772;0.037201;0.032949;0.035865;0.03703;0.036066;0.035522;0.035765;0.037466;0.03567;0.035733;0.032142;0.035799;0.036598;0.032242;0.034995;0.034514;0.033935;0.036184;0.036243;0.035159;0.036214;0.037474;0.039393;0.032477;0.030997033;0.036197699;0.028205711;0.026886194;0.031206122;0.03527319;0.039037246;0.036699479;0.035137936;0.036357662;0.03233219;0.032981448;0.033424532
455;0.048;0.030251;0.029919;0.011382;0.030333;0.030372;0.03624;0.027308;0.011292;0.011494;0.052389;0.0415;0.038999;0.022644;0.020222;0.043634;0.043921;0.043809;0.042746;0.043028;0.042918;0.048038;0.048355;0.048232;0.04556;0.045859;0.045743;0.046127;0.046431;0.046313;0.007890504;0.02323166;0.031577417;0.030226078;0.031424184;0.029594027;0.029322789;0.034062571;0.025600576;0.032042176;0.031758475;0.044201989;0.031743564;0.04937489;0.054563295;0.032841649;0.039443784;0.028055066;0.053753927;0.048587597;0.027643356;0.038823548;0.036881802;0.035299002;0.016844229;0.015292688;0.041510028;0.014632698;0.014802559;0.026134029;0.038214572;0.039741841;0.012448102;0.025427694;0.043548452;0.043980285;0.036359917;0.049337745;0.030967128;0.039774973;0.040417249;0.011261521;0.011459627;0.052386728;0.041547327;0.039176196;0.022646495;0.020222224;0.046459;0.047175;0.044823;0.046077;0.0474;0.046586;0.046166;0.041904;0.045688;0.047347;0.046034;0.044914;0.04539;0.047383;0.045405;0.045889;0.04183;0.046077;0.046402;0.041707;0.044432;0.045083;0.044433;0.045363;0.046388;0.045217;0.046678;0.047854;0.048909;0.041495;0.039023562;0.043100385;0.038417601;0.037596285;0.041599136;0.042255021;0.047627121;0.049050177;0.045174153;0.04678027;0.040115444;0.042121494;0.044984508
460;0.06;0.042629;0.035155;0.017766;0.042804;0.042901;0.047811;0.038623;0.021585;0.021789;0.077784;0.0568;0.052999;0.033843;0.030427;0.05646;0.056841;0.056692;0.055582;0.055957;0.05581;0.061607;0.062023;0.06186;0.058523;0.058918;0.058763;0.059283;0.059684;0.059526;0.010833869;0.032087167;0.042589587;0.040258677;0.042284972;0.039741569;0.039315163;0.045799185;0.035938183;0.043142713;0.044237372;0.058986455;0.041622933;0.064985963;0.071657593;0.044253895;0.048573018;0.03937241;0.066229975;0.059945407;0.037435209;0.048178003;0.046146596;0.047318302;0.026035607;0.021741452;0.056266594;0.021652174;0.021830514;0.038303965;0.048896211;0.052122861;0.018682283;0.037740611;0.05591842;0.058204604;0.049375644;0.05839022;0.039777062;0.049716047;0.052870833;0.021616503;0.021847465;0.07784607;0.056834813;0.05344459;0.033846799;0.030426885;0.057777;0.058496;0.057205;0.057694;0.059731;0.059056;0.057738;0.052474;0.057583;0.059562;0.057638;0.056878;0.057322;0.059493;0.057655;0.058903;0.053866;0.058355;0.058786;0.053816;0.057066;0.058298;0.057554;0.056298;0.058761;0.057756;0.059793;0.060596;0.060854;0.0529;0.051370903;0.055959177;0.051916581;0.053722267;0.054966996;0.053102076;0.05704419;0.061056017;0.057089396;0.059106034;0.050570025;0.054728275;0.061538339
465;0.0739;0.061763;0.046194;0.028338;0.062267;0.062365;0.063494;0.058354;0.037674;0.037981;0.110678;0.0765;0.071998;0.052558;0.047131;0.072115;0.072582;0.072412;0.071226;0.071688;0.07152;0.078386;0.078893;0.078709;0.074351;0.074831;0.074656;0.075337;0.075825;0.075647;0.014900624;0.046954525;0.059887454;0.05620241;0.059346279;0.055763967;0.055226368;0.064289444;0.052213277;0.060500757;0.063428885;0.081630035;0.056522245;0.086535926;0.095908039;0.06068716;0.063412083;0.056940688;0.085224754;0.077679735;0.052899022;0.062990761;0.060826157;0.066384825;0.037826093;0.031486104;0.078124076;0.03326552;0.033496182;0.057044747;0.065453688;0.071346103;0.029293884;0.056770316;0.073127551;0.073828415;0.06727899;0.06964175;0.054422558;0.071641951;0.066937512;0.03765553;0.0380312;0.110747892;0.076535046;0.071786762;0.052563115;0.047130907;0.071423;0.071992;0.072423;0.071072;0.07368;0.072964;0.070886;0.065196;0.071693;0.074154;0.072857;0.070631;0.071703;0.073266;0.072939;0.073727;0.068687;0.072698;0.073337;0.068092;0.071631;0.073574;0.072666;0.070469;0.07397;0.072822;0.075188;0.07607;0.075311;0.06628;0.068203119;0.071469782;0.067333615;0.074610346;0.069539577;0.071333277;0.068733952;0.072625268;0.071192877;0.073992201;0.066060581;0.073015347;0.083132032
470;0.09098;0.084959;0.066815;0.042219;0.085807;0.085901;0.083743;0.084414;0.060957;0.061369;0.154469;0.0986;0.092998;0.078947;0.070972;0.090284;0.09085;0.090647;0.089303;0.089863;0.089661;0.097617;0.098228;0.098009;0.092689;0.093268;0.09306;0.09413;0.09472;0.094508;0.020366213;0.068013794;0.083477045;0.078326801;0.082498238;0.07780292;0.077198125;0.08922606;0.074462762;0.084231935;0.089070973;0.111370736;0.076354327;0.116411826;0.128445535;0.08170261;0.084242271;0.080316628;0.110265812;0.101813176;0.074015703;0.083621828;0.081128159;0.092735665;0.054931482;0.046458739;0.105922658;0.050787973;0.05062045;0.081797338;0.088999354;0.097032678;0.044866093;0.081726961;0.090031608;0.091284486;0.091533863;0.086229445;0.076879965;0.097676799;0.094010781;0.060961982;0.061352737;0.154549905;0.098614522;0.092516747;0.078955023;0.07097223;0.088667;0.089075;0.091227;0.088173;0.091423;0.091268;0.0879;0.08281;0.089186;0.092502;0.090365;0.088435;0.090118;0.091389;0.091057;0.091651;0.087615;0.091079;0.091708;0.085448;0.090604;0.092853;0.092224;0.088458;0.092803;0.09134;0.094328;0.095112;0.093557;0.083402;0.089047311;0.092203286;0.083982074;0.096828107;0.084188326;0.090853846;0.085034878;0.085637818;0.088168255;0.092375978;0.087454191;0.090818455;0.106527023
475;0.1126;0.109611;0.099989;0.058791;0.110611;0.110745;0.108976;0.1147;0.091736;0.092154;0.19766;0.1207;0.113997;0.109358;0.09873;0.111856;0.1125;0.112319;0.11099;0.111629;0.111449;0.11986;0.12055;0.120356;0.11399;0.114643;0.114459;0.115883;0.11655;0.116362;0.027335664;0.093140925;0.112019824;0.105569601;0.110311996;0.104664994;0.104080531;0.118921452;0.101483608;0.113039803;0.119518235;0.145847825;0.100072392;0.154815399;0.168294453;0.1060437;0.109982889;0.107873358;0.139568346;0.13089928;0.099569129;0.109152606;0.10604232;0.12491549;0.079245619;0.067522307;0.1372385;0.073988248;0.072822134;0.110692047;0.119070154;0.127304976;0.065011773;0.110528347;0.108456029;0.10968524;0.122434579;0.108785586;0.105283776;0.122543055;0.122908764;0.091834677;0.092171024;0.197737286;0.120731784;0.113930212;0.10936834;0.098729987;0.113766;0.11367;0.117534;0.112129;0.117825;0.117644;0.112306;0.1073;0.116159;0.119601;0.11824;0.114561;0.117934;0.118401;0.119725;0.119524;0.113677;0.118179;0.119016;0.112406;0.118396;0.12056;0.119768;0.112641;0.120785;0.11762;0.120927;0.124401;0.119068;0.109649;0.110514635;0.110805508;0.102092727;0.115796656;0.099305761;0.108058192;0.107188022;0.103699246;0.10898325;0.112206109;0.11284194;0.106480998;0.127500012
480;0.13902;0.137549;0.143218;0.080047;0.138366;0.138556;0.139439;0.147326;0.130309;0.130634;0.233953;0.1466;0.138997;0.139332;0.127674;0.136772;0.137541;0.137271;0.136163;0.136929;0.13666;0.144901;0.145714;0.145429;0.138053;0.138826;0.138555;0.140708;0.141499;0.141221;0.035318053;0.118348149;0.140599037;0.133084812;0.138090069;0.131476558;0.131218149;0.148426091;0.128831874;0.141674321;0.149680105;0.179237723;0.124049532;0.191754436;0.206145676;0.130477581;0.135860863;0.135382079;0.168486056;0.159721122;0.125301441;0.13500286;0.131263755;0.156618999;0.105909633;0.090322402;0.167292235;0.096677749;0.095632273;0.138809317;0.149694115;0.156617308;0.086391665;0.138341564;0.13325198;0.136753421;0.157676463;0.138879278;0.134042796;0.150102076;0.157706129;0.130364343;0.130673119;0.234005983;0.146608729;0.138973025;0.139345147;0.127673572;0.143425;0.14355;0.148181;0.141514;0.148461;0.149063;0.142248;0.135781;0.147168;0.150963;0.148116;0.14538;0.14763;0.149828;0.149853;0.150293;0.145214;0.147854;0.149915;0.142582;0.149095;0.152555;0.151441;0.143014;0.150646;0.148799;0.15261;0.155265;0.150058;0.139225;0.13089489;0.135053607;0.124647021;0.132715536;0.118465157;0.129036609;0.137018022;0.128529852;0.135033168;0.134634031;0.139648608;0.126666943;0.148704465
485;0.1693;0.171053;0.194406;0.108702;0.171252;0.171491;0.175764;0.180939;0.177076;0.177411;0.266746;0.186;0.172996;0.168069;0.155002;0.165963;0.166875;0.166591;0.165417;0.166326;0.166042;0.173435;0.174386;0.174091;0.165516;0.166421;0.166138;0.169067;0.169996;0.169706;0.043190355;0.140835709;0.165551665;0.15715293;0.162433222;0.154673296;0.155086539;0.174139555;0.153255024;0.166256808;0.175903785;0.207465112;0.145621089;0.219110558;0.234757786;0.152745113;0.158336523;0.160006015;0.19388885;0.184501239;0.148154203;0.157711859;0.153652144;0.182858836;0.130031245;0.110772081;0.193310326;0.114121385;0.115623102;0.163047065;0.176022486;0.181331123;0.106492943;0.162288571;0.165929823;0.167538218;0.192287938;0.1750314;0.158301092;0.18263287;0.19749451;0.177196141;0.177488083;0.266809899;0.186019271;0.173268207;0.168085711;0.155001828;0.184186;0.184207;0.187895;0.181039;0.189241;0.190727;0.182139;0.175086;0.188548;0.192306;0.187278;0.185974;0.187605;0.191417;0.190093;0.191259;0.187478;0.187333;0.190171;0.182537;0.18872;0.194012;0.193108;0.183836;0.190433;0.188875;0.193458;0.196359;0.189933;0.177792;0.15505873;0.170599297;0.153553217;0.152657465;0.146507089;0.163570598;0.17278784;0.160084441;0.166287617;0.163305863;0.16748863;0.155502039;0.17060582
490;0.20802;0.211851;0.24439;0.146519;0.211331;0.211616;0.217992;0.2187;0.232637;0.232883;0.302339;0.2454;0.220995;0.201761;0.190708;0.2028;0.203763;0.2033;0.201495;0.202452;0.201993;0.209116;0.210106;0.209631;0.199766;0.200711;0.200256;0.204329;0.205299;0.204833;0.050596609;0.165475435;0.19180784;0.182344183;0.188403857;0.179608342;0.180190774;0.201119809;0.179507057;0.192347614;0.20373272;0.23691057;0.168551529;0.246454642;0.263493647;0.176458295;0.18249618;0.187078398;0.221572982;0.21099051;0.172908406;0.181958518;0.178020026;0.20876939;0.153337273;0.131071622;0.222898081;0.133355387;0.137619412;0.190622964;0.20320831;0.209104508;0.129060626;0.19006151;0.206469553;0.212217748;0.224953375;0.213111193;0.180848508;0.228699242;0.242653224;0.232848502;0.232984255;0.302371499;0.245374394;0.220562602;0.201781008;0.190707685;0.233871;0.233699;0.237454;0.229761;0.238867;0.240504;0.231324;0.22385;0.238259;0.242386;0.235448;0.235301;0.235668;0.2415;0.238617;0.239832;0.238237;0.236043;0.239429;0.232367;0.237007;0.244668;0.243374;0.23306;0.239368;0.237745;0.243712;0.245551;0.238002;0.225328;0.194330394;0.212431712;0.191582106;0.183283634;0.18844502;0.210578373;0.210126416;0.200694183;0.202796322;0.204812425;0.198812527;0.190858376;0.206713566
495;0.2586;0.261434;0.28475;0.195068;0.260382;0.260714;0.265929;0.263924;0.295693;0.295751;0.34563;0.3183;0.279993;0.246135;0.241228;0.255371;0.256475;0.256082;0.252587;0.253679;0.253291;0.25989;0.261012;0.260614;0.249221;0.250293;0.249911;0.25447;0.25557;0.255179;0.058672977;0.205038431;0.227802995;0.216826669;0.224335196;0.215100211;0.214658369;0.237863889;0.215536765;0.228730076;0.242189838;0.277537336;0.200007757;0.287977318;0.306111874;0.208251918;0.217479063;0.224783019;0.260476914;0.248620589;0.207903291;0.216218174;0.212620279;0.243848019;0.181847096;0.157602644;0.265860538;0.165212334;0.170044028;0.23135365;0.240391397;0.251341091;0.161532174;0.231972118;0.257931904;0.260824267;0.260828918;0.252395151;0.211866822;0.280719736;0.291435416;0.295852535;0.295868843;0.345689421;0.318332389;0.279598212;0.246158662;0.241227589;0.295374;0.294302;0.298014;0.289478;0.29947;0.301471;0.291527;0.284095;0.298778;0.303233;0.293857;0.295551;0.293978;0.302414;0.297592;0.298709;0.301776;0.295473;0.299474;0.292854;0.295618;0.306062;0.305295;0.294661;0.298787;0.297307;0.304394;0.305043;0.296913;0.282981;0.255889547;0.256102488;0.242274156;0.230645264;0.24768929;0.258708353;0.249485501;0.247582281;0.248178973;0.25731472;0.242316201;0.255290284;0.263920996
500;0.323;0.325595;0.332678;0.264693;0.324811;0.325188;0.326889;0.323719;0.363246;0.363317;0.39402;0.391;0.345992;0.306742;0.308689;0.324731;0.325993;0.325481;0.321078;0.322326;0.32182;0.328576;0.329851;0.329334;0.317336;0.318563;0.318064;0.322404;0.323657;0.323149;0.06962796;0.274577562;0.28740061;0.274870229;0.283182123;0.274911481;0.273077078;0.297966723;0.274065573;0.287640452;0.305019766;0.343183394;0.25433731;0.358658975;0.377349797;0.260980806;0.280010082;0.284535905;0.323181603;0.312017904;0.267871683;0.276012201;0.271514268;0.3049222;0.232131244;0.20718491;0.330422811;0.223938868;0.227459358;0.295131839;0.302656815;0.323130023;0.219856974;0.298240318;0.325808194;0.332992727;0.310028948;0.306590707;0.267886696;0.337641452;0.353813136;0.363457661;0.363462372;0.394087571;0.390962907;0.345690174;0.306771789;0.308688906;0.36444;0.362686;0.366468;0.357164;0.367406;0.369639;0.359261;0.352244;0.366792;0.370867;0.359801;0.362916;0.359792;0.370562;0.363118;0.364234;0.372049;0.362001;0.366072;0.361862;0.360959;0.373829;0.373004;0.362965;0.36396;0.364168;0.372055;0.370589;0.362618;0.349069;0.331600845;0.314033742;0.307435642;0.29601974;0.324283184;0.321232823;0.305929908;0.309968351;0.312660159;0.317460606;0.307062455;0.318137561;0.334217017
505;0.4073;0.408729;0.403805;0.362871;0.409572;0.409989;0.406907;0.403485;0.435195;0.435181;0.452309;0.4596;0.41399;0.389079;0.393974;0.415435;0.416985;0.416381;0.410457;0.411988;0.411392;0.417648;0.419203;0.418598;0.406608;0.408116;0.407528;0.410801;0.412334;0.411737;0.086250956;0.380915514;0.380208232;0.366728211;0.374092591;0.368395794;0.365850103;0.39068272;0.364034272;0.377476189;0.401216419;0.442484545;0.342558071;0.466046079;0.484880991;0.344720742;0.38180834;0.373959194;0.417951333;0.411002975;0.36323878;0.372304655;0.364783215;0.403609259;0.318046625;0.293703974;0.420425445;0.319347868;0.320648344;0.387256613;0.401209235;0.433459999;0.316231834;0.393955679;0.410828599;0.412604436;0.384833769;0.390648476;0.36261628;0.413819337;0.429586744;0.435476671;0.435432616;0.452412293;0.459638516;0.41401581;0.389116738;0.393974419;0.441731;0.439314;0.442442;0.433121;0.442885;0.446306;0.435832;0.430052;0.442823;0.446615;0.43261;0.438553;0.433352;0.447226;0.437266;0.438805;0.451284;0.436135;0.44064;0.439068;0.435688;0.449172;0.448869;0.441092;0.43673;0.438473;0.447471;0.444497;0.437603;0.42427;0.40979744;0.406909556;0.388403495;0.376639245;0.415134835;0.412838515;0.392239943;0.392317183;0.395334383;0.390424101;0.396116971;0.391643812;0.416141411
510;0.503;0.505175;0.502863;0.487466;0.507672;0.508138;0.501063;0.501307;0.509144;0.509043;0.530293;0.534;0.491988;0.489791;0.493289;0.515357;0.516959;0.516278;0.510073;0.511659;0.510985;0.518101;0.519707;0.519026;0.507687;0.509254;0.508587;0.510114;0.5117;0.511026;0.109618373;0.515434865;0.493381629;0.480486246;0.486365184;0.482326974;0.48018219;0.50280633;0.474488486;0.48782656;0.516049174;0.559393119;0.45518868;0.587159635;0.607145307;0.452211321;0.506984028;0.482267248;0.532141191;0.530977921;0.480805699;0.490784291;0.48077929;0.523355809;0.43204451;0.408870411;0.52375062;0.440103104;0.439136487;0.494576419;0.525786478;0.563232363;0.439331331;0.503778164;0.504100984;0.507894051;0.490040987;0.49110755;0.490624945;0.511645265;0.507556398;0.509540611;0.509258992;0.530388904;0.534044965;0.492364427;0.489838702;0.493289076;0.523346;0.521212;0.522938;0.514355;0.523545;0.527897;0.517774;0.511617;0.524356;0.527647;0.510799;0.519452;0.513013;0.529311;0.515739;0.518992;0.53441;0.5143;0.520148;0.52151;0.515542;0.528725;0.528737;0.521983;0.513182;0.51824;0.527258;0.522342;0.518003;0.505407;0.487846077;0.516551654;0.489222382;0.469589647;0.511484673;0.514578381;0.494782588;0.49347694;0.492406275;0.484737379;0.503703451;0.490963901;0.506019331
515;0.6082;0.608062;0.632656;0.634344;0.610927;0.611463;0.603325;0.613865;0.582692;0.582606;0.621274;0.6284;0.595986;0.598149;0.599843;0.620833;0.622497;0.621647;0.6166;0.618252;0.617408;0.62249;0.624153;0.623305;0.614356;0.615988;0.615152;0.615173;0.616821;0.615979;0.136649857;0.64732984;0.609197847;0.598986639;0.604119393;0.598772129;0.598129285;0.616505707;0.589794241;0.60341192;0.630371129;0.673444505;0.576921553;0.695853333;0.718844415;0.570722474;0.633705965;0.594331927;0.648257511;0.65200888;0.602085544;0.611729234;0.602309634;0.642244096;0.559445198;0.537390359;0.625636464;0.569293897;0.566526389;0.60089316;0.65939782;0.688671271;0.571394333;0.609711838;0.604615108;0.605728196;0.610376971;0.598508028;0.622794051;0.615616025;0.587262927;0.583078917;0.582948144;0.621430514;0.628389697;0.596084128;0.598207731;0.599842604;0.611483;0.609919;0.60977;0.601832;0.609852;0.615392;0.605319;0.600063;0.610866;0.614087;0.597012;0.605103;0.599392;0.615888;0.601728;0.605197;0.622242;0.601017;0.606627;0.609828;0.602514;0.614869;0.6163;0.610783;0.599741;0.60374;0.613419;0.608124;0.603406;0.592331;0.578908388;0.610523614;0.605174238;0.570660537;0.605645239;0.606893913;0.600465026;0.59880926;0.596323838;0.595902658;0.606183956;0.594433096;0.602069387
520;0.71;0.707862;0.762433;0.77222;0.710045;0.710596;0.702287;0.7214;0.654442;0.65417;0.712456;0.7332;0.715983;0.702769;0.70524;0.716679;0.718208;0.717688;0.713953;0.715476;0.714958;0.717473;0.718997;0.718482;0.712603;0.714106;0.713594;0.711637;0.713155;0.712638;0.161172437;0.75580579;0.71287082;0.706266108;0.710607722;0.70355131;0.704350574;0.717903786;0.695494346;0.708285127;0.731094823;0.771189787;0.689643448;0.783837043;0.808960995;0.682981668;0.743986392;0.696062878;0.750320811;0.757236456;0.711063448;0.719050403;0.71173031;0.745069629;0.678450736;0.658127191;0.716703254;0.68886087;0.683986502;0.696273189;0.779605208;0.795379475;0.692439109;0.703566765;0.705659358;0.702680772;0.719589163;0.697540273;0.731116597;0.710609204;0.673717309;0.654917915;0.654528384;0.712591787;0.733169595;0.716414628;0.702837518;0.705240363;0.695934;0.693853;0.692855;0.684379;0.691782;0.697751;0.687281;0.684859;0.692485;0.694777;0.683328;0.686389;0.683819;0.697299;0.68463;0.687611;0.702989;0.682862;0.686481;0.692051;0.682219;0.693719;0.695868;0.691623;0.680802;0.682145;0.692789;0.688973;0.682875;0.674917;0.693016609;0.698503291;0.714857593;0.672982546;0.692557885;0.704132369;0.70016408;0.696449405;0.697351153;0.70228601;0.698275988;0.689436646;0.700009431
525;0.7932;0.795058;0.860989;0.870525;0.7958;0.79624;0.786521;0.804404;0.722394;0.722136;0.796539;0.8194;0.81398;0.787909;0.793153;0.797313;0.798921;0.798338;0.79655;0.798157;0.797574;0.798838;0.800443;0.799864;0.796119;0.797707;0.79713;0.794397;0.795999;0.795418;0.180420262;0.834716895;0.793957521;0.790560415;0.793071459;0.786767845;0.787843256;0.797445821;0.780705241;0.790330844;0.809681761;0.844243233;0.778938821;0.849147294;0.872898763;0.774490743;0.825362575;0.777143295;0.826932404;0.834912451;0.79614809;0.801454158;0.795791322;0.82211022;0.771103289;0.753739399;0.791042416;0.784238132;0.77642452;0.774477833;0.868217712;0.874667086;0.786502809;0.781133185;0.797151316;0.797780048;0.803995187;0.7821344;0.811489077;0.784873715;0.768526652;0.722926267;0.722519139;0.796682078;0.819447068;0.813653038;0.78798595;0.793152727;0.771451;0.770054;0.766919;0.761162;0.767595;0.773264;0.765348;0.762385;0.767926;0.770711;0.76143;0.762259;0.760095;0.772487;0.757897;0.764545;0.779241;0.75656;0.762305;0.769538;0.758111;0.767965;0.770249;0.769957;0.755909;0.757824;0.767814;0.761376;0.758966;0.753231;0.797277615;0.785928176;0.800155037;0.766453741;0.76994972;0.795634278;0.783334314;0.779161471;0.785532585;0.789175607;0.775986115;0.775881983;0.791962213
530;0.862;0.866427;0.927924;0.933212;0.865731;0.865974;0.854702;0.866238;0.787249;0.786503;0.867025;0.8812;0.879979;0.854149;0.860895;0.862871;0.864302;0.864059;0.862338;0.863768;0.863526;0.86431;0.865735;0.865499;0.86245;0.863861;0.863625;0.860739;0.862166;0.861924;0.194705836;0.888651271;0.856450203;0.855707069;0.855574022;0.851905231;0.852353343;0.858911561;0.847661118;0.85342845;0.869729884;0.897456136;0.847988583;0.897271053;0.917464589;0.846391484;0.883628473;0.84131279;0.883502599;0.890658989;0.86097032;0.863195816;0.859269497;0.878859636;0.841923732;0.827908714;0.85124783;0.855982438;0.846139262;0.837783872;0.929480227;0.93129505;0.855918696;0.844316032;0.865657758;0.856855202;0.866807574;0.849149093;0.871469695;0.845410242;0.860401278;0.787802419;0.786942077;0.867174327;0.881226778;0.880025277;0.854232215;0.860895115;0.840692;0.839525;0.837964;0.831816;0.838288;0.841444;0.836145;0.833723;0.836975;0.840198;0.829488;0.832561;0.82872;0.840769;0.829491;0.835669;0.849063;0.826144;0.831692;0.84003;0.828887;0.838064;0.83888;0.839089;0.828416;0.827735;0.836636;0.831953;0.826879;0.826239;0.867259005;0.857186316;0.862918372;0.844071436;0.834464786;0.864065281;0.848438757;0.844556681;0.856327806;0.859712927;0.843615152;0.855291581;0.868338144
535;0.9148501;0.920026;0.965029;0.967015;0.91871;0.918716;0.906795;0.911653;0.846208;0.845574;0.921214;0.9243;0.924978;0.905696;0.912349;0.913969;0.915349;0.91479;0.913945;0.915324;0.914765;0.915096;0.916469;0.915917;0.914729;0.91609;0.915536;0.912346;0.913723;0.913165;0.205727343;0.931360592;0.906822848;0.908159041;0.90535907;0.904695944;0.90424671;0.908417229;0.901247887;0.904324231;0.917039339;0.937832619;0.903256165;0.934640157;0.950883543;0.903183801;0.927740911;0.894733798;0.928048663;0.933011296;0.911967197;0.911450115;0.910032683;0.923287154;0.899292051;0.888190872;0.901220062;0.908551793;0.899231742;0.889995605;0.972138553;0.972326684;0.907194094;0.896117751;0.919690726;0.915940374;0.914160038;0.906030174;0.918416729;0.899121024;0.938860052;0.846846198;0.846020511;0.921403318;0.924302538;0.924576875;0.90578406;0.912348722;0.897493;0.895509;0.896754;0.889213;0.895932;0.896724;0.893294;0.891975;0.893564;0.89613;0.891658;0.889811;0.890885;0.895993;0.892722;0.894372;0.902211;0.886022;0.889375;0.896631;0.887426;0.895026;0.894618;0.895942;0.888233;0.884583;0.892863;0.892738;0.884025;0.885917;0.913115299;0.911625864;0.910318026;0.904612926;0.887773149;0.911123414;0.905198826;0.897364375;0.910034617;0.913522683;0.896496321;0.905966842;0.927615372
540;0.954;0.95776;0.982455;0.982417;0.956415;0.956254;0.944833;0.945376;0.899071;0.898647;0.958506;0.9563;0.956977;0.945037;0.949867;0.952477;0.953562;0.952993;0.952727;0.953812;0.953243;0.953281;0.954359;0.953796;0.953263;0.954329;0.953766;0.95139;0.952474;0.951906;0.213833294;0.964566963;0.947041082;0.949229395;0.945569098;0.946488224;0.945619885;0.948090448;0.943840587;0.945237389;0.954082647;0.967751093;0.946738634;0.96401548;0.97565036;0.947160153;0.961051498;0.939203641;0.962206714;0.964786672;0.951578464;0.949520507;0.950285986;0.958048138;0.944545964;0.936614378;0.941583966;0.946886574;0.939620641;0.932511965;1.000506285;1.000583954;0.945236453;0.937816147;0.957809874;0.954288634;0.95072427;0.950119264;0.954495033;0.944464897;0.992064284;0.899697581;0.899104434;0.958716345;0.956294477;0.957381706;0.945129634;0.949867334;0.941888;0.940682;0.941394;0.936278;0.941831;0.942837;0.939817;0.937866;0.940185;0.942193;0.937545;0.937476;0.936672;0.941328;0.93851;0.941051;0.947645;0.932984;0.937273;0.942744;0.935258;0.940447;0.940651;0.940137;0.935446;0.933022;0.938571;0.938521;0.932924;0.935088;0.946514678;0.95341259;0.94692644;0.947952632;0.929641548;0.948213034;0.950671052;0.940956779;0.949773469;0.951064269;0.938372495;0.940635417;0.967929951
545;0.9803;0.982545;0.992777;0.992005;0.981478;0.981326;0.971795;0.973316;0.944838;0.944524;0.983001;0.9806;0.980976;0.974304;0.977857;0.979249;0.980082;0.979758;0.979289;0.980123;0.979798;0.979526;0.98035;0.980032;0.979736;0.980548;0.98023;0.978368;0.9792;0.978876;0.219870453;0.98526098;0.977897385;0.979279018;0.977604696;0.977773474;0.977386757;0.978754013;0.976807405;0.97707216;0.982008765;0.988295796;0.979082698;0.98647049;0.992392668;0.979607719;0.985126997;0.974914113;0.986077319;0.987103198;0.980943807;0.979186112;0.980516248;0.983984716;0.977635226;0.973766902;0.972108608;0.975130054;0.970020634;0.965766579;1.017236815;1.017496027;0.973689874;0.969915993;0.982235737;0.983751077;0.976928047;0.978835633;0.979780271;0.977859488;1.009582751;0.945492512;0.945038278;0.983247212;0.980603313;0.981452537;0.974399196;0.977857244;0.976814;0.976347;0.974141;0.973469;0.977404;0.977618;0.975705;0.973125;0.976031;0.977866;0.972547;0.974472;0.972941;0.976412;0.974547;0.976939;0.980196;0.970163;0.973927;0.976999;0.972519;0.975168;0.97471;0.976336;0.972255;0.96965;0.973678;0.974519;0.970039;0.972982;0.971071943;0.981500672;0.974119015;0.977286906;0.959983876;0.973553901;0.98166312;0.969757091;0.977849493;0.97586389;0.970424824;0.964379604;0.992121103
550;0.9949501;0.996007;0.998135;0.997588;0.995436;0.995372;0.98925;0.99256;0.978115;0.978107;0.996899;0.9953;0.995976;0.992433;0.994621;0.995145;0.9954;0.995431;0.995284;0.995539;0.99557;0.995382;0.995627;0.995665;0.995446;0.995679;0.995717;0.99479;0.995045;0.995076;0.223642578;0.996530466;1;1;1;1;1;1;1;1;1;1;1;1;1;1;1;1;1;1;1;1;1;1;1;1;0.992415628;0.993754735;0.990512709;0.988737212;1.022774931;1.023162216;0.992744927;0.991554573;0.993838521;0.991875538;0.993100399;0.994765459;0.995045457;0.997139638;1.013475744;0.978758641;0.978621985;0.997062823;0.995276781;0.996296031;0.992530075;0.99462071;0.994831;0.994109;0.99466;0.993061;0.995278;0.994782;0.99359;0.99361;0.994141;0.994799;0.993674;0.993517;0.993634;0.99372;0.994064;0.994818;0.996576;0.991361;0.992201;0.994937;0.991246;0.993479;0.993149;0.99399;0.992219;0.99014;0.992544;0.993219;0.989884;0.992625;0.986772756;0.993631404;0.992331688;0.994348877;0.980179213;0.987435366;0.996066258;0.984497497;0.994190522;0.989741199;0.993565873;0.984578776;1.003182015
555;1;1;0.999968;0.999915;1;1;0.99876;0.999934;0.996602;0.995998;0.999798;1;0.999976;0.999902;1;1;1;1;1;1;1;1;0.999991;0.999998;1;0.999978;0.999985;1;1;1;0.225221627;1;1.01330824;1.012652597;1.011069885;1.014095185;1.013441945;1.011028472;1.012620868;1.013643758;1.006999563;1.003009202;1.009050722;1.002544293;0.997252529;1.007547021;1.00527728;1.012524482;1.00398359;1.003080693;1.008255693;1.011038718;1.007933435;1.004973639;1.012694471;1.01525677;1.002000315;1.002269559;1.000586509;1.000252445;1.017032713;1.017371329;1.001732717;1.001698603;1;1;1;1;1;1;1;0.997263825;0.996461072;1;1;0.999998188;1;1;1;1;1;1;1;1;1;1;1;1;1;1;1;1;1;1;1;1;1;1;1;1;1;1;1;1;1;1;1;1;0.991871398;0.995786461;1;1;0.988947901;0.997941648;1.002770137;0.992051248;0.999595977;0.998088718;1;0.990411632;1.002065417
560;0.995;0.993318;0.998734;0.998087;0.993943;0.993979;0.998134;0.995447;0.9993;0.999496;0.993299;0.9938;0.993976;0.99558;0.995859;0.993913;0.993667;0.993931;0.99384;0.993594;0.993858;0.993681;0.993426;0.993697;0.9936;0.993332;0.993603;0.993948;0.993702;0.993966;0.224511189;0.992091397;1.015369918;1.015438537;1.011118633;1.017945813;1.016274753;1.010702143;1.012792388;1.01616464;1.002960927;0.996468777;1.006124278;0.994904179;0.984231073;1.002218588;1.000396486;1.012321326;0.996475228;0.995285797;1.004709938;1.011698764;1.004401697;0.999630455;1.013738507;1.018082603;1;1;1;1;1;1;1;1;0.995558934;0.993879105;0.996097835;0.997386587;0.99508662;0.988791173;0.985136754;1;1;0.99347294;0.993828327;0.993820548;0.995677325;0.995858594;0.995026;0.99437;0.994388;0.995212;0.993026;0.993826;0.993544;0.997756;0.994597;0.99342;0.995094;0.994952;0.994948;0.995166;0.993918;0.993997;0.992142;0.995052;0.993246;0.992062;0.995352;0.992807;0.994712;0.992794;0.998034;0.99578;0.994451;0.994835;0.996488;0.994977;0.987078429;0.991662487;0.997435544;0.994804435;0.987464526;0.996342399;0.998973433;0.990285964;0.993380825;0.996554965;0.998794118;0.990730024;0.991233344
565;0.9786;0.97468;0.993521;0.989942;0.975978;0.976016;0.985117;0.978958;0.988008;0.987902;0.977103;0.9783;0.977977;0.979488;0.979155;0.977577;0.976994;0.97745;0.977552;0.976969;0.977425;0.977085;0.976494;0.976956;0.97706;0.976455;0.976918;0.978095;0.977512;0.977968;0.22142511;0.975503875;1.004123638;1.006145459;1.000683739;1.009255541;1.007139278;0.998317397;0.999150142;1.006070506;0.988146411;0.979660736;0.991318384;0.978271351;0.961425204;0.984384682;0.985004528;0.99968612;0.976394305;0.975889335;0.988659934;1.001646957;0.989654753;0.984901526;1.001288741;1.007341624;0.985834041;0.986645944;0.988731419;0.98800328;0.971973784;0.971236393;0.987227707;0.986461947;0.98162559;0.981497065;0.981531662;0.97898865;0.979377848;0.964004027;0.969534837;0.988695276;0.988444316;0.977264074;0.978273191;0.977665185;0.979583316;0.979155003;0.975974;0.97614;0.971562;0.9763;0.973288;0.974091;0.975796;0.979208;0.975761;0.973016;0.973391;0.977044;0.972888;0.977301;0.970351;0.974816;0.971995;0.971685;0.971551;0.972629;0.973414;0.969997;0.972584;0.975439;0.975439;0.977159;0.973899;0.972248;0.976079;0.976483;0.972524092;0.975695928;0.983723653;0.978920792;0.974931525;0.97852855;0.978525436;0.977739339;0.977532559;0.983021396;0.981642698;0.982171648;0.971646834
570;0.952;0.945509;0.980557;0.972736;0.947456;0.947495;0.960304;0.952145;0.962926;0.962215;0.950808;0.9525;0.951977;0.954622;0.953705;0.950823;0.950122;0.950781;0.950783;0.950082;0.950741;0.950007;0.949299;0.949965;0.949957;0.949236;0.949902;0.951719;0.951018;0.951677;0.216017498;0.947794351;0.981482655;0.983963176;0.979246128;0.988036101;0.986411299;0.975242639;0.973462645;0.984717488;0.963043465;0.953413763;0.965234726;0.952540505;0.92965887;0.95525622;0.959754468;0.974991155;0.94611093;0.946162444;0.961105055;0.981311434;0.963712926;0.960697783;0.977083186;0.9845706;0.960407872;0.963588394;0.967371772;0.964769282;0.934401889;0.932426966;0.964417795;0.96180747;0.955039209;0.948959147;0.957341821;0.948614813;0.953295339;0.928387546;0.947304851;0.963565668;0.962732919;0.951047049;0.952515902;0.952171993;0.954715474;0.953704934;0.949466;0.949555;0.948137;0.951325;0.946083;0.947469;0.950063;0.955377;0.949992;0.946199;0.944474;0.951369;0.944099;0.952374;0.944155;0.948456;0.945542;0.947093;0.947306;0.946349;0.948832;0.944283;0.948662;0.9495;0.951152;0.95376;0.94966;0.947129;0.952982;0.950702;0.949333431;0.948482299;0.958669172;0.952420672;0.952092448;0.948257535;0.950849191;0.950196572;0.948530465;0.955445917;0.952757216;0.954356066;0.94340167
575;0.9154;0.907322;0.955959;0.943663;0.909836;0.909907;0.92445;0.917017;0.924852;0.924734;0.916115;0.9178;0.916978;0.919796;0.917741;0.913998;0.912833;0.913455;0.914419;0.913254;0.913876;0.912874;0.911702;0.912331;0.913216;0.912032;0.91266;0.915585;0.914418;0.915041;0.208399924;0.914025956;0.94962818;0.949119595;0.946324493;0.955012688;0.954754494;0.942843195;0.937745387;0.953632185;0.928170008;0.918655606;0.928599554;0.917257439;0.889666205;0.916105687;0.925248689;0.938542386;0.907973153;0.907447844;0.923218774;0.95117267;0.926637736;0.926744395;0.943066754;0.951585262;0.92484486;0.932027407;0.936580568;0.930956807;0.888783796;0.885045914;0.932766645;0.926876951;0.916910058;0.91642123;0.92313883;0.916510128;0.91732605;0.885205425;0.924595728;0.92547523;0.925249169;0.916344846;0.917753007;0.917404553;0.919885616;0.917740894;0.915061;0.915125;0.915339;0.917605;0.911069;0.91303;0.915048;0.918591;0.916444;0.911485;0.910014;0.917261;0.909827;0.91847;0.911227;0.914705;0.908872;0.913442;0.91367;0.909808;0.915736;0.908958;0.914816;0.912065;0.91583;0.92007;0.915736;0.915211;0.920436;0.91615;0.916192465;0.913626871;0.922971876;0.917629655;0.920034857;0.91236254;0.917359703;0.912526083;0.912103449;0.91241873;0.915325637;0.91595517;0.907668742
580;0.87;0.861247;0.917637;0.902071;0.864238;0.864381;0.879755;0.873803;0.876586;0.876458;0.873124;0.8743;0.873979;0.875868;0.873371;0.868495;0.867406;0.868115;0.869082;0.867993;0.868702;0.867165;0.866069;0.866784;0.867533;0.866426;0.86714;0.870779;0.869687;0.870398;0.198491408;0.871575569;0.907838591;0.904592829;0.902645162;0.911456262;0.912249209;0.900400042;0.891868826;0.912174807;0.883940696;0.875163591;0.882133411;0.87186935;0.841487712;0.867610906;0.880880701;0.890303713;0.86079008;0.859377489;0.875168787;0.911159174;0.87888515;0.883043632;0.898430558;0.908644553;0.879654032;0.890758152;0.896678546;0.887348264;0.835674766;0.829920098;0.892927287;0.882260336;0.871909258;0.868976779;0.879048397;0.87587147;0.871803264;0.837439727;0.888350968;0.877232143;0.876859743;0.87326625;0.874299389;0.873803758;0.875953371;0.87337121;0.869597;0.869522;0.871405;0.872895;0.865062;0.867775;0.869159;0.874876;0.87164;0.86555;0.8671;0.872174;0.866717;0.87362;0.866464;0.869237;0.863862;0.86777;0.869195;0.863477;0.871007;0.862798;0.870629;0.866266;0.873167;0.875933;0.871562;0.871796;0.876332;0.869399;0.873620067;0.872399737;0.875715257;0.871987867;0.877164871;0.868224763;0.872272611;0.870426162;0.87125869;0.865667609;0.865337823;0.870066483;0.862356112
585;0.8163;0.80858;0.864416;0.84819;0.811959;0.812222;0.828712;0.822841;0.819226;0.819287;0.822734;0.8236;0.82298;0.824083;0.821261;0.815139;0.813757;0.814468;0.815947;0.814564;0.815276;0.81374;0.812354;0.81307;0.814301;0.812902;0.813619;0.817768;0.816382;0.817095;0.186936847;0.820103657;0.855435376;0.853317998;0.849547456;0.858884759;0.859346885;0.847468724;0.835855016;0.859958967;0.830955179;0.82301219;0.8267967;0.816627875;0.785447484;0.810553485;0.826505183;0.830831324;0.803742869;0.801808153;0.817343567;0.86145867;0.821410004;0.830198479;0.842688871;0.855803772;0.825546394;0.839067287;0.848166834;0.834869254;0.77553877;0.768012492;0.845438015;0.828719326;0.816535969;0.816823947;0.827156114;0.82420472;0.818736144;0.784617835;0.831962468;0.81984447;0.81973133;0.822899103;0.823603501;0.823189258;0.824163259;0.821260692;0.817874;0.817786;0.819927;0.821932;0.813161;0.816725;0.817724;0.822563;0.820627;0.813366;0.81498;0.821258;0.814424;0.822525;0.81409;0.816631;0.811442;0.816911;0.819163;0.812765;0.819747;0.811597;0.819738;0.8121;0.819917;0.826854;0.821131;0.820319;0.82651;0.816411;0.823799975;0.825071169;0.820994347;0.818353874;0.827008821;0.816501079;0.821224799;0.822747637;0.81961124;0.815225534;0.813477136;0.819484397;0.811344948
590;0.757;0.75069;0.798188;0.782001;0.754342;0.754691;0.771657;0.765797;0.755071;0.755219;0.767345;0.7662;0.764982;0.765323;0.761978;0.755135;0.753901;0.754554;0.756042;0.754807;0.755461;0.753666;0.752427;0.753086;0.754001;0.752752;0.75341;0.758164;0.756926;0.757582;0.173797266;0.762169253;0.794815295;0.795308039;0.789615046;0.799258256;0.798566673;0.786787398;0.772477439;0.799778278;0.770656349;0.764614892;0.764514979;0.755101018;0.723697615;0.746724829;0.765030371;0.763392616;0.741039847;0.737206661;0.752020469;0.803847705;0.756768166;0.770937666;0.779402386;0.793860442;0.764655197;0.780612328;0.792606883;0.774894528;0.709418844;0.701477858;0.790921524;0.767953079;0.755081219;0.75508405;0.768519949;0.768557824;0.758566797;0.729431037;0.768277101;0.755616359;0.755597284;0.767527876;0.766169154;0.76504338;0.765397993;0.761978345;0.760062;0.760064;0.762108;0.764805;0.755981;0.760123;0.760041;0.765833;0.763471;0.755718;0.756524;0.764941;0.755705;0.765224;0.756624;0.758126;0.755125;0.760243;0.762212;0.75486;0.763015;0.755457;0.764244;0.755138;0.764136;0.770667;0.76425;0.764034;0.76951;0.757675;0.766903638;0.763615834;0.75934981;0.759281239;0.769855957;0.756450339;0.763047263;0.765147565;0.760780739;0.757895697;0.75530142;0.762400292;0.754915008
595;0.6949;0.688994;0.721694;0.704301;0.692767;0.693101;0.709036;0.704459;0.68582;0.685654;0.707757;0.7028;0.701983;0.701606;0.697859;0.690796;0.689389;0.690046;0.691996;0.690586;0.691245;0.689389;0.687979;0.68864;0.689554;0.688134;0.688795;0.694304;0.692889;0.69355;0.159429882;0.70173444;0.728865774;0.730375592;0.725261963;0.734425624;0.732591255;0.721483688;0.704843415;0.734725085;0.70485663;0.702542261;0.697394017;0.690984993;0.658583094;0.678265911;0.699707628;0.691591377;0.676854153;0.668485559;0.681904962;0.740487386;0.68765024;0.707919493;0.712262198;0.724244976;0.699141364;0.719272534;0.731754085;0.709086659;0.638936529;0.632618652;0.730268344;0.701989308;0.69016564;0.69123039;0.704869645;0.709908383;0.694412973;0.670628676;0.695468157;0.686261521;0.685974289;0.707859668;0.702815039;0.702134422;0.701674665;0.697858943;0.698295;0.697976;0.699213;0.703115;0.694017;0.69884;0.69736;0.702062;0.70237;0.693651;0.6947;0.70373;0.694252;0.703478;0.695213;0.695799;0.69193;0.699097;0.700285;0.692248;0.700804;0.69431;0.702148;0.68956;0.702553;0.708777;0.702035;0.703124;0.707987;0.694192;0.705031677;0.694970239;0.69318227;0.695885576;0.707175113;0.696372326;0.701061884;0.705615116;0.699878195;0.700681338;0.694529347;0.699621052;0.69473539
600;0.631;0.624397;0.641687;0.622008;0.62822;0.628478;0.642399;0.639176;0.614969;0.61499;0.64487;0.6366;0.634985;0.634876;0.630346;0.624368;0.622943;0.6236;0.625624;0.624196;0.624855;0.622645;0.621218;0.621878;0.622821;0.621385;0.622046;0.627656;0.626223;0.626884;0.144465617;0.64095111;0.659361645;0.660454302;0.656979337;0.665348757;0.662689744;0.653060483;0.634644202;0.665906669;0.636003325;0.637654147;0.627295282;0.625172472;0.591392487;0.607706184;0.632107284;0.617665738;0.610191018;0.597730231;0.609526093;0.673488234;0.615684759;0.641394793;0.641434572;0.650177132;0.629854245;0.655443273;0.667079269;0.639810344;0.567448334;0.563136317;0.665355954;0.633232501;0.630821397;0.631413917;0.637886195;0.649955957;0.626248692;0.609774851;0.62293871;0.615401786;0.61527517;0.644982323;0.636564015;0.635292557;0.634938492;0.630345523;0.632341;0.631364;0.633702;0.636836;0.62813;0.633253;0.630633;0.636041;0.636281;0.627627;0.629805;0.637777;0.62873;0.637133;0.629338;0.629467;0.62609;0.632981;0.633553;0.62602;0.635005;0.629153;0.637274;0.623799;0.637502;0.642189;0.635323;0.637668;0.640865;0.626297;0.639613845;0.624949325;0.625308046;0.62969728;0.640720662;0.636843549;0.639826833;0.644137072;0.636597166;0.639914566;0.633998709;0.639463415;0.630924899
605;0.5668;0.557844;0.565098;0.542225;0.561735;0.561892;0.573351;0.570396;0.545018;0.544925;0.581482;0.5691;0.566986;0.566818;0.561788;0.554034;0.552792;0.553344;0.55493;0.553686;0.554239;0.551925;0.550683;0.551238;0.552444;0.551193;0.551748;0.557457;0.556208;0.556764;0.128921826;0.5751166;0.587907488;0.588014092;0.585264011;0.593130889;0.590109146;0.582719167;0.56334986;0.59432673;0.566497657;0.570698875;0.556057496;0.557984938;0.523322348;0.537393468;0.563381824;0.543323885;0.540006467;0.526676895;0.537065688;0.604744784;0.542374786;0.571722993;0.567201495;0.575022533;0.557906045;0.589138695;0.600080008;0.569440667;0.498136797;0.494478603;0.598277238;0.563903816;0.57091702;0.571597443;0.569262676;0.586180929;0.557323571;0.544018002;0.550019964;0.545449309;0.545218836;0.581561055;0.569059764;0.56747938;0.566873263;0.561788311;0.56535;0.563322;0.567176;0.56876;0.560807;0.565963;0.562397;0.566323;0.568756;0.560404;0.563079;0.569957;0.56166;0.569454;0.562814;0.561638;0.557487;0.566393;0.566385;0.55851;0.567352;0.562695;0.570242;0.553564;0.568928;0.574905;0.567339;0.571051;0.572564;0.557281;0.572213974;0.562377576;0.55588084;0.56233248;0.572340227;0.570319219;0.573349782;0.578955863;0.573230297;0.572092048;0.571369843;0.573235184;0.565322902
610;0.503;0.491131;0.492176;0.466706;0.494931;0.495098;0.503858;0.501307;0.476666;0.47666;0.517295;0.5007;0.498988;0.499549;0.494043;0.486982;0.485856;0.486361;0.488038;0.486909;0.487416;0.484845;0.48372;0.484227;0.485266;0.484133;0.484641;0.490097;0.488964;0.489473;0.113590375;0.510018612;0.516539486;0.515549012;0.512558589;0.520327574;0.517421629;0.512079851;0.492961713;0.522559715;0.497921642;0.503689396;0.48567269;0.490262644;0.456257616;0.46856056;0.494693399;0.469519871;0.470227623;0.456492277;0.465493111;0.535338207;0.469783591;0.50210537;0.493832669;0.500940908;0.48677195;0.522331972;0.53264542;0.499692121;0.431753596;0.4276795;0.530999745;0.495114315;0.503830919;0.504708381;0.50088473;0.517117989;0.489325435;0.476100894;0.476881613;0.47703773;0.476859743;0.517372858;0.500654953;0.499103843;0.499597503;0.494042943;0.498595;0.495715;0.50089;0.50102;0.493606;0.499016;0.494634;0.498898;0.501562;0.493632;0.496979;0.502221;0.495396;0.502085;0.496826;0.495136;0.490976;0.498977;0.498502;0.491062;0.499986;0.496347;0.503188;0.486818;0.501864;0.506761;0.498913;0.503985;0.50314;0.489125;0.504732249;0.502759484;0.487180649;0.495166842;0.50444736;0.502814027;0.503555278;0.513654818;0.510565051;0.505244834;0.508503074;0.507036216;0.500093992
615;0.4412;0.426033;0.422648;0.396754;0.429405;0.429836;0.435885;0.435075;0.411712;0.411493;0.453708;0.4337;0.43299;0.434706;0.428582;0.422726;0.421732;0.422259;0.423852;0.422856;0.423383;0.420676;0.419683;0.42021;0.420761;0.419763;0.42029;0.425666;0.424665;0.425195;0.098626059;0.446138991;0.44717267;0.445326881;0.441691503;0.449564336;0.447161568;0.442848054;0.425333246;0.453131522;0.431640224;0.438775058;0.418088807;0.423300427;0.39210502;0.402342643;0.427401629;0.397561714;0.405109665;0.388519529;0.395913462;0.466458203;0.400125365;0.435785613;0.425458079;0.42971243;0.419847246;0.457277403;0.466678561;0.432145507;0.368681161;0.363908489;0.46536259;0.427945667;0.437284948;0.438450442;0.434706529;0.449795879;0.423809606;0.410532976;0.403104412;0.41202477;0.411707352;0.453831928;0.433667108;0.43313124;0.434748713;0.428581849;0.43325;0.43001;0.435517;0.434975;0.42851;0.433779;0.428644;0.431771;0.435778;0.428904;0.432581;0.436109;0.431333;0.436376;0.432043;0.430741;0.424721;0.433539;0.432887;0.425593;0.434852;0.43146;0.436698;0.420006;0.435034;0.440319;0.43192;0.438415;0.435783;0.422904;0.438558561;0.440880358;0.421059121;0.429601814;0.438390038;0.438576797;0.438891112;0.448824949;0.445465012;0.441153888;0.444214589;0.441327292;0.435728487
620;0.381;0.36414;0.358745;0.333661;0.367017;0.367691;0.371406;0.372297;0.352253;0.351823;0.39362;0.3707;0.369991;0.373456;0.366876;0.361161;0.360218;0.360719;0.363035;0.362087;0.36259;0.359917;0.358975;0.359476;0.360071;0.359123;0.359625;0.364707;0.363755;0.36426;0.084507648;0.385619556;0.380805863;0.378686479;0.37508873;0.382294255;0.380387014;0.3766522;0.361195318;0.386803113;0.368969274;0.377386182;0.354924124;0.35969268;0.332170071;0.340599451;0.363646348;0.330927419;0.34524889;0.325376993;0.331187235;0.400541948;0.335657788;0.37333522;0.361661116;0.362804926;0.35784462;0.395394781;0.403746688;0.36850744;0.310255775;0.305290768;0.402816489;0.364472053;0.376120269;0.378814289;0.372077953;0.389950067;0.362163124;0.346635074;0.331203833;0.352476959;0.352036689;0.393668752;0.370703445;0.369980487;0.373492192;0.366876101;0.371546;0.368282;0.373368;0.372575;0.366968;0.371844;0.366439;0.369701;0.37331;0.367504;0.372845;0.373233;0.371776;0.373789;0.370965;0.369727;0.363261;0.370928;0.37032;0.363609;0.372859;0.369078;0.374108;0.358819;0.37204;0.375856;0.36815;0.376159;0.37155;0.360174;0.375907314;0.38026964;0.358704183;0.367738321;0.375819139;0.377495005;0.378891198;0.384380448;0.381308269;0.378299056;0.380420298;0.37933428;0.374713195
625;0.321;0.306875;0.302116;0.278055;0.309464;0.310076;0.31218;0.313389;0.298591;0.29815;0.338032;0.3124;0.311993;0.317108;0.310389;0.305547;0.304771;0.305221;0.30723;0.306449;0.306902;0.30429;0.303514;0.303965;0.304406;0.303625;0.304076;0.308799;0.308015;0.30847;0.071437402;0.329536993;0.3184887;0.316804368;0.314675225;0.319772726;0.318014402;0.315119028;0.301298719;0.324254945;0.311113623;0.320617518;0.297489144;0.301830661;0.277473042;0.284995011;0.305423967;0.272712534;0.290470158;0.26937043;0.273907869;0.339907871;0.278173961;0.314942777;0.301575663;0.301574734;0.300929791;0.33781681;0.345187929;0.310275598;0.257786058;0.253643362;0.34459172;0.306642034;0.318866528;0.319508726;0.314405283;0.333879789;0.305641369;0.291901572;0.264863246;0.298826325;0.298324426;0.338112592;0.312368537;0.312206256;0.317139283;0.310389177;0.313379;0.309956;0.314585;0.313472;0.308933;0.313349;0.307955;0.310147;0.314284;0.309487;0.316484;0.31383;0.314946;0.31458;0.31321;0.311383;0.304839;0.312969;0.311945;0.305511;0.31371;0.311005;0.314789;0.300221;0.313086;0.315907;0.308887;0.317881;0.311766;0.301323;0.317797314;0.322534162;0.301410213;0.310313459;0.318065942;0.319749471;0.320174122;0.323938772;0.322508083;0.320361956;0.319898497;0.325389108;0.317096938
630;0.265;0.255277;0.25208;0.229261;0.257619;0.2581;0.258916;0.259911;0.251324;0.250774;0.286742;0.2588;0.258994;0.265957;0.258707;0.255073;0.254325;0.254688;0.255886;0.255136;0.2555;0.253592;0.252846;0.253209;0.253636;0.252886;0.253249;0.257714;0.256958;0.257325;0.059615506;0.278066657;0.262390282;0.261137263;0.260774295;0.263636849;0.261870033;0.259945622;0.24759658;0.267610396;0.258883011;0.268940573;0.246192944;0.249993535;0.22849448;0.235685967;0.253376979;0.22231279;0.241171447;0.220280069;0.223845177;0.285151947;0.227565193;0.261937418;0.247084147;0.247244567;0.249763196;0.285362335;0.291759694;0.257986101;0.21151612;0.208594901;0.291425214;0.254909178;0.264933584;0.268007053;0.262250702;0.279409237;0.254295403;0.240633254;0.206977441;0.251497696;0.250873899;0.286815339;0.25880723;0.258903256;0.265982986;0.258707123;0.261175;0.257773;0.261221;0.260658;0.257045;0.260968;0.255792;0.258704;0.261252;0.257444;0.264872;0.260922;0.26343;0.261524;0.261356;0.258522;0.253844;0.260276;0.259088;0.253508;0.260866;0.258415;0.261609;0.249933;0.260633;0.261306;0.255471;0.264771;0.257791;0.248501;0.264701314;0.268532208;0.249743736;0.258039886;0.265517949;0.266169018;0.265674744;0.270075349;0.268807487;0.268153307;0.264207088;0.275916418;0.264383391
635;0.217;0.210057;0.207682;0.186242;0.21203;0.212546;0.211949;0.213054;0.211752;0.211094;0.240751;0.2112;0.211995;0.222649;0.215137;0.210707;0.210124;0.210369;0.211571;0.210987;0.211233;0.209493;0.208912;0.209158;0.209564;0.20898;0.209225;0.213206;0.212617;0.212865;0.049147376;0.231508192;0.214276366;0.212806227;0.213274752;0.215125979;0.213446831;0.212338955;0.201708209;0.218705338;0.212831956;0.222637894;0.201139045;0.204003582;0.185494382;0.192452339;0.207677945;0.17845134;0.197736375;0.177387973;0.180199294;0.236370697;0.183338969;0.215512658;0.199993249;0.200436908;0.204882085;0.238509404;0.243896061;0.211819029;0.171352797;0.16933508;0.243782278;0.209273384;0.215681764;0.216495362;0.215920385;0.230523166;0.209241664;0.198505626;0.157815931;0.211923963;0.211201791;0.240826761;0.211228667;0.211846946;0.222670418;0.215136742;0.215584;0.212244;0.214335;0.214604;0.211944;0.215394;0.21051;0.212481;0.215407;0.212015;0.218838;0.214799;0.217457;0.215282;0.21514;0.212502;0.208278;0.214452;0.212772;0.208217;0.214566;0.2124;0.214591;0.205424;0.213457;0.213848;0.209009;0.218263;0.210967;0.203222;0.217504703;0.22035643;0.204314521;0.211539725;0.218949785;0.217376079;0.218450806;0.220375634;0.219786165;0.219601344;0.213662956;0.228838034;0.216976562
640;0.175;0.171214;0.169785;0.149913;0.172808;0.173394;0.171679;0.17281;0.179974;0.17921;0.201759;0.1702;0.170996;0.184312;0.176739;0.170792;0.170238;0.170372;0.171944;0.171386;0.171521;0.170067;0.169514;0.169648;0.170091;0.169535;0.16967;0.173415;0.172852;0.172988;0.03999979;0.191094933;0.173179876;0.17130955;0.171929054;0.173506786;0.171994362;0.171475202;0.16271529;0.176782707;0.172889179;0.181859444;0.162110179;0.163967632;0.148390286;0.155075029;0.167973616;0.140860846;0.159917989;0.140509061;0.142715268;0.193385278;0.145369279;0.175179;0.15905811;0.159506956;0.165836247;0.196686736;0.201318507;0.171491859;0.136918348;0.135486263;0.20153506;0.169414867;0.17200128;0.175211877;0.175651677;0.188449776;0.170008628;0.161813906;0.125953284;0.180112327;0.179293659;0.201816698;0.170180742;0.170606705;0.184329747;0.176738956;0.177058;0.173528;0.174761;0.175399;0.173412;0.176639;0.171889;0.173987;0.176182;0.173316;0.179912;0.175639;0.178776;0.176039;0.176291;0.173423;0.170129;0.175443;0.173345;0.169654;0.175425;0.17312;0.175192;0.168346;0.174463;0.173579;0.169806;0.178986;0.171326;0.164792;0.17591763;0.17696737;0.164873914;0.170901107;0.17804548;0.17452874;0.177038097;0.177419379;0.177673362;0.176612904;0.169742037;0.184317222;0.175079988
645;0.1382;0.138466;0.138998;0.12098;0.13976;0.140335;0.138196;0.138907;0.151394;0.150724;0.166766;0.1353;0.135997;0.149213;0.141967;0.137297;0.136786;0.136892;0.138304;0.137789;0.137896;0.136649;0.13614;0.136246;0.136639;0.136127;0.136234;0.139614;0.139094;0.139202;0.032172642;0.155393673;0.137739051;0.135861308;0.136479571;0.137762219;0.136427287;0.136265764;0.129324485;0.140678253;0.138773867;0.146654271;0.128817553;0.12992169;0.116941773;0.123298312;0.133847279;0.109449736;0.127377755;0.109540336;0.111233317;0.155993459;0.113541148;0.140207136;0.122963399;0.123120653;0.132073937;0.159539026;0.163756423;0.136701362;0.107776287;0.106793423;0.16441796;0.135023063;0.135092422;0.135631424;0.141121353;0.150761898;0.136221324;0.130712199;0.096608105;0.151548099;0.150765564;0.166820778;0.135335978;0.135576723;0.149227966;0.141966983;0.142086;0.138905;0.139542;0.140363;0.139199;0.141702;0.137429;0.138855;0.141188;0.138631;0.145295;0.140565;0.144145;0.14079;0.141594;0.138445;0.135182;0.140802;0.138217;0.135367;0.140067;0.137847;0.139454;0.134482;0.138855;0.13785;0.134975;0.143505;0.13594;0.130875;0.140207244;0.139247115;0.131217663;0.136064991;0.143012278;0.138657942;0.140638754;0.140695436;0.141293818;0.14008527;0.133301658;0.14552002;0.13606327
650;0.107;0.110955;0.113956;0.097813;0.112086;0.112577;0.110394;0.110594;0.123713;0.122938;0.134673;0.1056;0.105997;0.119728;0.112907;0.109179;0.108754;0.108838;0.110154;0.109725;0.10981;0.10875;0.108325;0.10841;0.108698;0.108273;0.108356;0.111281;0.110848;0.110934;0.025534459;0.125013235;0.107746236;0.106161509;0.10676466;0.107713027;0.106564021;0.10659374;0.101279995;0.110191911;0.109992853;0.116800347;0.101007071;0.101333898;0.090619072;0.096719072;0.105154175;0.083819985;0.100041383;0.084174279;0.085429435;0.124174826;0.08741723;0.110591516;0.093163441;0.09345421;0.103624738;0.128624193;0.131683456;0.107524077;0.083539739;0.083059313;0.132207534;0.106143976;0.105325278;0.108693474;0.112001236;0.118204768;0.107854364;0.103981198;0.070830505;0.123840726;0.123031923;0.134745717;0.105630077;0.10592484;0.119740126;0.11290737;0.111682;0.108878;0.109144;0.109977;0.109092;0.111115;0.107463;0.109181;0.110477;0.108218;0.114908;0.109854;0.113847;0.110065;0.111183;0.108023;0.105785;0.110545;0.10756;0.105513;0.109376;0.107295;0.108788;0.105835;0.108271;0.107032;0.104872;0.112643;0.105212;0.101458;0.110234436;0.107085191;0.10314072;0.106830402;0.113385943;0.108402998;0.110190596;0.109907062;0.109835665;0.109371575;0.102288212;0.106139114;0.108598524
655;0.0816;0.087685;0.093215;0.078726;0.088855;0.089187;0.087026;0.086946;0.10043;0.09965;0.107478;0.0812;0.081998;0.095029;0.088724;0.085724;0.085354;0.08546;0.08655;0.086177;0.086283;0.085309;0.084941;0.085046;0.085335;0.084965;0.085071;0.087573;0.087195;0.087303;0.020062929;0.099639731;0.083157052;0.081933586;0.082531826;0.083235958;0.082289642;0.082414369;0.078441715;0.085229606;0.086022449;0.09195712;0.078339771;0.077608726;0.068889154;0.074882828;0.081693161;0.063427419;0.077762527;0.063951283;0.064843975;0.097814494;0.066431687;0.08632354;0.070985629;0.071954461;0.080476416;0.104973075;0.105399044;0.083901146;0.063817516;0.063986206;0.104736432;0.082708458;0.081252501;0.08175853;0.08789288;0.091508629;0.084461665;0.081696917;0.053127371;0.100511233;0.099747219;0.10750068;0.081182694;0.081748451;0.095038634;0.088724249;0.08637;0.083849;0.083931;0.084591;0.084324;0.085693;0.082504;0.084276;0.084944;0.082973;0.089473;0.084369;0.088472;0.084609;0.085909;0.082713;0.081047;0.08542;0.082167;0.080651;0.083914;0.082027;0.082989;0.081548;0.082462;0.081402;0.079813;0.086972;0.079824;0.077257;0.085318161;0.081690078;0.080143779;0.082807924;0.088817082;0.083502831;0.084410622;0.084098728;0.08381969;0.083835148;0.077710111;0.084349961;0.081889085
660;0.061;0.068326;0.075904;0.062879;0.069481;0.069676;0.067673;0.067392;0.081943;0.081259;0.085283;0.0615;0.061999;0.074634;0.068903;0.06673;0.066445;0.066516;0.067494;0.067206;0.067277;0.066368;0.066083;0.066155;0.066398;0.066113;0.066184;0.068293;0.068001;0.068073;0.015560118;0.078229708;0.063426125;0.062508759;0.063069193;0.063593951;0.062852134;0.062999761;0.06009479;0.065157029;0.066429219;0.071581024;0.060102525;0.058463825;0.051495324;0.057277043;0.062765595;0.047449734;0.059842386;0.048007901;0.048638958;0.076237877;0.04982708;0.066658639;0.054479972;0.053640473;0.061868142;0.085594949;0.083761521;0.064852341;0.048151577;0.048816667;0.082019514;0.063830173;0.06178983;0.065088858;0.068126598;0.06921134;0.065351107;0.06404044;0.040807546;0.082006048;0.081301459;0.085303236;0.061518358;0.061943111;0.074640829;0.068903382;0.065782;0.063604;0.063724;0.064117;0.063946;0.064878;0.062185;0.064442;0.064194;0.062369;0.06896;0.063586;0.068075;0.063791;0.065519;0.062246;0.061171;0.06515;0.061534;0.060662;0.063446;0.061584;0.062313;0.062285;0.062058;0.060933;0.059667;0.066279;0.059233;0.057917;0.065088984;0.06125178;0.061530088;0.063271069;0.068711063;0.063324078;0.063139158;0.063811964;0.063095655;0.063908702;0.058369287;0.064761224;0.062479911
665;0.04458;0.052548;0.061162;0.049445;0.053376;0.053554;0.051906;0.051345;0.067253;0.066466;0.067286;0.0461;0.045999;0.058017;0.052898;0.051312;0.051086;0.051143;0.051967;0.051738;0.051795;0.051039;0.050814;0.050871;0.051028;0.050802;0.050859;0.052598;0.052366;0.052424;0.011940898;0.060912489;0.047868829;0.047137007;0.047593305;0.047956474;0.047397998;0.047514503;0.045442282;0.049223736;0.05076794;0.055088474;0.045541219;0.043566611;0.038114459;0.043357249;0.047604546;0.035042865;0.045499025;0.035468822;0.035953015;0.058690333;0.036840936;0.050755918;0.041362977;0.034237654;0.046932207;0.067479086;0.065530159;0.049329128;0.036023786;0.036755737;0.06392901;0.048543232;0.045236857;0.049073351;0.052277883;0.051257007;0.050035842;0.049631761;0.030730685;0.067270305;0.066541962;0.067266794;0.046070282;0.046456178;0.058023166;0.052897751;0.048828;0.046849;0.047552;0.047265;0.04724;0.04758;0.045473;0.047582;0.047053;0.045365;0.051976;0.046418;0.051097;0.046523;0.048758;0.045236;0.044384;0.048786;0.044621;0.044464;0.046472;0.045166;0.045288;0.045873;0.044939;0.044342;0.043397;0.049116;0.042339;0.042019;0.049055365;0.045297428;0.046710372;0.047744133;0.052570635;0.047217876;0.046572434;0.047774866;0.046491272;0.048270209;0.043216659;0.048305918;0.046314378
670;0.032;0.03984;0.048638;0.038227;0.040315;0.040512;0.039227;0.038424;0.055361;0.054772;0.052589;0.0339;0.033999;0.044604;0.040117;0.038996;0.03883;0.038866;0.039526;0.039358;0.039394;0.03882;0.038655;0.038691;0.038777;0.038611;0.038646;0.040088;0.039917;0.039954;0.009072337;0.04707019;0.035744518;0.035135569;0.035493786;0.035732921;0.035304895;0.035376223;0.033933672;0.036754971;0.038455967;0.041938814;0.034111957;0.032070377;0.027881405;0.032509323;0.035667421;0.025553848;0.034170447;0.025815128;0.026209551;0.044656692;0.026882249;0.038125145;0.031294529;0.018724538;0.035121991;0.051556301;0.050509083;0.036931107;0.026742474;0.027318077;0.049584421;0.036380705;0.033007922;0.033058845;0.039666202;0.037649354;0.037829928;0.038168757;0.023426832;0.055447869;0.054787664;0.052607561;0.033850368;0.03415946;0.044608279;0.040116772;0.035136;0.033264;0.034853;0.033581;0.033333;0.03334;0.0316;0.034723;0.032712;0.031383;0.038463;0.032158;0.037474;0.032311;0.035334;0.031228;0.031507;0.035713;0.030732;0.031178;0.032673;0.031907;0.031688;0.03349;0.031191;0.030939;0.030267;0.035361;0.028786;0.029072;0.036477432;0.033322773;0.035073204;0.035554064;0.039743568;0.034688983;0.034079662;0.035008908;0.033687801;0.035772889;0.031602038;0.035796874;0.034029405
675;0.0232;0.029735;0.038108;0.029158;0.030115;0.030282;0.029202;0.028294;0.045768;0.045077;0.040692;0.0245;0.024999;0.034001;0.030131;0.029348;0.029219;0.029257;0.029773;0.029643;0.029681;0.029179;0.029052;0.029089;0.029187;0.029058;0.029096;0.030204;0.030072;0.030111;0.006815969;0.035662824;0.026341084;0.025861952;0.026187197;0.026368586;0.026004332;0.026050529;0.025063739;0.027112351;0.028867263;0.031589919;0.025299288;0.023116863;0.019931885;0.024116872;0.026445664;0.018392011;0.025348311;0.018587815;0.018890451;0.033645362;0.019395398;0.028335823;0.024067644;0.012179717;0.025955242;0.039212454;0.038617134;0.027347416;0.01962056;0.020080484;0.038023445;0.026954483;0.024210811;0.026228687;0.02978323;0.027317569;0.02839182;0.028999491;0.018195249;0.045760369;0.045099668;0.040716889;0.024465646;0.024850622;0.034004672;0.030131434;0.023451;0.021736;0.024046;0.021793;0.021717;0.021292;0.020028;0.02314;0.020959;0.019754;0.026964;0.02031;0.025807;0.020513;0.023839;0.01977;0.019986;0.024254;0.019188;0.019951;0.020733;0.020701;0.020143;0.02187;0.019482;0.019719;0.019231;0.023627;0.017811;0.018309;0.026835906;0.024230901;0.026062756;0.026154597;0.029697815;0.025408413;0.024400711;0.025112781;0.02386986;0.025877342;0.022846698;0.026246811;0.024500555
680;0.017;0.021912;0.029463;0.021958;0.022298;0.022396;0.02146;0.020506;0.035575;0.034982;0.030494;0.0174;0.018;0.025429;0.022406;0.021876;0.021782;0.021801;0.022191;0.022095;0.022115;0.021745;0.021652;0.021671;0.021744;0.02165;0.021669;0.022562;0.022465;0.022485;0.005070345;0.026965976;0.0191166;0.018767465;0.019024775;0.019212429;0.018912051;0.018941893;0.018262031;0.019727284;0.02133963;0.023450847;0.018491334;0.016315717;0.013947174;0.017624066;0.019342515;0.013024743;0.018518975;0.013211159;0.013426735;0.025019581;0.013794841;0.020845746;0.018064468;0.01082888;0.018886103;0.029712046;0.029187168;0.01997722;0.014162833;0.014558691;0.028709311;0.019692768;0.017204129;0.019398529;0.02213486;0.019266085;0.021084165;0.021793842;0.012968656;0.035603399;0.035049834;0.030525972;0.017430569;0.017769499;0.025431313;0.022405526;0.013975;0.012615;0.014885;0.012621;0.012414;0.012051;0.011333;0.013819;0.011797;0.010863;0.017037;0.011472;0.015786;0.011602;0.013956;0.010869;0.011482;0.014353;0.010437;0.011155;0.011524;0.0118;0.011306;0.012979;0.010745;0.011276;0.010849;0.013741;0.00989;0.010021;0.019362796;0.017444822;0.019175467;0.019038623;0.021961969;0.018234975;0.017096417;0.017337215;0.016261093;0.018446695;0.016335793;0.018971132;0.017360563
685;0.01192;0.016073;0.022672;0.016406;0.016426;0.01641;0.015668;0.014653;0.026581;0.026087;0.022395;0.0123;0.012;0.019433;0.016489;0.01615;0.016077;0.016095;0.016396;0.016322;0.01634;0.016049;0.015977;0.015994;0.016049;0.015977;0.015994;0.016689;0.016614;0.016632;0.003727572;0.020037833;0.013613904;0.013372143;0.013448186;0.013682923;0.013499442;0.013505304;0.013017438;0.014097547;0.015326409;0.017010596;0.01315465;0.011366756;0.009692279;0.012566594;0.013825904;0.008996366;0.013233901;0.009159443;0.009310383;0.018206582;0.009565216;0.015131596;0.012001939;0.009680376;0.013427974;0.022019785;0.021555156;0.014244926;0.009980354;0.010319683;0.021268474;0.014065323;0.012295951;0.01256737;0.016284331;0.013341515;0.015538531;0.016333203;0.010998203;0.026582661;0.026133901;0.022384009;0.012282889;0.012493413;0.019434725;0.016488931;0.007798;0.007057;0.008522;0.007061;0.006675;0.006494;0.006245;0.007928;0.006192;0.005661;0.009626;0.00607;0.008632;0.006238;0.007305;0.005561;0.006432;0.007752;0.005335;0.005763;0.005937;0.006371;0.005952;0.007451;0.005624;0.006233;0.005928;0.007155;0.005465;0.005065;0.013738414;0.012357262;0.013979141;0.013701109;0.0160683;0.012817262;0.011612536;0.012032861;0.011278494;0.01290869;0.011582818;0.013164383;0.012215991
690;0.00821;0.011753;0.017378;0.012177;0.011945;0.011944;0.011379;0.010353;0.020186;0.01979;0.016397;0.0085;0.009;0.014251;0.012015;0.011786;0.011735;0.011748;0.011988;0.011936;0.01195;0.011713;0.011662;0.011675;0.011717;0.011666;0.01168;0.012215;0.012162;0.012176;0.002720081;0.014313939;0.00954471;0.009377112;0.009326141;0.009572931;0.009476254;0.009458935;0.009121453;0.009916596;0.010779264;0.012126738;0.009165959;0.007862569;0.006721588;0.008785644;0.009710728;0.006100874;0.009310273;0.006223719;0.006328072;0.013034748;0.006501811;0.010857317;0.007347016;0.007726091;0.009394886;0.016022563;0.015655523;0.009965891;0.006917395;0.007196519;0.015554775;0.00989183;0.00891804;0.009850033;0.011870666;0.009102071;0.011345153;0.012113474;0.008289679;0.020235455;0.019843276;0.016449823;0.008504314;0.008707563;0.014252557;0.0120153;0.004469;0.004009;0.004823;0.004106;0.003651;0.003534;0.003573;0.004804;0.003256;0.002922;0.005108;0.003273;0.004435;0.003335;0.003666;0.002737;0.003792;0.00411;0.002637;0.002849;0.002889;0.003347;0.003157;0.004573;0.003034;0.003494;0.003327;0.00366;0.003115;0.002461;0.009791119;0.008793673;0.010109049;0.00976707;0.011658541;0.009039785;0.007878507;0.008356875;0.007996376;0.008837883;0.00812975;0.00909479;0.008443923
695;0.005723;0.008517;0.013221;0.008956;0.00832;0.008644;0.008168;0.007245;0.015489;0.015192;0.011998;0.0058;0.006;0.010517;0.008701;0.008525;0.008487;0.008495;0.00869;0.008651;0.008659;0.008471;0.008433;0.008441;0.008484;0.008446;0.008454;0.008861;0.008822;0.00883;0.001970958;0.010359952;0.006655035;0.006526185;0.006558013;0.006723316;0.006604657;0.006576266;0.006406053;0.006923541;0.007675189;0.008683841;0.006436994;0.005397223;0.00459153;0.00615457;0.006849452;0.00416493;0.006587326;0.004244541;0.00431271;0.009368859;0.004443799;0.007735769;0.00547253;0.005152377;0.006620745;0.011724375;0.01146273;0.00699908;0.004837143;0.005052474;0.011416937;0.007020541;0.006116268;0.007489732;0.008592284;0.006211833;0.008236311;0.008947035;0.005791076;0.015538594;0.015197169;0.012019581;0.005798413;0.005975249;0.010518121;0.008701261;0.002137;0.001914;0.00225;0.001969;0.001502;0.001449;0.001568;0.002155;0.001179;0.000955;0.002224;0.001236;0.001787;0.001273;0.001291;0.000709;0.001808;0.001722;0.000655;0.000674;0.000786;0.001338;0.001165;0.002386;0.000973;0.00153;0.001433;0.001255;0.001353;0.000651;0.006881578;0.006411003;0.007255595;0.006902666;0.008389345;0.006419692;0.005569789;0.006629788;0.006086906;0.005953154;0.005674439;0.006878349;0.005804362
700;0.004102;0.006175;0.010187;0.006587;0.005674;0.006271;0.005989;0.005176;0.011892;0.011594;0.008698;0.0039;0.004;0.007705;0.006244;0.006126;0.006097;0.006103;0.006259;0.00623;0.006236;0.006088;0.00606;0.006065;0.006096;0.006068;0.006074;0.006384;0.006354;0.00636;0.001402034;0.007573324;0.004659244;0.00455283;0.004738778;0.004792551;0.004618145;0.004588809;0.004562559;0.004844445;0.005594172;0.00630589;0.004609368;0.003677931;0.003077301;0.004369891;0.004897859;0.002896191;0.004726776;0.002943718;0.002987446;0.00681814;0.00309524;0.005488207;0.004624782;0.002939922;0.004718325;0.008675436;0.008512929;0.004986953;0.003445226;0.003605625;0.00845583;0.005064067;0.004062375;0.005129531;0.006103125;0.00426731;0.005820754;0.00649313;0.005139249;0.0118786;0.011614185;0.008745717;0.00391303;0.004051854;0.007706204;0.006244278;0.001049;0.000905;0.00113;0.000993;0.000559;0.000488;0.000734;0.00134;0.000217;0.000085;0.000699;0.000303;0.000503;0.000318;0.000161;0;0.000973;0.000416;0;0;0;0.000402;0.000318;0.001412;0;0.000727;0.000663;0.000201;0.000684;0;0.004642689;0.003909355;0.005048527;0.004723281;0.00592234;0.004382549;0.00392357;0.004556191;0.004237027;0.003818077;0.003825411;0.004439983;0.003889684
705;0.002929;0.004575;0.008257;0.004933;0.004171;0.004631;0.004823;0.004028;0.008994;0.008796;0.006299;0.0026;0.003;0.005582;0.004445;0.00536;0.005409;0.005385;0.004371;0.00441;0.004391;0.007364;0.007431;0.007398;0.007102;0.007167;0.007135;0.007064;0.007128;0.007096;0.000999985;0.00572723;0.003281825;0.003200641;0.003444239;0.003431943;0.003255991;0.003230795;0.003276214;0.003414684;0.004082916;0.00459693;0.003308072;0.002467181;0.002021057;0.003117774;0.003505987;0.002011201;0.003390701;0.00204753;0.002079691;0.004974415;0.002163801;0.003861084;0.002964118;0.001935486;0.003308702;0.006385358;0.006305059;0.00355932;0.002450255;0.002573737;0.006258611;0.003633747;0.002930003;0.002964577;0.004346894;0.003023446;0.004115832;0.004748285;0.005003394;0.009043059;0.008804709;0.006319282;0.002619938;0.002691322;0.005582828;0.004444589;0.000433;0.000385;0.000522;0.000523;0;0;0.000284;0.000697;0;0;0;0;0;0;0;0;0.000505;0;0;0;0;0;0;0.000863;0;0.000355;0.000242;0;0.000321;0;0.003184403;0.002607331;0.003557292;0.003267673;0.004188059;0.003039131;0.002792527;0.003286138;0.003084327;0.002356901;0.002616605;0.00284595;0.002566922
710;0.002091;0.003486;0.006991;0.003793;0.003285;0.003484;0.004192;0.003385;0.006795;0.006597;0.004499;0.0017;0.002;0.004065;0.003159;0.003715;0.00375;0.003734;0.002711;0.002736;0.002725;0.005507;0.005559;0.005536;0.005395;0.005446;0.005423;0.005303;0.005352;0.005331;0.000708146;0.004205028;0.002319413;0.002264073;0.002477891;0.002446529;0.002309262;0.002289308;0.002348618;0.002419942;0.002951984;0.003341834;0.002361747;0.001635409;0.001314014;0.002219821;0.002497578;0.001381059;0.00242016;0.001418882;0.001443675;0.003615466;0.001506705;0.002693265;0.001433587;0.001655793;0.002267293;0.004655125;0.004627513;0.002511887;0.001730333;0.001818539;0.004605424;0.002571467;0.002303653;0.002557352;0.00307947;0.002202224;0.002970887;0.00346339;0.004867439;0.006806164;0.006615124;0.004530052;0.001735122;0.001770778;0.004065223;0.003159307;0.00016;0.000114;0.000238;0.000263;0;0;0.000071;0.000566;0;0;0;0;0;0;0;0;0.000301;0;0;0;0;0;0;0.000578;0;0.000146;0.000065;0;0.000162;0;0.002194689;0.001979413;0.002493371;0.002251021;0.002950263;0.00218966;0.002011234;0.002071647;0.002026553;0.001524129;0.001779238;0.002079584;0.001700414
715;0.001484;0.002717;0.005973;0.002999;0.002529;0.002627;0.003655;0.002864;0.005096;0.004898;0.003199;0.0011;0.001;0.002925;0.002221;0.00236;0.002383;0.002374;0.001358;0.001371;0.001366;0.003967;0.004006;0.003991;0.003978;0.004017;0.004001;0.00385;0.003888;0.003873;0.000500533;0.002965018;0.001612245;0.001576859;0.001724161;0.001702547;0.001609685;0.001593335;0.001637883;0.001686303;0.002093556;0.002392871;0.001663588;0.001082855;0.000860885;0.001551041;0.00175467;0.000926223;0.001711611;0.000966535;0.000980866;0.002587956;0.001031455;0.001856892;0.001183332;0.001446568;0.00152875;0.003364885;0.003353721;0.001710352;0.00121214;0.001253497;0.003344515;0.001786577;0.001811835;0.002150127;0.002174597;0.001567294;0.002126515;0.002526299;0.004731583;0.005071933;0.004912105;0.003216154;0.001138611;0.001150298;0.002925122;0.0022207;0;0;0.000069;0.000124;0;0;0;0.000219;0;0;0;0;0;0;0;0;0.000153;0;0;0;0;0;0;0.000465;0;0;0;0;0.000041;0;0.001495075;0.001300129;0.001743285;0.001541073;0.002067521;0.001558936;0.001310232;0.001988619;0.001781064;0.001037576;0.001205578;0.001606951;0.001115763
720;0.001047;0.002191;0.005094;0.002395;0.001891;0.001991;0.003194;0.002489;0.003797;0.003598;0.0023;0.0007;0.001;0.002112;0.001569;0.001535;0.001553;0.001543;0.00055;0.000557;0.000553;0.00299;0.003025;0.003006;0.003074;0.003111;0.003091;0.002928;0.002963;0.002944;0.000352638;0.002135526;0.001102816;0.001078994;0.001163501;0.001157321;0.001099823;0.001086618;0.001111809;0.001151129;0.001462431;0.001691059;0.001161367;0.000721022;0.000571316;0.001064637;0.001218785;0.00061004;0.001204139;0.000646037;0.000654875;0.001828129;0.000697137;0.00126482;0.00140916;0.00129959;0.001010323;0.002420076;0.002407809;0.001134483;0.000847167;0.000855052;0.002403542;0.001227729;0.001437245;0.001742902;0.001531522;0.001088118;0.00157832;0.001797476;0.004595728;0.003761089;0.003620901;0.002273538;0.000744631;0.000790194;0.002112099;0.001568518;0;0;0;0.000018;0;0;0;0.000277;0;0;0;0;0;0;0;0;0.000116;0;0;0;0;0;0;0.000347;0;0;0;0;0;0;0.000959518;0.000961445;0.00121331;0.001051518;0.001444115;0.001014131;0.001109831;0.001226665;0.001175698;0.000717927;0.00081607;0.001119651;0.000737131
725;0.00074;0.001859;0.004279;0.001848;0.001385;0.001536;0.002826;0.002314;0.002798;0.002699;0.0016;0.0005;0;0.001514;0.001097;0.001112;0.001123;0.001117;0.000183;0.000185;0.000184;0.002455;0.002479;0.002466;0.002573;0.002598;0.002585;0.002429;0.002452;0.00244;0.000248463;0.001299922;0.000755499;0.000734876;0.000788082;0.000785173;0.000747455;0.000738193;0.000756098;0.000778141;0.001024226;0.001195918;0.000815613;0.0004745;0.000370223;0.000730308;0.000845574;0.000404222;0.000850566;0.000426111;0.000441343;0.001290949;0.000474586;0.000847269;0.001144559;0.001310326;0.00063497;0.001736649;0.001725706;0.000771979;0.000595091;0.000604145;0.001726712;0.00084951;0.001162779;0.001335678;0.001076623;0.000791241;0.001084327;0.001303341;0.004459772;0.002751728;0.002653402;0.001602448;0.000483381;0.000487619;0.001513711;0.001097243;0;0;0;0;0;0;0;0.000085;0;0;0;0;0;0;0;0;0.000059;0;0;0;0;0;0;0.000302;0;0;0;0;0;0;0.000700672;0.000693556;0.00084534;0.000717935;0.00100851;0.000695113;0.000735092;0.000893486;0.000835143;0.000497317;0.000550003;0.000859222;0.000478857
730;0.00052;0.001594;0.003496;0.001397;0.000995;0.001194;0.002495;0.00219;0.001999;0.001899;0.0011;0.0003;0;0.001093;0.000775;0.000932;0.000941;0.000935;0.000058;0.000058;0.000058;0.002191;0.002213;0.002199;0.002312;0.002334;0.002319;0.002177;0.002198;0.002184;0.000174997;0.001032049;0.000519921;0.000500266;0.000540931;0.000537335;0.0005104;0.000503503;0.000518379;0.00052521;0.000725211;0.000852227;0.00058331;0.000308964;0.000238659;0.000505551;0.000587725;0.000271041;0.000616048;0.000281398;0.000301882;0.000916691;0.000330067;0.000563222;0.000728078;0.001342931;0.000365886;0.001247326;0.001239861;0.000528202;0.000423524;0.000436737;0.001245003;0.000590948;0.000970123;0.000984412;0.000756849;0.000599034;0.000773869;0.000932074;0.004323917;0.002008353;0.001934638;0.001127604;0.000314667;0.000360728;0.001092899;0.000775044;0;0;0;0;0;0;0;0.000086;0;0;0;0;0;0;0;0;0;0;0;0;0;0;0;0.000256;0;0;0;0;0;0;0.000450529;0.000415753;0.000590033;0.000489744;0.00070226;0.000445781;0.000484269;0.000641379;0.000620627;0.00035074;0.000372427;0.000502042;0.000324362
735;0.0003611;0.001289;0.002753;0.001102;0.000742;0.000919;0.002185;0.001997;0.001399;0.001399;0.0008;0.0002;0;0.000784;0.000542;0.000823;0.000831;0.000826;0.000026;0.000027;0.000026;0.002013;0.002033;0.00202;0.002127;0.002148;0.002134;0.001999;0.002019;0.002006;0.000122762;0.000702028;0.000350206;0.000335016;0.000363857;0.000365921;0.000348468;0.000340379;0.00034682;0.000353311;0.000513485;0.000607342;0.000424764;0.000201396;0.000166812;0.000349797;0.000403992;0.000176439;0.00046809;0.000189572;0.000201854;0.000649304;0.000233635;0.00037949;0.000671767;0.001140895;0.000176634;0.000894553;0.0008886;0.000311829;0.000304996;0.000293357;0.000894098;0.000396688;0.000808544;0.0008879;0.000532909;0.000438841;0.000570634;0.00066104;0.004187962;0.001442252;0.001387043;0.000789829;0.000203344;0.000185285;0.000783693;0.00054215;0;0;0;0;0;0;0;0.000058;0;0;0;0;0;0;0;0;0;0;0;0;0;0;0;0.000208;0;0;0;0;0;0;0.000326466;-8.49052E-05;0.000409275;0.000335731;0.000489321;0.000357812;0.000398595;0.000478009;0.000454805;0.000253304;0.000252481;0.00058867;0.000207685
740;0.0002492;0.000996;0.002097;0.000898;0.000597;0.000697;0.001896;0.001792;0.001099;0.000999;0.0006;0.0001;0;0.000567;0.000383;0.0007;0.0007;0.0007;0;0;0;0.0019;0.0019;0.0019;0.0019;0.0019;0.0019;0.0019;0.0019;0.0019;8.58424E-05;0.000459505;0.00023321;0.000223991;0.000242952;0.000249662;0.000239403;0.000229784;0.000229836;0.000241692;0.000363795;0.000433665;0.000317119;0.000132911;0.00012526;0.000242413;0.000280363;0.000110472;0.000371266;0.000134532;0.000135644;0.000462123;0.000175079;0.000265451;0.000876623;0.000196344;0.000042024;0.000642914;0.000637239;0.000127118;0.000223774;0.000177783;0.000641719;0.000249415;0.000657668;0.000791389;0.000376532;0.000335862;0.000434133;0.00046837;0.004052106;0.001050331;0.000993572;0.000555072;0.000130399;0.000132143;0.000567126;0.000383486;0;0;0;0;0;0;0;0.000029;0;0;0;0;0;0;0;0;0;0;0;0;0;0;0;0.000185;0;0;0;0;0;0;0.000231007;0.000173536;0.00028618;0.000231253;0.000344875;0.000316731;0.000364447;0.000348243;0.000334047;0.000185438;0.000171477;0.00038138;0.000148064
745;0.0001719;0.000776;0.001586;0.000732;0.000541;0.00052;0.001642;0.00164;0.0007;0.0007;0.0004;0.0001;0;0.000408;0.000269;0.0006;0.0006;0.0006;0;0;0;0.00185;0.00185;0.00185;0.00185;0.00185;0.00185;0.00185;0.00185;0.00185;6.2052E-05;0.000177303;0.000161848;0.000156743;0.000171619;0.000174299;0.00016688;0.000158689;0.000161878;0.000173608;0.000258769;0.00031161;0.000244051;8.77714E-05;8.6954E-05;0.000169164;0.000206991;6.85304E-05;0.000296399;0.000103127;0.000101285;0.000335651;0.00014697;0.000193911;0.001102934;-0.001488403;-5.73805E-05;0.000464441;0.000459309;-3.07499E-06;0.00016812;0.000103767;0.000464057;0.000145098;0.000518875;0.000694877;0.000267016;0.000283784;0.000359563;0.000327197;0.003916251;0.000737759;0.000710797;0.000390269;8.53769E-05;8.49588E-05;0.000408512;0.000269427;0;0;0;0;0;0;0;0;0;0;0;0;0;0;0;0;0;0;0;0;0;0;0;0.000161;0;0;0;0;0;0;0.00015768;0.000310923;0.000201778;0.000155523;0.000239758;9.3441E-05;0.000258147;0.000267108;0.000259793;0.000136799;0.000116147;0.000162009;8.73277E-05
750;0.00012;0.000598;0.001198;0.000599;0.000498;0.000398;0.001397;0.001493;0.0005;0.0005;0.0003;0.0001;0;0.000298;0.000192;0.0005;0.0005;0.0005;0;0;0;0.0018;0.0018;0.0018;0.0018;0.0018;0.0018;0.0018;0.0018;0.0018;4.29647E-05;0.000188866;0.000120551;0.000116557;0.000128231;0.000127004;0.000120368;0.000114949;0.000121308;0.000130059;0.000185892;0.000228602;0.000198517;5.86914E-05;5.39358E-05;0.000121485;0.000163446;4.32207E-05;0.000242251;8.77719E-05;8.23909E-05;0.000249671;0.000133263;0.000148834;0.00115922;-0.001618888;-0.000119231;0.000338836;0.000334197;-7.71009E-05;0.000130546;6.17106E-05;0.000339139;9.48165E-05;0.000393524;0.000598365;0.000190079;0.000243342;0.000280995;0.000226462;0.003780295;0.000516539;0.000494569;0.000271509;5.52881E-05;3.89817E-05;0.000297728;0.000192069;0;0;0;0;0;0;0;0;0;0;0;0;0;0;0;0;0;0;0;0;0;0;0;0.000136;0;0;0;0;0;0;0.000101214;0.000363983;0.000142981;0.000111448;0.000169915;3.793E-05;0.000125079;0.000193473;0.000215569;0.000109104;8.00518E-05;0.000349825;6.92878E-05
755;0.0000848;0.000437;0.000909;0.000494;0.000391;0.000346;0.00114;0.001314;0.0004;0.0003;0.0002;0;0;0.000216;0.000136;0.0004;0.0004;0.0004;0;0;0;0.00175;0.00175;0.00175;0.00175;0.00175;0.00175;0.00175;0.00175;0.00175;3.12722E-05;0.00020054;9.32175E-05;8.74364E-05;9.21252E-05;9.58347E-05;9.05959E-05;8.70071E-05;8.72814E-05;9.45428E-05;0.000134815;0.000172845;0.000172947;4.03733E-05;3.30549E-05;9.15221E-05;0.000129517;2.69649E-05;0.000210071;8.15457E-05;6.32081E-05;0.000185802;0.000118814;0.000116723;0.000990852;0.001342254;-0.000144515;0.000249284;0.00024457;-0.000104897;0.000105073;3.66842E-05;0.000248049;9.90958E-05;0.000282988;0.000501853;0.000135459;0.000220302;0.000239866;0.000170691;0.003635955;0.000363969;0.000346432;0.000192211;3.6161E-05;3.89817E-05;0.000216264;0.000136156;0;0;0;0;0;0;0;0;0;0;0;0;0;0;0;0;0;0;0;0;0;0;0;0.000166;0;0;0;0;0;0;0.000109839;0.000280118;0.000103943;7.99327E-05;0.000123019;0.000130356;6.90596E-05;-0.000171049;-2.94103E-05;8.08171E-05;5.6316E-05;0.000355115;5.01022E-05
760;0.00006;0.000299;0.000699;0.000399;0.000299;0.000299;0.000898;0.001095;0.0003;0.0002;0.0001;0;0;0.000159;0.000098;0.0003;0.0003;0.0003;0;0;0;0.0017;0.0017;0.0017;0.0017;0.0017;0.0017;0.0017;0.0017;0.0017;2.24364E-05;-0.000162806;7.01091E-05;6.25133E-05;6.15292E-05;7.09523E-05;6.75313E-05;6.47619E-05;5.82074E-05;0.000062807;9.89798E-05;0.000128656;0.000148391;2.70195E-05;2.12978E-05;0.000068614;0.000096459;1.42301E-05;0.000183131;7.46008E-05;4.49298E-05;0.000133733;0.000100681;8.30855E-05;0.00104239;0.003611882;-0.000169342;0.000185236;0.000180352;-0.000121541;8.75193E-05;1.57953E-05;0.000182273;0.000101139;0.000188635;0.000405342;9.85259E-05;0.000162125;0.000231015;0.000118436;0.00146666;0.000254954;0.000242207;0.000136443;2.39492E-05;3.89817E-05;0.000159481;9.83141E-05;0;0;0;0;0;0;0;0;0;0;0;0;0;0;0;0;0;0;0;0;0;0;0;0.000168;0;0;0;0;0;0;0.000158798;0.000144403;7.27183E-05;5.64304E-05;8.78643E-05;8.81406E-05;0.000118709;0.00044019;0.000299579;6.29028E-05;4.17068E-05;5.71035E-06;3.13586E-05
765;0.0000424;0.000186;0.000546;0.000301;0.000301;0.000197;0.000697;0.000832;0.0002;0.0002;0.0001;0;0;0.000117;0.000071;0.0002;0.0002;0.0002;0;0;0;0.00165;0.00165;0.00165;0.00165;0.00165;0.00165;0.00165;0.00165;0.00165;1.74886E-05;-0.000172472;4.5495E-05;3.86739E-05;3.87692E-05;4.55936E-05;4.3656E-05;4.11871E-05;3.66329E-05;3.46621E-05;7.33634E-05;8.39759E-05;0.000109844;1.42136E-05;1.39467E-05;4.44723E-05;6.103E-05;1.4439E-06;0.000146102;5.96112E-05;3.18148E-05;8.7567E-05;7.98879E-05;3.91465E-05;0.001691189;0.001651512;-0.00022609;0.000138655;0.000133996;-0.000157379;7.46918E-05;-9.0578E-06;0.000136034;4.97496E-05;0.000111837;0.00030884;7.15137E-05;0.000111802;0.000183246;8.88198E-05;0.001117489;0.000178283;0.000168641;9.71934E-05;1.58958E-05;3.89817E-05;0.000117282;7.05259E-05;0;0;0;0;0;0;0;0;0;0;0;0;0;0;0;0;0;0;0;0;0;0;0;0.000171;0;0;0;0;0;0;7.38079E-05;0;5.47278E-05;3.50922E-05;6.66112E-05;8.89792E-05;-1.35754E-05;0.000161025;0.00015176;5.32986E-05;2.83603E-05;0.000244491;2.30334E-05
770;0.00003;0.0001;0.000399;0.0002;0.000299;0.0001;0.000499;0.000597;0.0001;0.0001;0.0001;0;0;0.000088;0.000052;0.0001;0.0001;0.0001;0;0;0;0.0016;0.0016;0.0016;0.0016;0.0016;0.0016;0.0016;0.0016;0.0016;1.23421E-05;-0.000182302;2.33121E-05;1.86887E-05;2.36775E-05;2.31926E-05;2.22663E-05;2.00985E-05;2.23992E-05;1.39227E-05;5.52954E-05;4.51312E-05;6.94633E-05;3.56492E-06;9.33045E-06;2.31103E-05;3.05304E-05;-9.16797E-06;0.000107237;4.22609E-05;2.34356E-05;5.09832E-05;6.11089E-05;0;0.002546594;-0.001778201;-0.000297085;0.000105274;0.00010082;-0.000198681;6.55428E-05;-2.88477E-05;0.000104097;-2.65462E-05;5.3967E-05;0.000212328;5.33053E-05;8.32588E-05;0.00015938;5.73955E-05;0.000768277;0.000123286;0.000117139;6.98287E-05;1.04881E-05;3.89817E-05;8.76794E-05;5.15672E-05;0;0;0;0;0;0;0;0;0;0;0;0;0;0;0;0;0;0;0;0;0;0;0;0.000173;0;0;0;0;0;0;5.67469E-05;-0.00020264;3.85002E-05;2.9059E-05;4.69126E-05;0.000162047;9.22315E-05;0.000114519;9.79085E-05;4.81461E-05;2.16215E-05;2.2557E-06;-1.01478E-05
775;0.0000212;0.000042;0.000214;0.0001;0.000185;0.000076;0.000262;0.000465;0.0001;0.0001;0.0001;0;0;0.000066;0.000038;0;0;0;0;0;0;0.00155;0.00155;0.00155;0.00155;0.00155;0.00155;0.00155;0.00155;0.00155;9.66544E-06;-0.000111624;9.91448E-06;6.79911E-06;1.54626E-05;9.73247E-06;9.3624E-06;8.02233E-06;1.4671E-05;5.40437E-06;4.2693E-05;2.30445E-05;4.61996E-05;-1.81101E-06;6.53977E-06;1.16171E-05;1.48967E-05;-1.39303E-05;8.06827E-05;3.14862E-05;1.81929E-05;3.00556E-05;4.99313E-05;-1.3293E-05;0.003025948;-0.002341817;-0.000352138;8.17681E-05;7.68574E-05;-0.000220701;5.95617E-05;-3.02648E-05;8.13662E-05;-7.92912E-05;1.63849E-05;0.000115816;3.94895E-05;0.000101327;7.38147E-05;3.83208E-05;0.000419056;8.58943E-05;8.10848E-05;5.06261E-05;7.16292E-06;3.89817E-05;6.56219E-05;3.77512E-05;0;0;0;0;0;0;0;0;0;0;0;0;0;0;0;0;0;0;0;0;0;0;0;0.000176;0;0;0;0;0;0;7.16226E-05;0.000156458;3.11373E-05;2.24155E-05;3.55687E-05;0.00014804;0.00012307;-0.00030438;-0.000156853;3.97468E-05;1.37095E-05;-0.000198925;2.14367E-05
780;0.00001499;0;0;0;0;0.0001;0;0.000398;0.0001;0.0001;0;0;0;0.00005;0.000028;0;0;0;0;0;0;0.0015;0.0015;0.0015;0.0015;0.0015;0.0015;0.0015;0.0015;0.0015;5.82952E-06;-0.000111624;1.16561E-05;7.24665E-06;0.000013333;1.11964E-05;1.09444E-05;1.14849E-05;1.26132E-05;1.39227E-05;3.34735E-05;2.86385E-05;5.90018E-05;1.20144E-06;4.66522E-06;1.70815E-05;2.40652E-05;-9.16797E-06;8.05867E-05;3.62236E-05;1.44874E-05;3.08582E-05;5.19425E-05;2.03286E-05;0.002546594;0.004296102;-0.000361061;6.48133E-05;5.81417E-05;-0.000198693;0.000056238;7.04696E-10;6.27437E-05;-6.00282E-05;4.64261E-07;1.93024E-05;2.97618E-05;7.37941E-05;0.000178214;2.51193E-05;6.98433E-05;6.05912E-05;5.65752E-05;3.74098E-05;5.13464E-06;3.89817E-05;4.99051E-05;2.82008E-05;0;0;0;0;0;0;0;0;0;0;0;0;0;0;0;0;0;0;0;0;0;0;0;0.000149;0;0;0;0;0;0;6.6846E-06;-0.000214569;2.31188E-05;1.46692E-05;2.66594E-05;4.46866E-05;9.05317E-05;0.000456646;0.00031097;3.63146E-05;1.10783E-05;0.000188636;6.34867E-06
