380;0.000039;0.000014;1.45E-05;1.5E-05;1.55E-05;1.6E-05;0.0000165;1.7E-05;1.75E-05;1.8E-05;1.85E-05;0.000019;1.95E-05;2E-05;2.05E-05;2.1E-05;0.0000215;2.2E-05;2.25E-05;2.3E-05;2.35E-05;0.000024;2.45E-05;2.5E-05;2.55E-05;2.6E-05;0.0000265;2.7E-05;2.75E-05;2.8E-05;2.85E-05;0.000029;2.95E-05;3E-05;3.05E-05;3.1E-05;0.0000315;3.2E-05;3.25E-05;3.3E-05;3.35E-05;0.000034;3.45E-05;3.5E-05;3.55E-05;3.6E-05;0.0000365;3.7E-05;3.75E-05;3.8E-05;3.85E-05;0.000039;3.95E-05;4E-05;4.05E-05;4.1E-05;0.0000415;4.2E-05;4.25E-05;4.3E-05;4.35E-05;0.000044;4.45E-05;4.5E-05;4.55E-05;4.6E-05;0.0000465;4.7E-05;4.75E-05;4.8E-05;4.85E-05;0.000049;4.95E-05;5E-05;5.05E-05;5.1E-05;0.0000515;5.2E-05;5.25E-05;5.3E-05;5.35E-05;0.000054;5.45E-05;5.5E-05;5.55E-05;5.6E-05;0.0000565;5.7E-05;5.75E-05;5.8E-05;5.85E-05;0.000059;5.95E-05;6E-05;6.05E-05;6.1E-05;0.0000615;6.2E-05;6.25E-05;6.3E-05;6.35E-05;0.000064
385;0.000064;0.000039;3.95E-05;4E-05;4.05E-05;4.1E-05;0.0000415;4.2E-05;4.25E-05;4.3E-05;4.35E-05;0.000044;4.45E-05;4.5E-05;4.55E-05;4.6E-05;0.0000465;4.7E-05;4.75E-05;4.8E-05;4.85E-05;0.000049;4.95E-05;5E-05;5.05E-05;5.1E-05;0.0000515;5.2E-05;5.25E-05;5.3E-05;5.35E-05;0.000054;5.45E-05;5.5E-05;5.55E-05;5.6E-05;0.0000565;5.7E-05;5.75E-05;5.8E-05;5.85E-05;0.000059;5.95E-05;6E-05;6.05E-05;6.1E-05;0.0000615;6.2E-05;6.25E-05;6.3E-05;6.35E-05;0.000064;6.512E-05;6.624E-05;6.736E-05;6.848E-05;0.0000696;7.072E-05;7.184E-05;7.296E-05;7.408E-05;0.0000752;7.632E-05;7.744E-05;7.856E-05;7.968E-05;0.0000808;8.192E-05;8.304E-05;8.416E-05;8.528E-05;0.0000864;8.752E-05;8.864E-05;8.976E-05;9.088E-05;0.000092;9.312E-05;9.424E-05;9.536E-05;9.648E-05;0.0000976;9.872E-05;9.984E-05;0.00010096;0.00010208;0.0001032;0.00010432;0.00010544;0.00010656;0.00010768;0.0001088;0.00010992;0.00011104;0.00011216;0.00011328;0.0001144;0.00011552;0.00011664;0.00011776;0.00011888;0.00012
390;0.00012;0.000064;6.512E-05;6.624E-05;6.736E-05;6.848E-05;0.0000696;7.072E-05;7.184E-05;7.296E-05;7.408E-05;0.0000752;7.632E-05;7.744E-05;7.856E-05;7.968E-05;0.0000808;8.192E-05;8.304E-05;8.416E-05;8.528E-05;0.0000864;8.752E-05;8.864E-05;8.976E-05;9.088E-05;0.000092;9.312E-05;9.424E-05;9.536E-05;9.648E-05;0.0000976;9.872E-05;9.984E-05;0.00010096;0.00010208;0.0001032;0.00010432;0.00010544;0.00010656;0.00010768;0.0001088;0.00010992;0.00011104;0.00011216;0.00011328;0.0001144;0.00011552;0.00011664;0.00011776;0.00011888;0.00012;0.00012194;0.00012388;0.00012582;0.00012776;0.0001297;0.00013164;0.00013358;0.00013552;0.00013746;0.0001394;0.00014134;0.00014328;0.00014522;0.00014716;0.0001491;0.00015104;0.00015298;0.00015492;0.00015686;0.0001588;0.00016074;0.00016268;0.00016462;0.00016656;0.0001685;0.00017044;0.00017238;0.00017432;0.00017626;0.0001782;0.00018014;0.00018208;0.00018402;0.00018596;0.0001879;0.00018984;0.00019178;0.00019372;0.00019566;0.0001976;0.00019954;0.00020148;0.00020342;0.00020536;0.0002073;0.00020924;0.00021118;0.00021312;0.00021506;0.000217
395;0.000217;0.00012;0.00012194;0.00012388;0.00012582;0.00012776;0.0001297;0.00013164;0.00013358;0.00013552;0.00013746;0.0001394;0.00014134;0.00014328;0.00014522;0.00014716;0.0001491;0.00015104;0.00015298;0.00015492;0.00015686;0.0001588;0.00016074;0.00016268;0.00016462;0.00016656;0.0001685;0.00017044;0.00017238;0.00017432;0.00017626;0.0001782;0.00018014;0.00018208;0.00018402;0.00018596;0.0001879;0.00018984;0.00019178;0.00019372;0.00019566;0.0001976;0.00019954;0.00020148;0.00020342;0.00020536;0.0002073;0.00020924;0.00021118;0.00021312;0.00021506;0.000217;0.00022058;0.00022416;0.00022774;0.00023132;0.0002349;0.00023848;0.00024206;0.00024564;0.00024922;0.0002528;0.00025638;0.00025996;0.00026354;0.00026712;0.0002707;0.00027428;0.00027786;0.00028144;0.00028502;0.0002886;0.00029218;0.00029576;0.00029934;0.00030292;0.0003065;0.00031008;0.00031366;0.00031724;0.00032082;0.0003244;0.00032798;0.00033156;0.00033514;0.00033872;0.0003423;0.00034588;0.00034946;0.00035304;0.00035662;0.0003602;0.00036378;0.00036736;0.00037094;0.00037452;0.0003781;0.00038168;0.00038526;0.00038884;0.00039242;0.000396
400;0.000396;0.000217;0.00022058;0.00022416;0.00022774;0.00023132;0.0002349;0.00023848;0.00024206;0.00024564;0.00024922;0.0002528;0.00025638;0.00025996;0.00026354;0.00026712;0.0002707;0.00027428;0.00027786;0.00028144;0.00028502;0.0002886;0.00029218;0.00029576;0.00029934;0.00030292;0.0003065;0.00031008;0.00031366;0.00031724;0.00032082;0.0003244;0.00032798;0.00033156;0.00033514;0.00033872;0.0003423;0.00034588;0.00034946;0.00035304;0.00035662;0.0003602;0.00036378;0.00036736;0.00037094;0.00037452;0.0003781;0.00038168;0.00038526;0.00038884;0.00039242;0.000396;0.00040088;0.00040576;0.00041064;0.00041552;0.0004204;0.00042528;0.00043016;0.00043504;0.00043992;0.0004448;0.00044968;0.00045456;0.00045944;0.00046432;0.0004692;0.00047408;0.00047896;0.00048384;0.00048872;0.0004936;0.00049848;0.00050336;0.00050824;0.00051312;0.000518;0.00052288;0.00052776;0.00053264;0.00053752;0.0005424;0.00054728;0.00055216;0.00055704;0.00056192;0.0005668;0.00057168;0.00057656;0.00058144;0.00058632;0.0005912;0.00059608;0.00060096;0.00060584;0.00061072;0.0006156;0.00062048;0.00062536;0.00063024;0.00063512;0.00064
405;0.00064;0.000396;0.00040088;0.00040576;0.00041064;0.00041552;0.0004204;0.00042528;0.00043016;0.00043504;0.00043992;0.0004448;0.00044968;0.00045456;0.00045944;0.00046432;0.0004692;0.00047408;0.00047896;0.00048384;0.00048872;0.0004936;0.00049848;0.00050336;0.00050824;0.00051312;0.000518;0.00052288;0.00052776;0.00053264;0.00053752;0.0005424;0.00054728;0.00055216;0.00055704;0.00056192;0.0005668;0.00057168;0.00057656;0.00058144;0.00058632;0.0005912;0.00059608;0.00060096;0.00060584;0.00061072;0.0006156;0.00062048;0.00062536;0.00063024;0.00063512;0.00064;0.0006514;0.0006628;0.0006742;0.0006856;0.000697;0.0007084;0.0007198;0.0007312;0.0007426;0.000754;0.0007654;0.0007768;0.0007882;0.0007996;0.000811;0.0008224;0.0008338;0.0008452;0.0008566;0.000868;0.0008794;0.0008908;0.0009022;0.0009136;0.000925;0.0009364;0.0009478;0.0009592;0.0009706;0.000982;0.0009934;0.0010048;0.0010162;0.0010276;0.001039;0.0010504;0.0010618;0.0010732;0.0010846;0.001096;0.0011074;0.0011188;0.0011302;0.0011416;0.001153;0.0011644;0.0011758;0.0011872;0.0011986;0.00121
410;0.00121;0.00064;0.0006514;0.0006628;0.0006742;0.0006856;0.000697;0.0007084;0.0007198;0.0007312;0.0007426;0.000754;0.0007654;0.0007768;0.0007882;0.0007996;0.000811;0.0008224;0.0008338;0.0008452;0.0008566;0.000868;0.0008794;0.0008908;0.0009022;0.0009136;0.000925;0.0009364;0.0009478;0.0009592;0.0009706;0.000982;0.0009934;0.0010048;0.0010162;0.0010276;0.001039;0.0010504;0.0010618;0.0010732;0.0010846;0.001096;0.0011074;0.0011188;0.0011302;0.0011416;0.001153;0.0011644;0.0011758;0.0011872;0.0011986;0.00121;0.0012294;0.0012488;0.0012682;0.0012876;0.001307;0.0013264;0.0013458;0.0013652;0.0013846;0.001404;0.0014234;0.0014428;0.0014622;0.0014816;0.001501;0.0015204;0.0015398;0.0015592;0.0015786;0.001598;0.0016174;0.0016368;0.0016562;0.0016756;0.001695;0.0017144;0.0017338;0.0017532;0.0017726;0.001792;0.0018114;0.0018308;0.0018502;0.0018696;0.001889;0.0019084;0.0019278;0.0019472;0.0019666;0.001986;0.0020054;0.0020248;0.0020442;0.0020636;0.002083;0.0021024;0.0021218;0.0021412;0.0021606;0.00218
415;0.00218;0.00121;0.0012294;0.0012488;0.0012682;0.0012876;0.001307;0.0013264;0.0013458;0.0013652;0.0013846;0.001404;0.0014234;0.0014428;0.0014622;0.0014816;0.001501;0.0015204;0.0015398;0.0015592;0.0015786;0.001598;0.0016174;0.0016368;0.0016562;0.0016756;0.001695;0.0017144;0.0017338;0.0017532;0.0017726;0.001792;0.0018114;0.0018308;0.0018502;0.0018696;0.001889;0.0019084;0.0019278;0.0019472;0.0019666;0.001986;0.0020054;0.0020248;0.0020442;0.0020636;0.002083;0.0021024;0.0021218;0.0021412;0.0021606;0.00218;0.0022164;0.0022528;0.0022892;0.0023256;0.002362;0.0023984;0.0024348;0.0024712;0.0025076;0.002544;0.0025804;0.0026168;0.0026532;0.0026896;0.002726;0.0027624;0.0027988;0.0028352;0.0028716;0.002908;0.0029444;0.0029808;0.0030172;0.0030536;0.00309;0.0031264;0.0031628;0.0031992;0.0032356;0.003272;0.0033084;0.0033448;0.0033812;0.0034176;0.003454;0.0034904;0.0035268;0.0035632;0.0035996;0.003636;0.0036724;0.0037088;0.0037452;0.0037816;0.003818;0.0038544;0.0038908;0.0039272;0.0039636;0.004
420;0.004;0.00218;0.0022164;0.0022528;0.0022892;0.0023256;0.002362;0.0023984;0.0024348;0.0024712;0.0025076;0.002544;0.0025804;0.0026168;0.0026532;0.0026896;0.002726;0.0027624;0.0027988;0.0028352;0.0028716;0.002908;0.0029444;0.0029808;0.0030172;0.0030536;0.00309;0.0031264;0.0031628;0.0031992;0.0032356;0.003272;0.0033084;0.0033448;0.0033812;0.0034176;0.003454;0.0034904;0.0035268;0.0035632;0.0035996;0.003636;0.0036724;0.0037088;0.0037452;0.0037816;0.003818;0.0038544;0.0038908;0.0039272;0.0039636;0.004;0.004066;0.004132;0.004198;0.004264;0.00433;0.004396;0.004462;0.004528;0.004594;0.00466;0.004726;0.004792;0.004858;0.004924;0.00499;0.005056;0.005122;0.005188;0.005254;0.00532;0.005386;0.005452;0.005518;0.005584;0.00565;0.005716;0.005782;0.005848;0.005914;0.00598;0.006046;0.006112;0.006178;0.006244;0.00631;0.006376;0.006442;0.006508;0.006574;0.00664;0.006706;0.006772;0.006838;0.006904;0.00697;0.007036;0.007102;0.007168;0.007234;0.0073
425;0.0073;0.004;0.004066;0.004132;0.004198;0.004264;0.00433;0.004396;0.004462;0.004528;0.004594;0.00466;0.004726;0.004792;0.004858;0.004924;0.00499;0.005056;0.005122;0.005188;0.005254;0.00532;0.005386;0.005452;0.005518;0.005584;0.00565;0.005716;0.005782;0.005848;0.005914;0.00598;0.006046;0.006112;0.006178;0.006244;0.00631;0.006376;0.006442;0.006508;0.006574;0.00664;0.006706;0.006772;0.006838;0.006904;0.00697;0.007036;0.007102;0.007168;0.007234;0.0073;0.007386;0.007472;0.007558;0.007644;0.00773;0.007816;0.007902;0.007988;0.008074;0.00816;0.008246;0.008332;0.008418;0.008504;0.00859;0.008676;0.008762;0.008848;0.008934;0.00902;0.009106;0.009192;0.009278;0.009364;0.00945;0.009536;0.009622;0.009708;0.009794;0.00988;0.009966;0.010052;0.010138;0.010224;0.01031;0.010396;0.010482;0.010568;0.010654;0.01074;0.010826;0.010912;0.010998;0.011084;0.01117;0.011256;0.011342;0.011428;0.011514;0.0116
430;0.0116;0.0073;0.007386;0.007472;0.007558;0.007644;0.00773;0.007816;0.007902;0.007988;0.008074;0.00816;0.008246;0.008332;0.008418;0.008504;0.00859;0.008676;0.008762;0.008848;0.008934;0.00902;0.009106;0.009192;0.009278;0.009364;0.00945;0.009536;0.009622;0.009708;0.009794;0.00988;0.009966;0.010052;0.010138;0.010224;0.01031;0.010396;0.010482;0.010568;0.010654;0.01074;0.010826;0.010912;0.010998;0.011084;0.01117;0.011256;0.011342;0.011428;0.011514;0.0116;0.0117048;0.0118096;0.0119144;0.0120192;0.012124;0.0122288;0.0123336;0.0124384;0.0125432;0.012648;0.0127528;0.0128576;0.0129624;0.0130672;0.013172;0.0132768;0.0133816;0.0134864;0.0135912;0.013696;0.0138008;0.0139056;0.0140104;0.0141152;0.01422;0.0143248;0.0144296;0.0145344;0.0146392;0.014744;0.0148488;0.0149536;0.0150584;0.0151632;0.015268;0.0153728;0.0154776;0.0155824;0.0156872;0.015792;0.0158968;0.0160016;0.0161064;0.0162112;0.016316;0.0164208;0.0165256;0.0166304;0.0167352;0.01684
435;0.01684;0.0116;0.0117048;0.0118096;0.0119144;0.0120192;0.012124;0.0122288;0.0123336;0.0124384;0.0125432;0.012648;0.0127528;0.0128576;0.0129624;0.0130672;0.013172;0.0132768;0.0133816;0.0134864;0.0135912;0.013696;0.0138008;0.0139056;0.0140104;0.0141152;0.01422;0.0143248;0.0144296;0.0145344;0.0146392;0.014744;0.0148488;0.0149536;0.0150584;0.0151632;0.015268;0.0153728;0.0154776;0.0155824;0.0156872;0.015792;0.0158968;0.0160016;0.0161064;0.0162112;0.016316;0.0164208;0.0165256;0.0166304;0.0167352;0.01684;0.0169632;0.0170864;0.0172096;0.0173328;0.017456;0.0175792;0.0177024;0.0178256;0.0179488;0.018072;0.0181952;0.0183184;0.0184416;0.0185648;0.018688;0.0188112;0.0189344;0.0190576;0.0191808;0.019304;0.0194272;0.0195504;0.0196736;0.0197968;0.01992;0.0200432;0.0201664;0.0202896;0.0204128;0.020536;0.0206592;0.0207824;0.0209056;0.0210288;0.021152;0.0212752;0.0213984;0.0215216;0.0216448;0.021768;0.0218912;0.0220144;0.0221376;0.0222608;0.022384;0.0225072;0.0226304;0.0227536;0.0228768;0.023
440;0.023;0.01684;0.0169632;0.0170864;0.0172096;0.0173328;0.017456;0.0175792;0.0177024;0.0178256;0.0179488;0.018072;0.0181952;0.0183184;0.0184416;0.0185648;0.018688;0.0188112;0.0189344;0.0190576;0.0191808;0.019304;0.0194272;0.0195504;0.0196736;0.0197968;0.01992;0.0200432;0.0201664;0.0202896;0.0204128;0.020536;0.0206592;0.0207824;0.0209056;0.0210288;0.021152;0.0212752;0.0213984;0.0215216;0.0216448;0.021768;0.0218912;0.0220144;0.0221376;0.0222608;0.022384;0.0225072;0.0226304;0.0227536;0.0228768;0.023;0.023136;0.023272;0.023408;0.023544;0.02368;0.023816;0.023952;0.024088;0.024224;0.02436;0.024496;0.024632;0.024768;0.024904;0.02504;0.025176;0.025312;0.025448;0.025584;0.02572;0.025856;0.025992;0.026128;0.026264;0.0264;0.026536;0.026672;0.026808;0.026944;0.02708;0.027216;0.027352;0.027488;0.027624;0.02776;0.027896;0.028032;0.028168;0.028304;0.02844;0.028576;0.028712;0.028848;0.028984;0.02912;0.029256;0.029392;0.029528;0.029664;0.0298
445;0.0298;0.023;0.023136;0.023272;0.023408;0.023544;0.02368;0.023816;0.023952;0.024088;0.024224;0.02436;0.024496;0.024632;0.024768;0.024904;0.02504;0.025176;0.025312;0.025448;0.025584;0.02572;0.025856;0.025992;0.026128;0.026264;0.0264;0.026536;0.026672;0.026808;0.026944;0.02708;0.027216;0.027352;0.027488;0.027624;0.02776;0.027896;0.028032;0.028168;0.028304;0.02844;0.028576;0.028712;0.028848;0.028984;0.02912;0.029256;0.029392;0.029528;0.029664;0.0298;0.029964;0.030128;0.030292;0.030456;0.03062;0.030784;0.030948;0.031112;0.031276;0.03144;0.031604;0.031768;0.031932;0.032096;0.03226;0.032424;0.032588;0.032752;0.032916;0.03308;0.033244;0.033408;0.033572;0.033736;0.0339;0.034064;0.034228;0.034392;0.034556;0.03472;0.034884;0.035048;0.035212;0.035376;0.03554;0.035704;0.035868;0.036032;0.036196;0.03636;0.036524;0.036688;0.036852;0.037016;0.03718;0.037344;0.037508;0.037672;0.037836;0.038
450;0.038;0.0298;0.029964;0.030128;0.030292;0.030456;0.03062;0.030784;0.030948;0.031112;0.031276;0.03144;0.031604;0.031768;0.031932;0.032096;0.03226;0.032424;0.032588;0.032752;0.032916;0.03308;0.033244;0.033408;0.033572;0.033736;0.0339;0.034064;0.034228;0.034392;0.034556;0.03472;0.034884;0.035048;0.035212;0.035376;0.03554;0.035704;0.035868;0.036032;0.036196;0.03636;0.036524;0.036688;0.036852;0.037016;0.03718;0.037344;0.037508;0.037672;0.037836;0.038;0.0382;0.0384;0.0386;0.0388;0.039;0.0392;0.0394;0.0396;0.0398;0.04;0.0402;0.0404;0.0406;0.0408;0.041;0.0412;0.0414;0.0416;0.0418;0.042;0.0422;0.0424;0.0426;0.0428;0.043;0.0432;0.0434;0.0436;0.0438;0.044;0.0442;0.0444;0.0446;0.0448;0.045;0.0452;0.0454;0.0456;0.0458;0.046;0.0462;0.0464;0.0466;0.0468;0.047;0.0472;0.0474;0.0476;0.0478;0.048
455;0.048;0.038;0.0382;0.0384;0.0386;0.0388;0.039;0.0392;0.0394;0.0396;0.0398;0.04;0.0402;0.0404;0.0406;0.0408;0.041;0.0412;0.0414;0.0416;0.0418;0.042;0.0422;0.0424;0.0426;0.0428;0.043;0.0432;0.0434;0.0436;0.0438;0.044;0.0442;0.0444;0.0446;0.0448;0.045;0.0452;0.0454;0.0456;0.0458;0.046;0.0462;0.0464;0.0466;0.0468;0.047;0.0472;0.0474;0.0476;0.0478;0.048;0.04824;0.04848;0.04872;0.04896;0.0492;0.04944;0.04968;0.04992;0.05016;0.0504;0.05064;0.05088;0.05112;0.05136;0.0516;0.05184;0.05208;0.05232;0.05256;0.0528;0.05304;0.05328;0.05352;0.05376;0.054;0.05424;0.05448;0.05472;0.05496;0.0552;0.05544;0.05568;0.05592;0.05616;0.0564;0.05664;0.05688;0.05712;0.05736;0.0576;0.05784;0.05808;0.05832;0.05856;0.0588;0.05904;0.05928;0.05952;0.05976;0.06
460;0.06;0.048;0.04824;0.04848;0.04872;0.04896;0.0492;0.04944;0.04968;0.04992;0.05016;0.0504;0.05064;0.05088;0.05112;0.05136;0.0516;0.05184;0.05208;0.05232;0.05256;0.0528;0.05304;0.05328;0.05352;0.05376;0.054;0.05424;0.05448;0.05472;0.05496;0.0552;0.05544;0.05568;0.05592;0.05616;0.0564;0.05664;0.05688;0.05712;0.05736;0.0576;0.05784;0.05808;0.05832;0.05856;0.0588;0.05904;0.05928;0.05952;0.05976;0.06;0.060278;0.060556;0.060834;0.061112;0.06139;0.061668;0.061946;0.062224;0.062502;0.06278;0.063058;0.063336;0.063614;0.063892;0.06417;0.064448;0.064726;0.065004;0.065282;0.06556;0.065838;0.066116;0.066394;0.066672;0.06695;0.067228;0.067506;0.067784;0.068062;0.06834;0.068618;0.068896;0.069174;0.069452;0.06973;0.070008;0.070286;0.070564;0.070842;0.07112;0.071398;0.071676;0.071954;0.072232;0.07251;0.072788;0.073066;0.073344;0.073622;0.0739
465;0.0739;0.06;0.060278;0.060556;0.060834;0.061112;0.06139;0.061668;0.061946;0.062224;0.062502;0.06278;0.063058;0.063336;0.063614;0.063892;0.06417;0.064448;0.064726;0.065004;0.065282;0.06556;0.065838;0.066116;0.066394;0.066672;0.06695;0.067228;0.067506;0.067784;0.068062;0.06834;0.068618;0.068896;0.069174;0.069452;0.06973;0.070008;0.070286;0.070564;0.070842;0.07112;0.071398;0.071676;0.071954;0.072232;0.07251;0.072788;0.073066;0.073344;0.073622;0.0739;0.0742416;0.0745832;0.0749248;0.0752664;0.075608;0.0759496;0.0762912;0.0766328;0.0769744;0.077316;0.0776576;0.0779992;0.0783408;0.0786824;0.079024;0.0793656;0.0797072;0.0800488;0.0803904;0.080732;0.0810736;0.0814152;0.0817568;0.0820984;0.08244;0.0827816;0.0831232;0.0834648;0.0838064;0.084148;0.0844896;0.0848312;0.0851728;0.0855144;0.085856;0.0861976;0.0865392;0.0868808;0.0872224;0.087564;0.0879056;0.0882472;0.0885888;0.0889304;0.089272;0.0896136;0.0899552;0.0902968;0.0906384;0.09098
470;0.09098;0.0739;0.0742416;0.0745832;0.0749248;0.0752664;0.075608;0.0759496;0.0762912;0.0766328;0.0769744;0.077316;0.0776576;0.0779992;0.0783408;0.0786824;0.079024;0.0793656;0.0797072;0.0800488;0.0803904;0.080732;0.0810736;0.0814152;0.0817568;0.0820984;0.08244;0.0827816;0.0831232;0.0834648;0.0838064;0.084148;0.0844896;0.0848312;0.0851728;0.0855144;0.085856;0.0861976;0.0865392;0.0868808;0.0872224;0.087564;0.0879056;0.0882472;0.0885888;0.0889304;0.089272;0.0896136;0.0899552;0.0902968;0.0906384;0.09098;0.0914124;0.0918448;0.0922772;0.0927096;0.093142;0.0935744;0.0940068;0.0944392;0.0948716;0.095304;0.0957364;0.0961688;0.0966012;0.0970336;0.097466;0.0978984;0.0983308;0.0987632;0.0991956;0.099628;0.1000604;0.1004928;0.1009252;0.1013576;0.10179;0.1022224;0.1026548;0.1030872;0.1035196;0.103952;0.1043844;0.1048168;0.1052492;0.1056816;0.106114;0.1065464;0.1069788;0.1074112;0.1078436;0.108276;0.1087084;0.1091408;0.1095732;0.1100056;0.110438;0.1108704;0.1113028;0.1117352;0.1121676;0.1126
475;0.1126;0.09098;0.0914124;0.0918448;0.0922772;0.0927096;0.093142;0.0935744;0.0940068;0.0944392;0.0948716;0.095304;0.0957364;0.0961688;0.0966012;0.0970336;0.097466;0.0978984;0.0983308;0.0987632;0.0991956;0.099628;0.1000604;0.1004928;0.1009252;0.1013576;0.10179;0.1022224;0.1026548;0.1030872;0.1035196;0.103952;0.1043844;0.1048168;0.1052492;0.1056816;0.106114;0.1065464;0.1069788;0.1074112;0.1078436;0.108276;0.1087084;0.1091408;0.1095732;0.1100056;0.110438;0.1108704;0.1113028;0.1117352;0.1121676;0.1126;0.1131284;0.1136568;0.1141852;0.1147136;0.115242;0.1157704;0.1162988;0.1168272;0.1173556;0.117884;0.1184124;0.1189408;0.1194692;0.1199976;0.120526;0.1210544;0.1215828;0.1221112;0.1226396;0.123168;0.1236964;0.1242248;0.1247532;0.1252816;0.12581;0.1263384;0.1268668;0.1273952;0.1279236;0.128452;0.1289804;0.1295088;0.1300372;0.1305656;0.131094;0.1316224;0.1321508;0.1326792;0.1332076;0.133736;0.1342644;0.1347928;0.1353212;0.1358496;0.136378;0.1369064;0.1374348;0.1379632;0.1384916;0.13902
480;0.13902;0.1126;0.1131284;0.1136568;0.1141852;0.1147136;0.115242;0.1157704;0.1162988;0.1168272;0.1173556;0.117884;0.1184124;0.1189408;0.1194692;0.1199976;0.120526;0.1210544;0.1215828;0.1221112;0.1226396;0.123168;0.1236964;0.1242248;0.1247532;0.1252816;0.12581;0.1263384;0.1268668;0.1273952;0.1279236;0.128452;0.1289804;0.1295088;0.1300372;0.1305656;0.131094;0.1316224;0.1321508;0.1326792;0.1332076;0.133736;0.1342644;0.1347928;0.1353212;0.1358496;0.136378;0.1369064;0.1374348;0.1379632;0.1384916;0.13902;0.1396256;0.1402312;0.1408368;0.1414424;0.142048;0.1426536;0.1432592;0.1438648;0.1444704;0.145076;0.1456816;0.1462872;0.1468928;0.1474984;0.148104;0.1487096;0.1493152;0.1499208;0.1505264;0.151132;0.1517376;0.1523432;0.1529488;0.1535544;0.15416;0.1547656;0.1553712;0.1559768;0.1565824;0.157188;0.1577936;0.1583992;0.1590048;0.1596104;0.160216;0.1608216;0.1614272;0.1620328;0.1626384;0.163244;0.1638496;0.1644552;0.1650608;0.1656664;0.166272;0.1668776;0.1674832;0.1680888;0.1686944;0.1693
485;0.1693;0.13902;0.1396256;0.1402312;0.1408368;0.1414424;0.142048;0.1426536;0.1432592;0.1438648;0.1444704;0.145076;0.1456816;0.1462872;0.1468928;0.1474984;0.148104;0.1487096;0.1493152;0.1499208;0.1505264;0.151132;0.1517376;0.1523432;0.1529488;0.1535544;0.15416;0.1547656;0.1553712;0.1559768;0.1565824;0.157188;0.1577936;0.1583992;0.1590048;0.1596104;0.160216;0.1608216;0.1614272;0.1620328;0.1626384;0.163244;0.1638496;0.1644552;0.1650608;0.1656664;0.166272;0.1668776;0.1674832;0.1680888;0.1686944;0.1693;0.1700744;0.1708488;0.1716232;0.1723976;0.173172;0.1739464;0.1747208;0.1754952;0.1762696;0.177044;0.1778184;0.1785928;0.1793672;0.1801416;0.180916;0.1816904;0.1824648;0.1832392;0.1840136;0.184788;0.1855624;0.1863368;0.1871112;0.1878856;0.18866;0.1894344;0.1902088;0.1909832;0.1917576;0.192532;0.1933064;0.1940808;0.1948552;0.1956296;0.196404;0.1971784;0.1979528;0.1987272;0.1995016;0.200276;0.2010504;0.2018248;0.2025992;0.2033736;0.204148;0.2049224;0.2056968;0.2064712;0.2072456;0.20802
490;0.20802;0.1693;0.1700744;0.1708488;0.1716232;0.1723976;0.173172;0.1739464;0.1747208;0.1754952;0.1762696;0.177044;0.1778184;0.1785928;0.1793672;0.1801416;0.180916;0.1816904;0.1824648;0.1832392;0.1840136;0.184788;0.1855624;0.1863368;0.1871112;0.1878856;0.18866;0.1894344;0.1902088;0.1909832;0.1917576;0.192532;0.1933064;0.1940808;0.1948552;0.1956296;0.196404;0.1971784;0.1979528;0.1987272;0.1995016;0.200276;0.2010504;0.2018248;0.2025992;0.2033736;0.204148;0.2049224;0.2056968;0.2064712;0.2072456;0.20802;0.2090316;0.2100432;0.2110548;0.2120664;0.213078;0.2140896;0.2151012;0.2161128;0.2171244;0.218136;0.2191476;0.2201592;0.2211708;0.2221824;0.223194;0.2242056;0.2252172;0.2262288;0.2272404;0.228252;0.2292636;0.2302752;0.2312868;0.2322984;0.23331;0.2343216;0.2353332;0.2363448;0.2373564;0.238368;0.2393796;0.2403912;0.2414028;0.2424144;0.243426;0.2444376;0.2454492;0.2464608;0.2474724;0.248484;0.2494956;0.2505072;0.2515188;0.2525304;0.253542;0.2545536;0.2555652;0.2565768;0.2575884;0.2586
495;0.2586;0.20802;0.2090316;0.2100432;0.2110548;0.2120664;0.213078;0.2140896;0.2151012;0.2161128;0.2171244;0.218136;0.2191476;0.2201592;0.2211708;0.2221824;0.223194;0.2242056;0.2252172;0.2262288;0.2272404;0.228252;0.2292636;0.2302752;0.2312868;0.2322984;0.23331;0.2343216;0.2353332;0.2363448;0.2373564;0.238368;0.2393796;0.2403912;0.2414028;0.2424144;0.243426;0.2444376;0.2454492;0.2464608;0.2474724;0.248484;0.2494956;0.2505072;0.2515188;0.2525304;0.253542;0.2545536;0.2555652;0.2565768;0.2575884;0.2586;0.259888;0.261176;0.262464;0.263752;0.26504;0.266328;0.267616;0.268904;0.270192;0.27148;0.272768;0.274056;0.275344;0.276632;0.27792;0.279208;0.280496;0.281784;0.283072;0.28436;0.285648;0.286936;0.288224;0.289512;0.2908;0.292088;0.293376;0.294664;0.295952;0.29724;0.298528;0.299816;0.301104;0.302392;0.30368;0.304968;0.306256;0.307544;0.308832;0.31012;0.311408;0.312696;0.313984;0.315272;0.31656;0.317848;0.319136;0.320424;0.321712;0.323
500;0.323;0.2586;0.259888;0.261176;0.262464;0.263752;0.26504;0.266328;0.267616;0.268904;0.270192;0.27148;0.272768;0.274056;0.275344;0.276632;0.27792;0.279208;0.280496;0.281784;0.283072;0.28436;0.285648;0.286936;0.288224;0.289512;0.2908;0.292088;0.293376;0.294664;0.295952;0.29724;0.298528;0.299816;0.301104;0.302392;0.30368;0.304968;0.306256;0.307544;0.308832;0.31012;0.311408;0.312696;0.313984;0.315272;0.31656;0.317848;0.319136;0.320424;0.321712;0.323;0.324686;0.326372;0.328058;0.329744;0.33143;0.333116;0.334802;0.336488;0.338174;0.33986;0.341546;0.343232;0.344918;0.346604;0.34829;0.349976;0.351662;0.353348;0.355034;0.35672;0.358406;0.360092;0.361778;0.363464;0.36515;0.366836;0.368522;0.370208;0.371894;0.37358;0.375266;0.376952;0.378638;0.380324;0.38201;0.383696;0.385382;0.387068;0.388754;0.39044;0.392126;0.393812;0.395498;0.397184;0.39887;0.400556;0.402242;0.403928;0.405614;0.4073
505;0.4073;0.323;0.324686;0.326372;0.328058;0.329744;0.33143;0.333116;0.334802;0.336488;0.338174;0.33986;0.341546;0.343232;0.344918;0.346604;0.34829;0.349976;0.351662;0.353348;0.355034;0.35672;0.358406;0.360092;0.361778;0.363464;0.36515;0.366836;0.368522;0.370208;0.371894;0.37358;0.375266;0.376952;0.378638;0.380324;0.38201;0.383696;0.385382;0.387068;0.388754;0.39044;0.392126;0.393812;0.395498;0.397184;0.39887;0.400556;0.402242;0.403928;0.405614;0.4073;0.409214;0.411128;0.413042;0.414956;0.41687;0.418784;0.420698;0.422612;0.424526;0.42644;0.428354;0.430268;0.432182;0.434096;0.43601;0.437924;0.439838;0.441752;0.443666;0.44558;0.447494;0.449408;0.451322;0.453236;0.45515;0.457064;0.458978;0.460892;0.462806;0.46472;0.466634;0.468548;0.470462;0.472376;0.47429;0.476204;0.478118;0.480032;0.481946;0.48386;0.485774;0.487688;0.489602;0.491516;0.49343;0.495344;0.497258;0.499172;0.501086;0.503
510;0.503;0.4073;0.409214;0.411128;0.413042;0.414956;0.41687;0.418784;0.420698;0.422612;0.424526;0.42644;0.428354;0.430268;0.432182;0.434096;0.43601;0.437924;0.439838;0.441752;0.443666;0.44558;0.447494;0.449408;0.451322;0.453236;0.45515;0.457064;0.458978;0.460892;0.462806;0.46472;0.466634;0.468548;0.470462;0.472376;0.47429;0.476204;0.478118;0.480032;0.481946;0.48386;0.485774;0.487688;0.489602;0.491516;0.49343;0.495344;0.497258;0.499172;0.501086;0.503;0.505104;0.507208;0.509312;0.511416;0.51352;0.515624;0.517728;0.519832;0.521936;0.52404;0.526144;0.528248;0.530352;0.532456;0.53456;0.536664;0.538768;0.540872;0.542976;0.54508;0.547184;0.549288;0.551392;0.553496;0.5556;0.557704;0.559808;0.561912;0.564016;0.56612;0.568224;0.570328;0.572432;0.574536;0.57664;0.578744;0.580848;0.582952;0.585056;0.58716;0.589264;0.591368;0.593472;0.595576;0.59768;0.599784;0.601888;0.603992;0.606096;0.6082
515;0.6082;0.503;0.505104;0.507208;0.509312;0.511416;0.51352;0.515624;0.517728;0.519832;0.521936;0.52404;0.526144;0.528248;0.530352;0.532456;0.53456;0.536664;0.538768;0.540872;0.542976;0.54508;0.547184;0.549288;0.551392;0.553496;0.5556;0.557704;0.559808;0.561912;0.564016;0.56612;0.568224;0.570328;0.572432;0.574536;0.57664;0.578744;0.580848;0.582952;0.585056;0.58716;0.589264;0.591368;0.593472;0.595576;0.59768;0.599784;0.601888;0.603992;0.606096;0.6082;0.610236;0.612272;0.614308;0.616344;0.61838;0.620416;0.622452;0.624488;0.626524;0.62856;0.630596;0.632632;0.634668;0.636704;0.63874;0.640776;0.642812;0.644848;0.646884;0.64892;0.650956;0.652992;0.655028;0.657064;0.6591;0.661136;0.663172;0.665208;0.667244;0.66928;0.671316;0.673352;0.675388;0.677424;0.67946;0.681496;0.683532;0.685568;0.687604;0.68964;0.691676;0.693712;0.695748;0.697784;0.69982;0.701856;0.703892;0.705928;0.707964;0.71
520;0.71;0.6082;0.610236;0.612272;0.614308;0.616344;0.61838;0.620416;0.622452;0.624488;0.626524;0.62856;0.630596;0.632632;0.634668;0.636704;0.63874;0.640776;0.642812;0.644848;0.646884;0.64892;0.650956;0.652992;0.655028;0.657064;0.6591;0.661136;0.663172;0.665208;0.667244;0.66928;0.671316;0.673352;0.675388;0.677424;0.67946;0.681496;0.683532;0.685568;0.687604;0.68964;0.691676;0.693712;0.695748;0.697784;0.69982;0.701856;0.703892;0.705928;0.707964;0.71;0.711664;0.713328;0.714992;0.716656;0.71832;0.719984;0.721648;0.723312;0.724976;0.72664;0.728304;0.729968;0.731632;0.733296;0.73496;0.736624;0.738288;0.739952;0.741616;0.74328;0.744944;0.746608;0.748272;0.749936;0.7516;0.753264;0.754928;0.756592;0.758256;0.75992;0.761584;0.763248;0.764912;0.766576;0.76824;0.769904;0.771568;0.773232;0.774896;0.77656;0.778224;0.779888;0.781552;0.783216;0.78488;0.786544;0.788208;0.789872;0.791536;0.7932
525;0.7932;0.71;0.711664;0.713328;0.714992;0.716656;0.71832;0.719984;0.721648;0.723312;0.724976;0.72664;0.728304;0.729968;0.731632;0.733296;0.73496;0.736624;0.738288;0.739952;0.741616;0.74328;0.744944;0.746608;0.748272;0.749936;0.7516;0.753264;0.754928;0.756592;0.758256;0.75992;0.761584;0.763248;0.764912;0.766576;0.76824;0.769904;0.771568;0.773232;0.774896;0.77656;0.778224;0.779888;0.781552;0.783216;0.78488;0.786544;0.788208;0.789872;0.791536;0.7932;0.794576;0.795952;0.797328;0.798704;0.80008;0.801456;0.802832;0.804208;0.805584;0.80696;0.808336;0.809712;0.811088;0.812464;0.81384;0.815216;0.816592;0.817968;0.819344;0.82072;0.822096;0.823472;0.824848;0.826224;0.8276;0.828976;0.830352;0.831728;0.833104;0.83448;0.835856;0.837232;0.838608;0.839984;0.84136;0.842736;0.844112;0.845488;0.846864;0.84824;0.849616;0.850992;0.852368;0.853744;0.85512;0.856496;0.857872;0.859248;0.860624;0.862
530;0.862;0.7932;0.794576;0.795952;0.797328;0.798704;0.80008;0.801456;0.802832;0.804208;0.805584;0.80696;0.808336;0.809712;0.811088;0.812464;0.81384;0.815216;0.816592;0.817968;0.819344;0.82072;0.822096;0.823472;0.824848;0.826224;0.8276;0.828976;0.830352;0.831728;0.833104;0.83448;0.835856;0.837232;0.838608;0.839984;0.84136;0.842736;0.844112;0.845488;0.846864;0.84824;0.849616;0.850992;0.852368;0.853744;0.85512;0.856496;0.857872;0.859248;0.860624;0.862;0.863057002;0.864114004;0.865171006;0.866228008;0.86728501;0.868342012;0.869399014;0.870456016;0.871513018;0.87257002;0.873627022;0.874684024;0.875741026;0.876798028;0.87785503;0.878912032;0.879969034;0.881026036;0.882083038;0.88314004;0.884197042;0.885254044;0.886311046;0.887368048;0.88842505;0.889482052;0.890539054;0.891596056;0.892653058;0.89371006;0.894767062;0.895824064;0.896881066;0.897938068;0.89899507;0.900052072;0.901109074;0.902166076;0.903223078;0.90428008;0.905337082;0.906394084;0.907451086;0.908508088;0.90956509;0.910622092;0.911679094;0.912736096;0.913793098;0.9148501
535;0.9148501;0.862;0.863057002;0.864114004;0.865171006;0.866228008;0.86728501;0.868342012;0.869399014;0.870456016;0.871513018;0.87257002;0.873627022;0.874684024;0.875741026;0.876798028;0.87785503;0.878912032;0.879969034;0.881026036;0.882083038;0.88314004;0.884197042;0.885254044;0.886311046;0.887368048;0.88842505;0.889482052;0.890539054;0.891596056;0.892653058;0.89371006;0.894767062;0.895824064;0.896881066;0.897938068;0.89899507;0.900052072;0.901109074;0.902166076;0.903223078;0.90428008;0.905337082;0.906394084;0.907451086;0.908508088;0.90956509;0.910622092;0.911679094;0.912736096;0.913793098;0.9148501;0.915633098;0.916416096;0.917199094;0.917982092;0.91876509;0.919548088;0.920331086;0.921114084;0.921897082;0.92268008;0.923463078;0.924246076;0.925029074;0.925812072;0.92659507;0.927378068;0.928161066;0.928944064;0.929727062;0.93051006;0.931293058;0.932076056;0.932859054;0.933642052;0.93442505;0.935208048;0.935991046;0.936774044;0.937557042;0.93834004;0.939123038;0.939906036;0.940689034;0.941472032;0.94225503;0.943038028;0.943821026;0.944604024;0.945387022;0.94617002;0.946953018;0.947736016;0.948519014;0.949302012;0.95008501;0.950868008;0.951651006;0.952434004;0.953217002;0.954
540;0.954;0.9148501;0.915633098;0.916416096;0.917199094;0.917982092;0.91876509;0.919548088;0.920331086;0.921114084;0.921897082;0.92268008;0.923463078;0.924246076;0.925029074;0.925812072;0.92659507;0.927378068;0.928161066;0.928944064;0.929727062;0.93051006;0.931293058;0.932076056;0.932859054;0.933642052;0.93442505;0.935208048;0.935991046;0.936774044;0.937557042;0.93834004;0.939123038;0.939906036;0.940689034;0.941472032;0.94225503;0.943038028;0.943821026;0.944604024;0.945387022;0.94617002;0.946953018;0.947736016;0.948519014;0.949302012;0.95008501;0.950868008;0.951651006;0.952434004;0.953217002;0.954;0.954526;0.955052;0.955578;0.956104;0.95663;0.957156;0.957682;0.958208;0.958734;0.95926;0.959786;0.960312;0.960838;0.961364;0.96189;0.962416;0.962942;0.963468;0.963994;0.96452;0.965046;0.965572;0.966098;0.966624;0.96715;0.967676;0.968202;0.968728;0.969254;0.96978;0.970306;0.970832;0.971358;0.971884;0.97241;0.972936;0.973462;0.973988;0.974514;0.97504;0.975566;0.976092;0.976618;0.977144;0.97767;0.978196;0.978722;0.979248;0.979774;0.9803
545;0.9803;0.954;0.954526;0.955052;0.955578;0.956104;0.95663;0.957156;0.957682;0.958208;0.958734;0.95926;0.959786;0.960312;0.960838;0.961364;0.96189;0.962416;0.962942;0.963468;0.963994;0.96452;0.965046;0.965572;0.966098;0.966624;0.96715;0.967676;0.968202;0.968728;0.969254;0.96978;0.970306;0.970832;0.971358;0.971884;0.97241;0.972936;0.973462;0.973988;0.974514;0.97504;0.975566;0.976092;0.976618;0.977144;0.97767;0.978196;0.978722;0.979248;0.979774;0.9803;0.980593002;0.980886004;0.981179006;0.981472008;0.98176501;0.982058012;0.982351014;0.982644016;0.982937018;0.98323002;0.983523022;0.983816024;0.984109026;0.984402028;0.98469503;0.984988032;0.985281034;0.985574036;0.985867038;0.98616004;0.986453042;0.986746044;0.987039046;0.987332048;0.98762505;0.987918052;0.988211054;0.988504056;0.988797058;0.98909006;0.989383062;0.989676064;0.989969066;0.990262068;0.99055507;0.990848072;0.991141074;0.991434076;0.991727078;0.99202008;0.992313082;0.992606084;0.992899086;0.993192088;0.99348509;0.993778092;0.994071094;0.994364096;0.994657098;0.9949501
550;0.9949501;0.9803;0.980593002;0.980886004;0.981179006;0.981472008;0.98176501;0.982058012;0.982351014;0.982644016;0.982937018;0.98323002;0.983523022;0.983816024;0.984109026;0.984402028;0.98469503;0.984988032;0.985281034;0.985574036;0.985867038;0.98616004;0.986453042;0.986746044;0.987039046;0.987332048;0.98762505;0.987918052;0.988211054;0.988504056;0.988797058;0.98909006;0.989383062;0.989676064;0.989969066;0.990262068;0.99055507;0.990848072;0.991141074;0.991434076;0.991727078;0.99202008;0.992313082;0.992606084;0.992899086;0.993192088;0.99348509;0.993778092;0.994071094;0.994364096;0.994657098;0.9949501;0.995051098;0.995152096;0.995253094;0.995354092;0.99545509;0.995556088;0.995657086;0.995758084;0.995859082;0.99596008;0.996061078;0.996162076;0.996263074;0.996364072;0.99646507;0.996566068;0.996667066;0.996768064;0.996869062;0.99697006;0.997071058;0.997172056;0.997273054;0.997374052;0.99747505;0.997576048;0.997677046;0.997778044;0.997879042;0.99798004;0.998081038;0.998182036;0.998283034;0.998384032;0.99848503;0.998586028;0.998687026;0.998788024;0.998889022;0.99899002;0.999091018;0.999192016;0.999293014;0.999394012;0.99949501;0.999596008;0.999697006;0.999798004;0.999899002;1
555;1;0.9949501;0.995051098;0.995152096;0.995253094;0.995354092;0.99545509;0.995556088;0.995657086;0.995758084;0.995859082;0.99596008;0.996061078;0.996162076;0.996263074;0.996364072;0.99646507;0.996566068;0.996667066;0.996768064;0.996869062;0.99697006;0.997071058;0.997172056;0.997273054;0.997374052;0.99747505;0.997576048;0.997677046;0.997778044;0.997879042;0.99798004;0.998081038;0.998182036;0.998283034;0.998384032;0.99848503;0.998586028;0.998687026;0.998788024;0.998889022;0.99899002;0.999091018;0.999192016;0.999293014;0.999394012;0.99949501;0.999596008;0.999697006;0.999798004;0.999899002;1;0.9999;0.9998;0.9997;0.9996;0.9995;0.9994;0.9993;0.9992;0.9991;0.999;0.9989;0.9988;0.9987;0.9986;0.9985;0.9984;0.9983;0.9982;0.9981;0.998;0.9979;0.9978;0.9977;0.9976;0.9975;0.9974;0.9973;0.9972;0.9971;0.997;0.9969;0.9968;0.9967;0.9966;0.9965;0.9964;0.9963;0.9962;0.9961;0.996;0.9959;0.9958;0.9957;0.9956;0.9955;0.9954;0.9953;0.9952;0.9951;0.995
560;0.995;1;0.9999;0.9998;0.9997;0.9996;0.9995;0.9994;0.9993;0.9992;0.9991;0.999;0.9989;0.9988;0.9987;0.9986;0.9985;0.9984;0.9983;0.9982;0.9981;0.998;0.9979;0.9978;0.9977;0.9976;0.9975;0.9974;0.9973;0.9972;0.9971;0.997;0.9969;0.9968;0.9967;0.9966;0.9965;0.9964;0.9963;0.9962;0.9961;0.996;0.9959;0.9958;0.9957;0.9956;0.9955;0.9954;0.9953;0.9952;0.9951;0.995;0.994672;0.994344;0.994016;0.993688;0.99336;0.993032;0.992704;0.992376;0.992048;0.99172;0.991392;0.991064;0.990736;0.990408;0.99008;0.989752;0.989424;0.989096;0.988768;0.98844;0.988112;0.987784;0.987456;0.987128;0.9868;0.986472;0.986144;0.985816;0.985488;0.98516;0.984832;0.984504;0.984176;0.983848;0.98352;0.983192;0.982864;0.982536;0.982208;0.98188;0.981552;0.981224;0.980896;0.980568;0.98024;0.979912;0.979584;0.979256;0.978928;0.9786
565;0.9786;0.995;0.994672;0.994344;0.994016;0.993688;0.99336;0.993032;0.992704;0.992376;0.992048;0.99172;0.991392;0.991064;0.990736;0.990408;0.99008;0.989752;0.989424;0.989096;0.988768;0.98844;0.988112;0.987784;0.987456;0.987128;0.9868;0.986472;0.986144;0.985816;0.985488;0.98516;0.984832;0.984504;0.984176;0.983848;0.98352;0.983192;0.982864;0.982536;0.982208;0.98188;0.981552;0.981224;0.980896;0.980568;0.98024;0.979912;0.979584;0.979256;0.978928;0.9786;0.978068;0.977536;0.977004;0.976472;0.97594;0.975408;0.974876;0.974344;0.973812;0.97328;0.972748;0.972216;0.971684;0.971152;0.97062;0.970088;0.969556;0.969024;0.968492;0.96796;0.967428;0.966896;0.966364;0.965832;0.9653;0.964768;0.964236;0.963704;0.963172;0.96264;0.962108;0.961576;0.961044;0.960512;0.95998;0.959448;0.958916;0.958384;0.957852;0.95732;0.956788;0.956256;0.955724;0.955192;0.95466;0.954128;0.953596;0.953064;0.952532;0.952
570;0.952;0.9786;0.978068;0.977536;0.977004;0.976472;0.97594;0.975408;0.974876;0.974344;0.973812;0.97328;0.972748;0.972216;0.971684;0.971152;0.97062;0.970088;0.969556;0.969024;0.968492;0.96796;0.967428;0.966896;0.966364;0.965832;0.9653;0.964768;0.964236;0.963704;0.963172;0.96264;0.962108;0.961576;0.961044;0.960512;0.95998;0.959448;0.958916;0.958384;0.957852;0.95732;0.956788;0.956256;0.955724;0.955192;0.95466;0.954128;0.953596;0.953064;0.952532;0.952;0.951268;0.950536;0.949804;0.949072;0.94834;0.947608;0.946876;0.946144;0.945412;0.94468;0.943948;0.943216;0.942484;0.941752;0.94102;0.940288;0.939556;0.938824;0.938092;0.93736;0.936628;0.935896;0.935164;0.934432;0.9337;0.932968;0.932236;0.931504;0.930772;0.93004;0.929308;0.928576;0.927844;0.927112;0.92638;0.925648;0.924916;0.924184;0.923452;0.92272;0.921988;0.921256;0.920524;0.919792;0.91906;0.918328;0.917596;0.916864;0.916132;0.9154
575;0.9154;0.952;0.951268;0.950536;0.949804;0.949072;0.94834;0.947608;0.946876;0.946144;0.945412;0.94468;0.943948;0.943216;0.942484;0.941752;0.94102;0.940288;0.939556;0.938824;0.938092;0.93736;0.936628;0.935896;0.935164;0.934432;0.9337;0.932968;0.932236;0.931504;0.930772;0.93004;0.929308;0.928576;0.927844;0.927112;0.92638;0.925648;0.924916;0.924184;0.923452;0.92272;0.921988;0.921256;0.920524;0.919792;0.91906;0.918328;0.917596;0.916864;0.916132;0.9154;0.914492;0.913584;0.912676;0.911768;0.91086;0.909952;0.909044;0.908136;0.907228;0.90632;0.905412;0.904504;0.903596;0.902688;0.90178;0.900872;0.899964;0.899056;0.898148;0.89724;0.896332;0.895424;0.894516;0.893608;0.8927;0.891792;0.890884;0.889976;0.889068;0.88816;0.887252;0.886344;0.885436;0.884528;0.88362;0.882712;0.881804;0.880896;0.879988;0.87908;0.878172;0.877264;0.876356;0.875448;0.87454;0.873632;0.872724;0.871816;0.870908;0.87
580;0.87;0.9154;0.914492;0.913584;0.912676;0.911768;0.91086;0.909952;0.909044;0.908136;0.907228;0.90632;0.905412;0.904504;0.903596;0.902688;0.90178;0.900872;0.899964;0.899056;0.898148;0.89724;0.896332;0.895424;0.894516;0.893608;0.8927;0.891792;0.890884;0.889976;0.889068;0.88816;0.887252;0.886344;0.885436;0.884528;0.88362;0.882712;0.881804;0.880896;0.879988;0.87908;0.878172;0.877264;0.876356;0.875448;0.87454;0.873632;0.872724;0.871816;0.870908;0.87;0.868926;0.867852;0.866778;0.865704;0.86463;0.863556;0.862482;0.861408;0.860334;0.85926;0.858186;0.857112;0.856038;0.854964;0.85389;0.852816;0.851742;0.850668;0.849594;0.84852;0.847446;0.846372;0.845298;0.844224;0.84315;0.842076;0.841002;0.839928;0.838854;0.83778;0.836706;0.835632;0.834558;0.833484;0.83241;0.831336;0.830262;0.829188;0.828114;0.82704;0.825966;0.824892;0.823818;0.822744;0.82167;0.820596;0.819522;0.818448;0.817374;0.8163
585;0.8163;0.87;0.868926;0.867852;0.866778;0.865704;0.86463;0.863556;0.862482;0.861408;0.860334;0.85926;0.858186;0.857112;0.856038;0.854964;0.85389;0.852816;0.851742;0.850668;0.849594;0.84852;0.847446;0.846372;0.845298;0.844224;0.84315;0.842076;0.841002;0.839928;0.838854;0.83778;0.836706;0.835632;0.834558;0.833484;0.83241;0.831336;0.830262;0.829188;0.828114;0.82704;0.825966;0.824892;0.823818;0.822744;0.82167;0.820596;0.819522;0.818448;0.817374;0.8163;0.815114;0.813928;0.812742;0.811556;0.81037;0.809184;0.807998;0.806812;0.805626;0.80444;0.803254;0.802068;0.800882;0.799696;0.79851;0.797324;0.796138;0.794952;0.793766;0.79258;0.791394;0.790208;0.789022;0.787836;0.78665;0.785464;0.784278;0.783092;0.781906;0.78072;0.779534;0.778348;0.777162;0.775976;0.77479;0.773604;0.772418;0.771232;0.770046;0.76886;0.767674;0.766488;0.765302;0.764116;0.76293;0.761744;0.760558;0.759372;0.758186;0.757
590;0.757;0.8163;0.815114;0.813928;0.812742;0.811556;0.81037;0.809184;0.807998;0.806812;0.805626;0.80444;0.803254;0.802068;0.800882;0.799696;0.79851;0.797324;0.796138;0.794952;0.793766;0.79258;0.791394;0.790208;0.789022;0.787836;0.78665;0.785464;0.784278;0.783092;0.781906;0.78072;0.779534;0.778348;0.777162;0.775976;0.77479;0.773604;0.772418;0.771232;0.770046;0.76886;0.767674;0.766488;0.765302;0.764116;0.76293;0.761744;0.760558;0.759372;0.758186;0.757;0.755758;0.754516;0.753274;0.752032;0.75079;0.749548;0.748306;0.747064;0.745822;0.74458;0.743338;0.742096;0.740854;0.739612;0.73837;0.737128;0.735886;0.734644;0.733402;0.73216;0.730918;0.729676;0.728434;0.727192;0.72595;0.724708;0.723466;0.722224;0.720982;0.71974;0.718498;0.717256;0.716014;0.714772;0.71353;0.712288;0.711046;0.709804;0.708562;0.70732;0.706078;0.704836;0.703594;0.702352;0.70111;0.699868;0.698626;0.697384;0.696142;0.6949
595;0.6949;0.757;0.755758;0.754516;0.753274;0.752032;0.75079;0.749548;0.748306;0.747064;0.745822;0.74458;0.743338;0.742096;0.740854;0.739612;0.73837;0.737128;0.735886;0.734644;0.733402;0.73216;0.730918;0.729676;0.728434;0.727192;0.72595;0.724708;0.723466;0.722224;0.720982;0.71974;0.718498;0.717256;0.716014;0.714772;0.71353;0.712288;0.711046;0.709804;0.708562;0.70732;0.706078;0.704836;0.703594;0.702352;0.70111;0.699868;0.698626;0.697384;0.696142;0.6949;0.693622;0.692344;0.691066;0.689788;0.68851;0.687232;0.685954;0.684676;0.683398;0.68212;0.680842;0.679564;0.678286;0.677008;0.67573;0.674452;0.673174;0.671896;0.670618;0.66934;0.668062;0.666784;0.665506;0.664228;0.66295;0.661672;0.660394;0.659116;0.657838;0.65656;0.655282;0.654004;0.652726;0.651448;0.65017;0.648892;0.647614;0.646336;0.645058;0.64378;0.642502;0.641224;0.639946;0.638668;0.63739;0.636112;0.634834;0.633556;0.632278;0.631
600;0.631;0.6949;0.693622;0.692344;0.691066;0.689788;0.68851;0.687232;0.685954;0.684676;0.683398;0.68212;0.680842;0.679564;0.678286;0.677008;0.67573;0.674452;0.673174;0.671896;0.670618;0.66934;0.668062;0.666784;0.665506;0.664228;0.66295;0.661672;0.660394;0.659116;0.657838;0.65656;0.655282;0.654004;0.652726;0.651448;0.65017;0.648892;0.647614;0.646336;0.645058;0.64378;0.642502;0.641224;0.639946;0.638668;0.63739;0.636112;0.634834;0.633556;0.632278;0.631;0.629716;0.628432;0.627148;0.625864;0.62458;0.623296;0.622012;0.620728;0.619444;0.61816;0.616876;0.615592;0.614308;0.613024;0.61174;0.610456;0.609172;0.607888;0.606604;0.60532;0.604036;0.602752;0.601468;0.600184;0.5989;0.597616;0.596332;0.595048;0.593764;0.59248;0.591196;0.589912;0.588628;0.587344;0.58606;0.584776;0.583492;0.582208;0.580924;0.57964;0.578356;0.577072;0.575788;0.574504;0.57322;0.571936;0.570652;0.569368;0.568084;0.5668
605;0.5668;0.631;0.629716;0.628432;0.627148;0.625864;0.62458;0.623296;0.622012;0.620728;0.619444;0.61816;0.616876;0.615592;0.614308;0.613024;0.61174;0.610456;0.609172;0.607888;0.606604;0.60532;0.604036;0.602752;0.601468;0.600184;0.5989;0.597616;0.596332;0.595048;0.593764;0.59248;0.591196;0.589912;0.588628;0.587344;0.58606;0.584776;0.583492;0.582208;0.580924;0.57964;0.578356;0.577072;0.575788;0.574504;0.57322;0.571936;0.570652;0.569368;0.568084;0.5668;0.565524;0.564248;0.562972;0.561696;0.56042;0.559144;0.557868;0.556592;0.555316;0.55404;0.552764;0.551488;0.550212;0.548936;0.54766;0.546384;0.545108;0.543832;0.542556;0.54128;0.540004;0.538728;0.537452;0.536176;0.5349;0.533624;0.532348;0.531072;0.529796;0.52852;0.527244;0.525968;0.524692;0.523416;0.52214;0.520864;0.519588;0.518312;0.517036;0.51576;0.514484;0.513208;0.511932;0.510656;0.50938;0.508104;0.506828;0.505552;0.504276;0.503
610;0.503;0.5668;0.565524;0.564248;0.562972;0.561696;0.56042;0.559144;0.557868;0.556592;0.555316;0.55404;0.552764;0.551488;0.550212;0.548936;0.54766;0.546384;0.545108;0.543832;0.542556;0.54128;0.540004;0.538728;0.537452;0.536176;0.5349;0.533624;0.532348;0.531072;0.529796;0.52852;0.527244;0.525968;0.524692;0.523416;0.52214;0.520864;0.519588;0.518312;0.517036;0.51576;0.514484;0.513208;0.511932;0.510656;0.50938;0.508104;0.506828;0.505552;0.504276;0.503;0.501764;0.500528;0.499292;0.498056;0.49682;0.495584;0.494348;0.493112;0.491876;0.49064;0.489404;0.488168;0.486932;0.485696;0.48446;0.483224;0.481988;0.480752;0.479516;0.47828;0.477044;0.475808;0.474572;0.473336;0.4721;0.470864;0.469628;0.468392;0.467156;0.46592;0.464684;0.463448;0.462212;0.460976;0.45974;0.458504;0.457268;0.456032;0.454796;0.45356;0.452324;0.451088;0.449852;0.448616;0.44738;0.446144;0.444908;0.443672;0.442436;0.4412
615;0.4412;0.503;0.501764;0.500528;0.499292;0.498056;0.49682;0.495584;0.494348;0.493112;0.491876;0.49064;0.489404;0.488168;0.486932;0.485696;0.48446;0.483224;0.481988;0.480752;0.479516;0.47828;0.477044;0.475808;0.474572;0.473336;0.4721;0.470864;0.469628;0.468392;0.467156;0.46592;0.464684;0.463448;0.462212;0.460976;0.45974;0.458504;0.457268;0.456032;0.454796;0.45356;0.452324;0.451088;0.449852;0.448616;0.44738;0.446144;0.444908;0.443672;0.442436;0.4412;0.439996;0.438792;0.437588;0.436384;0.43518;0.433976;0.432772;0.431568;0.430364;0.42916;0.427956;0.426752;0.425548;0.424344;0.42314;0.421936;0.420732;0.419528;0.418324;0.41712;0.415916;0.414712;0.413508;0.412304;0.4111;0.409896;0.408692;0.407488;0.406284;0.40508;0.403876;0.402672;0.401468;0.400264;0.39906;0.397856;0.396652;0.395448;0.394244;0.39304;0.391836;0.390632;0.389428;0.388224;0.38702;0.385816;0.384612;0.383408;0.382204;0.381
620;0.381;0.4412;0.439996;0.438792;0.437588;0.436384;0.43518;0.433976;0.432772;0.431568;0.430364;0.42916;0.427956;0.426752;0.425548;0.424344;0.42314;0.421936;0.420732;0.419528;0.418324;0.41712;0.415916;0.414712;0.413508;0.412304;0.4111;0.409896;0.408692;0.407488;0.406284;0.40508;0.403876;0.402672;0.401468;0.400264;0.39906;0.397856;0.396652;0.395448;0.394244;0.39304;0.391836;0.390632;0.389428;0.388224;0.38702;0.385816;0.384612;0.383408;0.382204;0.381;0.3798;0.3786;0.3774;0.3762;0.375;0.3738;0.3726;0.3714;0.3702;0.369;0.3678;0.3666;0.3654;0.3642;0.363;0.3618;0.3606;0.3594;0.3582;0.357;0.3558;0.3546;0.3534;0.3522;0.351;0.3498;0.3486;0.3474;0.3462;0.345;0.3438;0.3426;0.3414;0.3402;0.339;0.3378;0.3366;0.3354;0.3342;0.333;0.3318;0.3306;0.3294;0.3282;0.327;0.3258;0.3246;0.3234;0.3222;0.321
625;0.321;0.381;0.3798;0.3786;0.3774;0.3762;0.375;0.3738;0.3726;0.3714;0.3702;0.369;0.3678;0.3666;0.3654;0.3642;0.363;0.3618;0.3606;0.3594;0.3582;0.357;0.3558;0.3546;0.3534;0.3522;0.351;0.3498;0.3486;0.3474;0.3462;0.345;0.3438;0.3426;0.3414;0.3402;0.339;0.3378;0.3366;0.3354;0.3342;0.333;0.3318;0.3306;0.3294;0.3282;0.327;0.3258;0.3246;0.3234;0.3222;0.321;0.31988;0.31876;0.31764;0.31652;0.3154;0.31428;0.31316;0.31204;0.31092;0.3098;0.30868;0.30756;0.30644;0.30532;0.3042;0.30308;0.30196;0.30084;0.29972;0.2986;0.29748;0.29636;0.29524;0.29412;0.293;0.29188;0.29076;0.28964;0.28852;0.2874;0.28628;0.28516;0.28404;0.28292;0.2818;0.28068;0.27956;0.27844;0.27732;0.2762;0.27508;0.27396;0.27284;0.27172;0.2706;0.26948;0.26836;0.26724;0.26612;0.265
630;0.265;0.321;0.31988;0.31876;0.31764;0.31652;0.3154;0.31428;0.31316;0.31204;0.31092;0.3098;0.30868;0.30756;0.30644;0.30532;0.3042;0.30308;0.30196;0.30084;0.29972;0.2986;0.29748;0.29636;0.29524;0.29412;0.293;0.29188;0.29076;0.28964;0.28852;0.2874;0.28628;0.28516;0.28404;0.28292;0.2818;0.28068;0.27956;0.27844;0.27732;0.2762;0.27508;0.27396;0.27284;0.27172;0.2706;0.26948;0.26836;0.26724;0.26612;0.265;0.26404;0.26308;0.26212;0.26116;0.2602;0.25924;0.25828;0.25732;0.25636;0.2554;0.25444;0.25348;0.25252;0.25156;0.2506;0.24964;0.24868;0.24772;0.24676;0.2458;0.24484;0.24388;0.24292;0.24196;0.241;0.24004;0.23908;0.23812;0.23716;0.2362;0.23524;0.23428;0.23332;0.23236;0.2314;0.23044;0.22948;0.22852;0.22756;0.2266;0.22564;0.22468;0.22372;0.22276;0.2218;0.22084;0.21988;0.21892;0.21796;0.217
635;0.217;0.265;0.26404;0.26308;0.26212;0.26116;0.2602;0.25924;0.25828;0.25732;0.25636;0.2554;0.25444;0.25348;0.25252;0.25156;0.2506;0.24964;0.24868;0.24772;0.24676;0.2458;0.24484;0.24388;0.24292;0.24196;0.241;0.24004;0.23908;0.23812;0.23716;0.2362;0.23524;0.23428;0.23332;0.23236;0.2314;0.23044;0.22948;0.22852;0.22756;0.2266;0.22564;0.22468;0.22372;0.22276;0.2218;0.22084;0.21988;0.21892;0.21796;0.217;0.21616;0.21532;0.21448;0.21364;0.2128;0.21196;0.21112;0.21028;0.20944;0.2086;0.20776;0.20692;0.20608;0.20524;0.2044;0.20356;0.20272;0.20188;0.20104;0.2002;0.19936;0.19852;0.19768;0.19684;0.196;0.19516;0.19432;0.19348;0.19264;0.1918;0.19096;0.19012;0.18928;0.18844;0.1876;0.18676;0.18592;0.18508;0.18424;0.1834;0.18256;0.18172;0.18088;0.18004;0.1792;0.17836;0.17752;0.17668;0.17584;0.175
640;0.175;0.217;0.21616;0.21532;0.21448;0.21364;0.2128;0.21196;0.21112;0.21028;0.20944;0.2086;0.20776;0.20692;0.20608;0.20524;0.2044;0.20356;0.20272;0.20188;0.20104;0.2002;0.19936;0.19852;0.19768;0.19684;0.196;0.19516;0.19432;0.19348;0.19264;0.1918;0.19096;0.19012;0.18928;0.18844;0.1876;0.18676;0.18592;0.18508;0.18424;0.1834;0.18256;0.18172;0.18088;0.18004;0.1792;0.17836;0.17752;0.17668;0.17584;0.175;0.174264;0.173528;0.172792;0.172056;0.17132;0.170584;0.169848;0.169112;0.168376;0.16764;0.166904;0.166168;0.165432;0.164696;0.16396;0.163224;0.162488;0.161752;0.161016;0.16028;0.159544;0.158808;0.158072;0.157336;0.1566;0.155864;0.155128;0.154392;0.153656;0.15292;0.152184;0.151448;0.150712;0.149976;0.14924;0.148504;0.147768;0.147032;0.146296;0.14556;0.144824;0.144088;0.143352;0.142616;0.14188;0.141144;0.140408;0.139672;0.138936;0.1382
645;0.1382;0.175;0.174264;0.173528;0.172792;0.172056;0.17132;0.170584;0.169848;0.169112;0.168376;0.16764;0.166904;0.166168;0.165432;0.164696;0.16396;0.163224;0.162488;0.161752;0.161016;0.16028;0.159544;0.158808;0.158072;0.157336;0.1566;0.155864;0.155128;0.154392;0.153656;0.15292;0.152184;0.151448;0.150712;0.149976;0.14924;0.148504;0.147768;0.147032;0.146296;0.14556;0.144824;0.144088;0.143352;0.142616;0.14188;0.141144;0.140408;0.139672;0.138936;0.1382;0.137576;0.136952;0.136328;0.135704;0.13508;0.134456;0.133832;0.133208;0.132584;0.13196;0.131336;0.130712;0.130088;0.129464;0.12884;0.128216;0.127592;0.126968;0.126344;0.12572;0.125096;0.124472;0.123848;0.123224;0.1226;0.121976;0.121352;0.120728;0.120104;0.11948;0.118856;0.118232;0.117608;0.116984;0.11636;0.115736;0.115112;0.114488;0.113864;0.11324;0.112616;0.111992;0.111368;0.110744;0.11012;0.109496;0.108872;0.108248;0.107624;0.107
650;0.107;0.1382;0.137576;0.136952;0.136328;0.135704;0.13508;0.134456;0.133832;0.133208;0.132584;0.13196;0.131336;0.130712;0.130088;0.129464;0.12884;0.128216;0.127592;0.126968;0.126344;0.12572;0.125096;0.124472;0.123848;0.123224;0.1226;0.121976;0.121352;0.120728;0.120104;0.11948;0.118856;0.118232;0.117608;0.116984;0.11636;0.115736;0.115112;0.114488;0.113864;0.11324;0.112616;0.111992;0.111368;0.110744;0.11012;0.109496;0.108872;0.108248;0.107624;0.107;0.106492;0.105984;0.105476;0.104968;0.10446;0.103952;0.103444;0.102936;0.102428;0.10192;0.101412;0.100904;0.100396;0.099888;0.09938;0.098872;0.098364;0.097856;0.097348;0.09684;0.096332;0.095824;0.095316;0.094808;0.0943;0.093792;0.093284;0.092776;0.092268;0.09176;0.091252;0.090744;0.090236;0.089728;0.08922;0.088712;0.088204;0.087696;0.087188;0.08668;0.086172;0.085664;0.085156;0.084648;0.08414;0.083632;0.083124;0.082616;0.082108;0.0816
655;0.0816;0.107;0.106492;0.105984;0.105476;0.104968;0.10446;0.103952;0.103444;0.102936;0.102428;0.10192;0.101412;0.100904;0.100396;0.099888;0.09938;0.098872;0.098364;0.097856;0.097348;0.09684;0.096332;0.095824;0.095316;0.094808;0.0943;0.093792;0.093284;0.092776;0.092268;0.09176;0.091252;0.090744;0.090236;0.089728;0.08922;0.088712;0.088204;0.087696;0.087188;0.08668;0.086172;0.085664;0.085156;0.084648;0.08414;0.083632;0.083124;0.082616;0.082108;0.0816;0.081188;0.080776;0.080364;0.079952;0.07954;0.079128;0.078716;0.078304;0.077892;0.07748;0.077068;0.076656;0.076244;0.075832;0.07542;0.075008;0.074596;0.074184;0.073772;0.07336;0.072948;0.072536;0.072124;0.071712;0.0713;0.070888;0.070476;0.070064;0.069652;0.06924;0.068828;0.068416;0.068004;0.067592;0.06718;0.066768;0.066356;0.065944;0.065532;0.06512;0.064708;0.064296;0.063884;0.063472;0.06306;0.062648;0.062236;0.061824;0.061412;0.061
660;0.061;0.0816;0.081188;0.080776;0.080364;0.079952;0.07954;0.079128;0.078716;0.078304;0.077892;0.07748;0.077068;0.076656;0.076244;0.075832;0.07542;0.075008;0.074596;0.074184;0.073772;0.07336;0.072948;0.072536;0.072124;0.071712;0.0713;0.070888;0.070476;0.070064;0.069652;0.06924;0.068828;0.068416;0.068004;0.067592;0.06718;0.066768;0.066356;0.065944;0.065532;0.06512;0.064708;0.064296;0.063884;0.063472;0.06306;0.062648;0.062236;0.061824;0.061412;0.061;0.0606716;0.0603432;0.0600148;0.0596864;0.059358;0.0590296;0.0587012;0.0583728;0.0580444;0.057716;0.0573876;0.0570592;0.0567308;0.0564024;0.056074;0.0557456;0.0554172;0.0550888;0.0547604;0.054432;0.0541036;0.0537752;0.0534468;0.0531184;0.05279;0.0524616;0.0521332;0.0518048;0.0514764;0.051148;0.0508196;0.0504912;0.0501628;0.0498344;0.049506;0.0491776;0.0488492;0.0485208;0.0481924;0.047864;0.0475356;0.0472072;0.0468788;0.0465504;0.046222;0.0458936;0.0455652;0.0452368;0.0449084;0.04458
665;0.04458;0.061;0.0606716;0.0603432;0.0600148;0.0596864;0.059358;0.0590296;0.0587012;0.0583728;0.0580444;0.057716;0.0573876;0.0570592;0.0567308;0.0564024;0.056074;0.0557456;0.0554172;0.0550888;0.0547604;0.054432;0.0541036;0.0537752;0.0534468;0.0531184;0.05279;0.0524616;0.0521332;0.0518048;0.0514764;0.051148;0.0508196;0.0504912;0.0501628;0.0498344;0.049506;0.0491776;0.0488492;0.0485208;0.0481924;0.047864;0.0475356;0.0472072;0.0468788;0.0465504;0.046222;0.0458936;0.0455652;0.0452368;0.0449084;0.04458;0.0443284;0.0440768;0.0438252;0.0435736;0.043322;0.0430704;0.0428188;0.0425672;0.0423156;0.042064;0.0418124;0.0415608;0.0413092;0.0410576;0.040806;0.0405544;0.0403028;0.0400512;0.0397996;0.039548;0.0392964;0.0390448;0.0387932;0.0385416;0.03829;0.0380384;0.0377868;0.0375352;0.0372836;0.037032;0.0367804;0.0365288;0.0362772;0.0360256;0.035774;0.0355224;0.0352708;0.0350192;0.0347676;0.034516;0.0342644;0.0340128;0.0337612;0.0335096;0.033258;0.0330064;0.0327548;0.0325032;0.0322516;0.032
670;0.032;0.04458;0.0443284;0.0440768;0.0438252;0.0435736;0.043322;0.0430704;0.0428188;0.0425672;0.0423156;0.042064;0.0418124;0.0415608;0.0413092;0.0410576;0.040806;0.0405544;0.0403028;0.0400512;0.0397996;0.039548;0.0392964;0.0390448;0.0387932;0.0385416;0.03829;0.0380384;0.0377868;0.0375352;0.0372836;0.037032;0.0367804;0.0365288;0.0362772;0.0360256;0.035774;0.0355224;0.0352708;0.0350192;0.0347676;0.034516;0.0342644;0.0340128;0.0337612;0.0335096;0.033258;0.0330064;0.0327548;0.0325032;0.0322516;0.032;0.031824;0.031648;0.031472;0.031296;0.03112;0.030944;0.030768;0.030592;0.030416;0.03024;0.030064;0.029888;0.029712;0.029536;0.02936;0.029184;0.029008;0.028832;0.028656;0.02848;0.028304;0.028128;0.027952;0.027776;0.0276;0.027424;0.027248;0.027072;0.026896;0.02672;0.026544;0.026368;0.026192;0.026016;0.02584;0.025664;0.025488;0.025312;0.025136;0.02496;0.024784;0.024608;0.024432;0.024256;0.02408;0.023904;0.023728;0.023552;0.023376;0.0232
675;0.0232;0.032;0.031824;0.031648;0.031472;0.031296;0.03112;0.030944;0.030768;0.030592;0.030416;0.03024;0.030064;0.029888;0.029712;0.029536;0.02936;0.029184;0.029008;0.028832;0.028656;0.02848;0.028304;0.028128;0.027952;0.027776;0.0276;0.027424;0.027248;0.027072;0.026896;0.02672;0.026544;0.026368;0.026192;0.026016;0.02584;0.025664;0.025488;0.025312;0.025136;0.02496;0.024784;0.024608;0.024432;0.024256;0.02408;0.023904;0.023728;0.023552;0.023376;0.0232;0.023076;0.022952;0.022828;0.022704;0.02258;0.022456;0.022332;0.022208;0.022084;0.02196;0.021836;0.021712;0.021588;0.021464;0.02134;0.021216;0.021092;0.020968;0.020844;0.02072;0.020596;0.020472;0.020348;0.020224;0.0201;0.019976;0.019852;0.019728;0.019604;0.01948;0.019356;0.019232;0.019108;0.018984;0.01886;0.018736;0.018612;0.018488;0.018364;0.01824;0.018116;0.017992;0.017868;0.017744;0.01762;0.017496;0.017372;0.017248;0.017124;0.017
680;0.017;0.0232;0.023076;0.022952;0.022828;0.022704;0.02258;0.022456;0.022332;0.022208;0.022084;0.02196;0.021836;0.021712;0.021588;0.021464;0.02134;0.021216;0.021092;0.020968;0.020844;0.02072;0.020596;0.020472;0.020348;0.020224;0.0201;0.019976;0.019852;0.019728;0.019604;0.01948;0.019356;0.019232;0.019108;0.018984;0.01886;0.018736;0.018612;0.018488;0.018364;0.01824;0.018116;0.017992;0.017868;0.017744;0.01762;0.017496;0.017372;0.017248;0.017124;0.017;0.0168984;0.0167968;0.0166952;0.0165936;0.016492;0.0163904;0.0162888;0.0161872;0.0160856;0.015984;0.0158824;0.0157808;0.0156792;0.0155776;0.015476;0.0153744;0.0152728;0.0151712;0.0150696;0.014968;0.0148664;0.0147648;0.0146632;0.0145616;0.01446;0.0143584;0.0142568;0.0141552;0.0140536;0.013952;0.0138504;0.0137488;0.0136472;0.0135456;0.013444;0.0133424;0.0132408;0.0131392;0.0130376;0.012936;0.0128344;0.0127328;0.0126312;0.0125296;0.012428;0.0123264;0.0122248;0.0121232;0.0120216;0.01192
685;0.01192;0.017;0.0168984;0.0167968;0.0166952;0.0165936;0.016492;0.0163904;0.0162888;0.0161872;0.0160856;0.015984;0.0158824;0.0157808;0.0156792;0.0155776;0.015476;0.0153744;0.0152728;0.0151712;0.0150696;0.014968;0.0148664;0.0147648;0.0146632;0.0145616;0.01446;0.0143584;0.0142568;0.0141552;0.0140536;0.013952;0.0138504;0.0137488;0.0136472;0.0135456;0.013444;0.0133424;0.0132408;0.0131392;0.0130376;0.012936;0.0128344;0.0127328;0.0126312;0.0125296;0.012428;0.0123264;0.0122248;0.0121232;0.0120216;0.01192;0.0118458;0.0117716;0.0116974;0.0116232;0.011549;0.0114748;0.0114006;0.0113264;0.0112522;0.011178;0.0111038;0.0110296;0.0109554;0.0108812;0.010807;0.0107328;0.0106586;0.0105844;0.0105102;0.010436;0.0103618;0.0102876;0.0102134;0.0101392;0.010065;0.0099908;0.0099166;0.0098424;0.0097682;0.009694;0.0096198;0.0095456;0.0094714;0.0093972;0.009323;0.0092488;0.0091746;0.0091004;0.0090262;0.008952;0.0088778;0.0088036;0.0087294;0.0086552;0.008581;0.0085068;0.0084326;0.0083584;0.0082842;0.00821
690;0.00821;0.01192;0.0118458;0.0117716;0.0116974;0.0116232;0.011549;0.0114748;0.0114006;0.0113264;0.0112522;0.011178;0.0111038;0.0110296;0.0109554;0.0108812;0.010807;0.0107328;0.0106586;0.0105844;0.0105102;0.010436;0.0103618;0.0102876;0.0102134;0.0101392;0.010065;0.0099908;0.0099166;0.0098424;0.0097682;0.009694;0.0096198;0.0095456;0.0094714;0.0093972;0.009323;0.0092488;0.0091746;0.0091004;0.0090262;0.008952;0.0088778;0.0088036;0.0087294;0.0086552;0.008581;0.0085068;0.0084326;0.0083584;0.0082842;0.00821;0.00816026;0.00811052;0.00806078;0.00801104;0.0079613;0.00791156;0.00786182;0.00781208;0.00776234;0.0077126;0.00766286;0.00761312;0.00756338;0.00751364;0.0074639;0.00741416;0.00736442;0.00731468;0.00726494;0.0072152;0.00716546;0.00711572;0.00706598;0.00701624;0.0069665;0.00691676;0.00686702;0.00681728;0.00676754;0.0067178;0.00666806;0.00661832;0.00656858;0.00651884;0.0064691;0.00641936;0.00636962;0.00631988;0.00627014;0.0062204;0.00617066;0.00612092;0.00607118;0.00602144;0.0059717;0.00592196;0.00587222;0.00582248;0.00577274;0.005723
695;0.005723;0.00821;0.00816026;0.00811052;0.00806078;0.00801104;0.0079613;0.00791156;0.00786182;0.00781208;0.00776234;0.0077126;0.00766286;0.00761312;0.00756338;0.00751364;0.0074639;0.00741416;0.00736442;0.00731468;0.00726494;0.0072152;0.00716546;0.00711572;0.00706598;0.00701624;0.0069665;0.00691676;0.00686702;0.00681728;0.00676754;0.0067178;0.00666806;0.00661832;0.00656858;0.00651884;0.0064691;0.00641936;0.00636962;0.00631988;0.00627014;0.0062204;0.00617066;0.00612092;0.00607118;0.00602144;0.0059717;0.00592196;0.00587222;0.00582248;0.00577274;0.005723;0.00569058;0.00565816;0.00562574;0.00559332;0.0055609;0.00552848;0.00549606;0.00546364;0.00543122;0.0053988;0.00536638;0.00533396;0.00530154;0.00526912;0.0052367;0.00520428;0.00517186;0.00513944;0.00510702;0.0050746;0.00504218;0.00500976;0.00497734;0.00494492;0.0049125;0.00488008;0.00484766;0.00481524;0.00478282;0.0047504;0.00471798;0.00468556;0.00465314;0.00462072;0.0045883;0.00455588;0.00452346;0.00449104;0.00445862;0.0044262;0.00439378;0.00436136;0.00432894;0.00429652;0.0042641;0.00423168;0.00419926;0.00416684;0.00413442;0.004102
700;0.004102;0.005723;0.00569058;0.00565816;0.00562574;0.00559332;0.0055609;0.00552848;0.00549606;0.00546364;0.00543122;0.0053988;0.00536638;0.00533396;0.00530154;0.00526912;0.0052367;0.00520428;0.00517186;0.00513944;0.00510702;0.0050746;0.00504218;0.00500976;0.00497734;0.00494492;0.0049125;0.00488008;0.00484766;0.00481524;0.00478282;0.0047504;0.00471798;0.00468556;0.00465314;0.00462072;0.0045883;0.00455588;0.00452346;0.00449104;0.00445862;0.0044262;0.00439378;0.00436136;0.00432894;0.00429652;0.0042641;0.00423168;0.00419926;0.00416684;0.00413442;0.004102;0.00407854;0.00405508;0.00403162;0.00400816;0.0039847;0.00396124;0.00393778;0.00391432;0.00389086;0.0038674;0.00384394;0.00382048;0.00379702;0.00377356;0.0037501;0.00372664;0.00370318;0.00367972;0.00365626;0.0036328;0.00360934;0.00358588;0.00356242;0.00353896;0.0035155;0.00349204;0.00346858;0.00344512;0.00342166;0.0033982;0.00337474;0.00335128;0.00332782;0.00330436;0.0032809;0.00325744;0.00323398;0.00321052;0.00318706;0.0031636;0.00314014;0.00311668;0.00309322;0.00306976;0.0030463;0.00302284;0.00299938;0.00297592;0.00295246;0.002929
705;0.002929;0.004102;0.00407854;0.00405508;0.00403162;0.00400816;0.0039847;0.00396124;0.00393778;0.00391432;0.00389086;0.0038674;0.00384394;0.00382048;0.00379702;0.00377356;0.0037501;0.00372664;0.00370318;0.00367972;0.00365626;0.0036328;0.00360934;0.00358588;0.00356242;0.00353896;0.0035155;0.00349204;0.00346858;0.00344512;0.00342166;0.0033982;0.00337474;0.00335128;0.00332782;0.00330436;0.0032809;0.00325744;0.00323398;0.00321052;0.00318706;0.0031636;0.00314014;0.00311668;0.00309322;0.00306976;0.0030463;0.00302284;0.00299938;0.00297592;0.00295246;0.002929;0.00291224;0.00289548;0.00287872;0.00286196;0.0028452;0.00282844;0.00281168;0.00279492;0.00277816;0.0027614;0.00274464;0.00272788;0.00271112;0.00269436;0.0026776;0.00266084;0.00264408;0.00262732;0.00261056;0.0025938;0.00257704;0.00256028;0.00254352;0.00252676;0.00251;0.00249324;0.00247648;0.00245972;0.00244296;0.0024262;0.00240944;0.00239268;0.00237592;0.00235916;0.0023424;0.00232564;0.00230888;0.00229212;0.00227536;0.0022586;0.00224184;0.00222508;0.00220832;0.00219156;0.0021748;0.00215804;0.00214128;0.00212452;0.00210776;0.002091
710;0.002091;0.002929;0.00291224;0.00289548;0.00287872;0.00286196;0.0028452;0.00282844;0.00281168;0.00279492;0.00277816;0.0027614;0.00274464;0.00272788;0.00271112;0.00269436;0.0026776;0.00266084;0.00264408;0.00262732;0.00261056;0.0025938;0.00257704;0.00256028;0.00254352;0.00252676;0.00251;0.00249324;0.00247648;0.00245972;0.00244296;0.0024262;0.00240944;0.00239268;0.00237592;0.00235916;0.0023424;0.00232564;0.00230888;0.00229212;0.00227536;0.0022586;0.00224184;0.00222508;0.00220832;0.00219156;0.0021748;0.00215804;0.00214128;0.00212452;0.00210776;0.002091;0.00207886;0.00206672;0.00205458;0.00204244;0.0020303;0.00201816;0.00200602;0.00199388;0.00198174;0.0019696;0.00195746;0.00194532;0.00193318;0.00192104;0.0019089;0.00189676;0.00188462;0.00187248;0.00186034;0.0018482;0.00183606;0.00182392;0.00181178;0.00179964;0.0017875;0.00177536;0.00176322;0.00175108;0.00173894;0.0017268;0.00171466;0.00170252;0.00169038;0.00167824;0.0016661;0.00165396;0.00164182;0.00162968;0.00161754;0.0016054;0.00159326;0.00158112;0.00156898;0.00155684;0.0015447;0.00153256;0.00152042;0.00150828;0.00149614;0.001484
715;0.001484;0.002091;0.00207886;0.00206672;0.00205458;0.00204244;0.0020303;0.00201816;0.00200602;0.00199388;0.00198174;0.0019696;0.00195746;0.00194532;0.00193318;0.00192104;0.0019089;0.00189676;0.00188462;0.00187248;0.00186034;0.0018482;0.00183606;0.00182392;0.00181178;0.00179964;0.0017875;0.00177536;0.00176322;0.00175108;0.00173894;0.0017268;0.00171466;0.00170252;0.00169038;0.00167824;0.0016661;0.00165396;0.00164182;0.00162968;0.00161754;0.0016054;0.00159326;0.00158112;0.00156898;0.00155684;0.0015447;0.00153256;0.00152042;0.00150828;0.00149614;0.001484;0.00147526;0.00146652;0.00145778;0.00144904;0.0014403;0.00143156;0.00142282;0.00141408;0.00140534;0.0013966;0.00138786;0.00137912;0.00137038;0.00136164;0.0013529;0.00134416;0.00133542;0.00132668;0.00131794;0.0013092;0.00130046;0.00129172;0.00128298;0.00127424;0.0012655;0.00125676;0.00124802;0.00123928;0.00123054;0.0012218;0.00121306;0.00120432;0.00119558;0.00118684;0.0011781;0.00116936;0.00116062;0.00115188;0.00114314;0.0011344;0.00112566;0.00111692;0.00110818;0.00109944;0.0010907;0.00108196;0.00107322;0.00106448;0.00105574;0.001047
720;0.001047;0.001484;0.00147526;0.00146652;0.00145778;0.00144904;0.0014403;0.00143156;0.00142282;0.00141408;0.00140534;0.0013966;0.00138786;0.00137912;0.00137038;0.00136164;0.0013529;0.00134416;0.00133542;0.00132668;0.00131794;0.0013092;0.00130046;0.00129172;0.00128298;0.00127424;0.0012655;0.00125676;0.00124802;0.00123928;0.00123054;0.0012218;0.00121306;0.00120432;0.00119558;0.00118684;0.0011781;0.00116936;0.00116062;0.00115188;0.00114314;0.0011344;0.00112566;0.00111692;0.00110818;0.00109944;0.0010907;0.00108196;0.00107322;0.00106448;0.00105574;0.001047;0.00104086;0.00103472;0.00102858;0.00102244;0.0010163;0.00101016;0.00100402;0.00099788;0.00099174;0.0009856;0.00097946;0.00097332;0.00096718;0.00096104;0.0009549;0.00094876;0.00094262;0.00093648;0.00093034;0.0009242;0.00091806;0.00091192;0.00090578;0.00089964;0.0008935;0.00088736;0.00088122;0.00087508;0.00086894;0.0008628;0.00085666;0.00085052;0.00084438;0.00083824;0.0008321;0.00082596;0.00081982;0.00081368;0.00080754;0.0008014;0.00079526;0.00078912;0.00078298;0.00077684;0.0007707;0.00076456;0.00075842;0.00075228;0.00074614;0.00074
725;0.00074;0.001047;0.00104086;0.00103472;0.00102858;0.00102244;0.0010163;0.00101016;0.00100402;0.00099788;0.00099174;0.0009856;0.00097946;0.00097332;0.00096718;0.00096104;0.0009549;0.00094876;0.00094262;0.00093648;0.00093034;0.0009242;0.00091806;0.00091192;0.00090578;0.00089964;0.0008935;0.00088736;0.00088122;0.00087508;0.00086894;0.0008628;0.00085666;0.00085052;0.00084438;0.00083824;0.0008321;0.00082596;0.00081982;0.00081368;0.00080754;0.0008014;0.00079526;0.00078912;0.00078298;0.00077684;0.0007707;0.00076456;0.00075842;0.00075228;0.00074614;0.00074;0.0007356;0.0007312;0.0007268;0.0007224;0.000718;0.0007136;0.0007092;0.0007048;0.0007004;0.000696;0.0006916;0.0006872;0.0006828;0.0006784;0.000674;0.0006696;0.0006652;0.0006608;0.0006564;0.000652;0.0006476;0.0006432;0.0006388;0.0006344;0.00063;0.0006256;0.0006212;0.0006168;0.0006124;0.000608;0.0006036;0.0005992;0.0005948;0.0005904;0.000586;0.0005816;0.0005772;0.0005728;0.0005684;0.000564;0.0005596;0.0005552;0.0005508;0.0005464;0.000542;0.0005376;0.0005332;0.0005288;0.0005244;0.00052
730;0.00052;0.00074;0.0007356;0.0007312;0.0007268;0.0007224;0.000718;0.0007136;0.0007092;0.0007048;0.0007004;0.000696;0.0006916;0.0006872;0.0006828;0.0006784;0.000674;0.0006696;0.0006652;0.0006608;0.0006564;0.000652;0.0006476;0.0006432;0.0006388;0.0006344;0.00063;0.0006256;0.0006212;0.0006168;0.0006124;0.000608;0.0006036;0.0005992;0.0005948;0.0005904;0.000586;0.0005816;0.0005772;0.0005728;0.0005684;0.000564;0.0005596;0.0005552;0.0005508;0.0005464;0.000542;0.0005376;0.0005332;0.0005288;0.0005244;0.00052;0.000516822;0.000513644;0.000510466;0.000507288;0.00050411;0.000500932;0.000497754;0.000494576;0.000491398;0.00048822;0.000485042;0.000481864;0.000478686;0.000475508;0.00047233;0.000469152;0.000465974;0.000462796;0.000459618;0.00045644;0.000453262;0.000450084;0.000446906;0.000443728;0.00044055;0.000437372;0.000434194;0.000431016;0.000427838;0.00042466;0.000421482;0.000418304;0.000415126;0.000411948;0.00040877;0.000405592;0.000402414;0.000399236;0.000396058;0.00039288;0.000389702;0.000386524;0.000383346;0.000380168;0.00037699;0.000373812;0.000370634;0.000367456;0.000364278;0.0003611
735;0.0003611;0.00052;0.000516822;0.000513644;0.000510466;0.000507288;0.00050411;0.000500932;0.000497754;0.000494576;0.000491398;0.00048822;0.000485042;0.000481864;0.000478686;0.000475508;0.00047233;0.000469152;0.000465974;0.000462796;0.000459618;0.00045644;0.000453262;0.000450084;0.000446906;0.000443728;0.00044055;0.000437372;0.000434194;0.000431016;0.000427838;0.00042466;0.000421482;0.000418304;0.000415126;0.000411948;0.00040877;0.000405592;0.000402414;0.000399236;0.000396058;0.00039288;0.000389702;0.000386524;0.000383346;0.000380168;0.00037699;0.000373812;0.000370634;0.000367456;0.000364278;0.0003611;0.000358862;0.000356624;0.000354386;0.000352148;0.00034991;0.000347672;0.000345434;0.000343196;0.000340958;0.00033872;0.000336482;0.000334244;0.000332006;0.000329768;0.00032753;0.000325292;0.000323054;0.000320816;0.000318578;0.00031634;0.000314102;0.000311864;0.000309626;0.000307388;0.00030515;0.000302912;0.000300674;0.000298436;0.000296198;0.00029396;0.000291722;0.000289484;0.000287246;0.000285008;0.00028277;0.000280532;0.000278294;0.000276056;0.000273818;0.00027158;0.000269342;0.000267104;0.000264866;0.000262628;0.00026039;0.000258152;0.000255914;0.000253676;0.000251438;0.0002492
740;0.0002492;0.0003611;0.000358862;0.000356624;0.000354386;0.000352148;0.00034991;0.000347672;0.000345434;0.000343196;0.000340958;0.00033872;0.000336482;0.000334244;0.000332006;0.000329768;0.00032753;0.000325292;0.000323054;0.000320816;0.000318578;0.00031634;0.000314102;0.000311864;0.000309626;0.000307388;0.00030515;0.000302912;0.000300674;0.000298436;0.000296198;0.00029396;0.000291722;0.000289484;0.000287246;0.000285008;0.00028277;0.000280532;0.000278294;0.000276056;0.000273818;0.00027158;0.000269342;0.000267104;0.000264866;0.000262628;0.00026039;0.000258152;0.000255914;0.000253676;0.000251438;0.0002492;0.000247654;0.000246108;0.000244562;0.000243016;0.00024147;0.000239924;0.000238378;0.000236832;0.000235286;0.00023374;0.000232194;0.000230648;0.000229102;0.000227556;0.00022601;0.000224464;0.000222918;0.000221372;0.000219826;0.00021828;0.000216734;0.000215188;0.000213642;0.000212096;0.00021055;0.000209004;0.000207458;0.000205912;0.000204366;0.00020282;0.000201274;0.000199728;0.000198182;0.000196636;0.00019509;0.000193544;0.000191998;0.000190452;0.000188906;0.00018736;0.000185814;0.000184268;0.000182722;0.000181176;0.00017963;0.000178084;0.000176538;0.000174992;0.000173446;0.0001719
745;0.0001719;0.0002492;0.000247654;0.000246108;0.000244562;0.000243016;0.00024147;0.000239924;0.000238378;0.000236832;0.000235286;0.00023374;0.000232194;0.000230648;0.000229102;0.000227556;0.00022601;0.000224464;0.000222918;0.000221372;0.000219826;0.00021828;0.000216734;0.000215188;0.000213642;0.000212096;0.00021055;0.000209004;0.000207458;0.000205912;0.000204366;0.00020282;0.000201274;0.000199728;0.000198182;0.000196636;0.00019509;0.000193544;0.000191998;0.000190452;0.000188906;0.00018736;0.000185814;0.000184268;0.000182722;0.000181176;0.00017963;0.000178084;0.000176538;0.000174992;0.000173446;0.0001719;0.000170862;0.000169824;0.000168786;0.000167748;0.00016671;0.000165672;0.000164634;0.000163596;0.000162558;0.00016152;0.000160482;0.000159444;0.000158406;0.000157368;0.00015633;0.000155292;0.000154254;0.000153216;0.000152178;0.00015114;0.000150102;0.000149064;0.000148026;0.000146988;0.00014595;0.000144912;0.000143874;0.000142836;0.000141798;0.00014076;0.000139722;0.000138684;0.000137646;0.000136608;0.00013557;0.000134532;0.000133494;0.000132456;0.000131418;0.00013038;0.000129342;0.000128304;0.000127266;0.000126228;0.00012519;0.000124152;0.000123114;0.000122076;0.000121038;0.00012
750;0.00012;0.0001719;0.000170862;0.000169824;0.000168786;0.000167748;0.00016671;0.000165672;0.000164634;0.000163596;0.000162558;0.00016152;0.000160482;0.000159444;0.000158406;0.000157368;0.00015633;0.000155292;0.000154254;0.000153216;0.000152178;0.00015114;0.000150102;0.000149064;0.000148026;0.000146988;0.00014595;0.000144912;0.000143874;0.000142836;0.000141798;0.00014076;0.000139722;0.000138684;0.000137646;0.000136608;0.00013557;0.000134532;0.000133494;0.000132456;0.000131418;0.00013038;0.000129342;0.000128304;0.000127266;0.000126228;0.00012519;0.000124152;0.000123114;0.000122076;0.000121038;0.00012;0.000119296;0.000118592;0.000117888;0.000117184;0.00011648;0.000115776;0.000115072;0.000114368;0.000113664;0.00011296;0.000112256;0.000111552;0.000110848;0.000110144;0.00010944;0.000108736;0.000108032;0.000107328;0.000106624;0.00010592;0.000105216;0.000104512;0.000103808;0.000103104;0.0001024;0.000101696;0.000100992;0.000100288;9.9584E-05;0.00009888;9.8176E-05;9.7472E-05;9.6768E-05;9.6064E-05;0.00009536;9.4656E-05;9.3952E-05;9.3248E-05;9.2544E-05;0.00009184;9.1136E-05;9.0432E-05;8.9728E-05;8.9024E-05;0.00008832;8.7616E-05;8.6912E-05;8.6208E-05;8.5504E-05;0.0000848
755;0.0000848;0.00012;0.000119296;0.000118592;0.000117888;0.000117184;0.00011648;0.000115776;0.000115072;0.000114368;0.000113664;0.00011296;0.000112256;0.000111552;0.000110848;0.000110144;0.00010944;0.000108736;0.000108032;0.000107328;0.000106624;0.00010592;0.000105216;0.000104512;0.000103808;0.000103104;0.0001024;0.000101696;0.000100992;0.000100288;9.9584E-05;0.00009888;9.8176E-05;9.7472E-05;9.6768E-05;9.6064E-05;0.00009536;9.4656E-05;9.3952E-05;9.3248E-05;9.2544E-05;0.00009184;9.1136E-05;9.0432E-05;8.9728E-05;8.9024E-05;0.00008832;8.7616E-05;8.6912E-05;8.6208E-05;8.5504E-05;0.0000848;8.4304E-05;8.3808E-05;8.3312E-05;8.2816E-05;0.00008232;8.1824E-05;8.1328E-05;8.0832E-05;8.0336E-05;0.00007984;7.9344E-05;7.8848E-05;7.8352E-05;7.7856E-05;0.00007736;7.6864E-05;7.6368E-05;7.5872E-05;7.5376E-05;0.00007488;7.4384E-05;7.3888E-05;7.3392E-05;7.2896E-05;0.0000724;7.1904E-05;7.1408E-05;7.0912E-05;7.0416E-05;0.00006992;6.9424E-05;6.8928E-05;6.8432E-05;6.7936E-05;0.00006744;6.6944E-05;6.6448E-05;6.5952E-05;6.5456E-05;0.00006496;6.4464E-05;6.3968E-05;6.3472E-05;6.2976E-05;0.00006248;6.1984E-05;6.1488E-05;6.0992E-05;6.0496E-05;0.00006
760;0.00006;0.0000848;8.4304E-05;8.3808E-05;8.3312E-05;8.2816E-05;0.00008232;8.1824E-05;8.1328E-05;8.0832E-05;8.0336E-05;0.00007984;7.9344E-05;7.8848E-05;7.8352E-05;7.7856E-05;0.00007736;7.6864E-05;7.6368E-05;7.5872E-05;7.5376E-05;0.00007488;7.4384E-05;7.3888E-05;7.3392E-05;7.2896E-05;0.0000724;7.1904E-05;7.1408E-05;7.0912E-05;7.0416E-05;0.00006992;6.9424E-05;6.8928E-05;6.8432E-05;6.7936E-05;0.00006744;6.6944E-05;6.6448E-05;6.5952E-05;6.5456E-05;0.00006496;6.4464E-05;6.3968E-05;6.3472E-05;6.2976E-05;0.00006248;6.1984E-05;6.1488E-05;6.0992E-05;6.0496E-05;0.00006;5.9648E-05;5.9296E-05;5.8944E-05;5.8592E-05;0.00005824;5.7888E-05;5.7536E-05;5.7184E-05;5.6832E-05;0.00005648;5.6128E-05;5.5776E-05;5.5424E-05;5.5072E-05;0.00005472;5.4368E-05;5.4016E-05;5.3664E-05;5.3312E-05;0.00005296;5.2608E-05;5.2256E-05;5.1904E-05;5.1552E-05;0.0000512;5.0848E-05;5.0496E-05;5.0144E-05;4.9792E-05;0.00004944;4.9088E-05;4.8736E-05;4.8384E-05;4.8032E-05;0.00004768;4.7328E-05;4.6976E-05;4.6624E-05;4.6272E-05;0.00004592;4.5568E-05;4.5216E-05;4.4864E-05;4.4512E-05;0.00004416;4.3808E-05;4.3456E-05;4.3104E-05;4.2752E-05;0.0000424
765;0.0000424;0.00006;5.9648E-05;5.9296E-05;5.8944E-05;5.8592E-05;0.00005824;5.7888E-05;5.7536E-05;5.7184E-05;5.6832E-05;0.00005648;5.6128E-05;5.5776E-05;5.5424E-05;5.5072E-05;0.00005472;5.4368E-05;5.4016E-05;5.3664E-05;5.3312E-05;0.00005296;5.2608E-05;5.2256E-05;5.1904E-05;5.1552E-05;0.0000512;5.0848E-05;5.0496E-05;5.0144E-05;4.9792E-05;0.00004944;4.9088E-05;4.8736E-05;4.8384E-05;4.8032E-05;0.00004768;4.7328E-05;4.6976E-05;4.6624E-05;4.6272E-05;0.00004592;4.5568E-05;4.5216E-05;4.4864E-05;4.4512E-05;0.00004416;4.3808E-05;4.3456E-05;4.3104E-05;4.2752E-05;0.0000424;4.2152E-05;4.1904E-05;4.1656E-05;4.1408E-05;0.00004116;4.0912E-05;4.0664E-05;4.0416E-05;4.0168E-05;0.00003992;3.9672E-05;3.9424E-05;3.9176E-05;3.8928E-05;0.00003868;3.8432E-05;3.8184E-05;3.7936E-05;3.7688E-05;0.00003744;3.7192E-05;3.6944E-05;3.6696E-05;3.6448E-05;0.0000362;3.5952E-05;3.5704E-05;3.5456E-05;3.5208E-05;0.00003496;3.4712E-05;3.4464E-05;3.4216E-05;3.3968E-05;0.00003372;3.3472E-05;3.3224E-05;3.2976E-05;3.2728E-05;0.00003248;3.2232E-05;3.1984E-05;3.1736E-05;3.1488E-05;0.00003124;3.0992E-05;3.0744E-05;3.0496E-05;3.0248E-05;0.00003
770;0.00003;0.0000424;4.2152E-05;4.1904E-05;4.1656E-05;4.1408E-05;0.00004116;4.0912E-05;4.0664E-05;4.0416E-05;4.0168E-05;0.00003992;3.9672E-05;3.9424E-05;3.9176E-05;3.8928E-05;0.00003868;3.8432E-05;3.8184E-05;3.7936E-05;3.7688E-05;0.00003744;3.7192E-05;3.6944E-05;3.6696E-05;3.6448E-05;0.0000362;3.5952E-05;3.5704E-05;3.5456E-05;3.5208E-05;0.00003496;3.4712E-05;3.4464E-05;3.4216E-05;3.3968E-05;0.00003372;3.3472E-05;3.3224E-05;3.2976E-05;3.2728E-05;0.00003248;3.2232E-05;3.1984E-05;3.1736E-05;3.1488E-05;0.00003124;3.0992E-05;3.0744E-05;3.0496E-05;3.0248E-05;0.00003;0.000029824;2.9648E-05;2.9472E-05;0.000029296;0.00002912;0.000028944;2.8768E-05;2.8592E-05;0.000028416;0.00002824;0.000028064;2.7888E-05;2.7712E-05;0.000027536;0.00002736;0.000027184;2.7008E-05;2.6832E-05;0.000026656;0.00002648;0.000026304;2.6128E-05;2.5952E-05;0.000025776;0.0000256;0.000025424;2.5248E-05;2.5072E-05;0.000024896;0.00002472;0.000024544;2.4368E-05;2.4192E-05;0.000024016;0.00002384;0.000023664;2.3488E-05;2.3312E-05;0.000023136;0.00002296;0.000022784;2.2608E-05;2.2432E-05;0.000022256;0.00002208;0.000021904;2.1728E-05;2.1552E-05;0.000021376;0.0000212
775;0.0000212;0.00003;0.000029824;2.9648E-05;2.9472E-05;0.000029296;0.00002912;0.000028944;2.8768E-05;2.8592E-05;0.000028416;0.00002824;0.000028064;2.7888E-05;2.7712E-05;0.000027536;0.00002736;0.000027184;2.7008E-05;2.6832E-05;0.000026656;0.00002648;0.000026304;2.6128E-05;2.5952E-05;0.000025776;0.0000256;0.000025424;2.5248E-05;2.5072E-05;0.000024896;0.00002472;0.000024544;2.4368E-05;2.4192E-05;0.000024016;0.00002384;0.000023664;2.3488E-05;2.3312E-05;0.000023136;0.00002296;0.000022784;2.2608E-05;2.2432E-05;0.000022256;0.00002208;0.000021904;2.1728E-05;2.1552E-05;0.000021376;0.0000212;2.10758E-05;2.09516E-05;2.08274E-05;2.07032E-05;0.000020579;2.04548E-05;2.03306E-05;2.02064E-05;2.00822E-05;0.000019958;1.98338E-05;1.97096E-05;1.95854E-05;1.94612E-05;0.000019337;1.92128E-05;1.90886E-05;1.89644E-05;1.88402E-05;0.000018716;1.85918E-05;1.84676E-05;1.83434E-05;1.82192E-05;0.000018095;1.79708E-05;1.78466E-05;1.77224E-05;1.75982E-05;0.000017474;1.73498E-05;1.72256E-05;1.71014E-05;1.69772E-05;0.000016853;1.67288E-05;1.66046E-05;1.64804E-05;1.63562E-05;0.000016232;1.61078E-05;1.59836E-05;1.58594E-05;1.57352E-05;0.000015611;1.54868E-05;1.53626E-05;1.52384E-05;1.51142E-05;0.00001499
780;0.00001499;0.0000212;2.10758E-05;2.09516E-05;2.08274E-05;2.07032E-05;0.000020579;2.04548E-05;2.03306E-05;2.02064E-05;2.00822E-05;0.000019958;1.98338E-05;1.97096E-05;1.95854E-05;1.94612E-05;0.000019337;1.92128E-05;1.90886E-05;1.89644E-05;1.88402E-05;0.000018716;1.85918E-05;1.84676E-05;1.83434E-05;1.82192E-05;0.000018095;1.79708E-05;1.78466E-05;1.77224E-05;1.75982E-05;0.000017474;1.73498E-05;1.72256E-05;1.71014E-05;1.69772E-05;0.000016853;1.67288E-05;1.66046E-05;1.64804E-05;1.63562E-05;0.000016232;1.61078E-05;1.59836E-05;1.58594E-05;1.57352E-05;0.000015611;1.54868E-05;1.53626E-05;1.52384E-05;1.51142E-05;0.00001499;1.48658E-05;1.47416E-05;1.46174E-05;1.44932E-05;0.000014369;1.42448E-05;1.41206E-05;1.39964E-05;1.38722E-05;0.000013748;1.36238E-05;1.34996E-05;1.33754E-05;1.32512E-05;0.000013127;1.30028E-05;1.28786E-05;1.27544E-05;1.26302E-05;0.000012506;1.23818E-05;1.22576E-05;1.21334E-05;1.20092E-05;0.000011885;1.17608E-05;1.16366E-05;1.15124E-05;1.13882E-05;0.000011264;1.11398E-05;1.10156E-05;1.08914E-05;1.07672E-05;0.000010643;1.05188E-05;1.03946E-05;1.02704E-05;1.01462E-05;0.000010022;9.8978E-06;9.7736E-06;9.6494E-06;9.5252E-06;0.000009401;9.2768E-06;9.1526E-06;9.0284E-06;8.9042E-06;0.00000878
