380;0.000039;0.010039;0.000039;0.000039;0.000039;0.000039;0.000039;0.000039;0.000039;0.000039;0.000039;0.000039;0.000039;0.000039;0.000039;0.000039;0.000039;0.000039;0.000039;0.000039;0.000039;0.000039;0.000039;0.000039;0.000039;0.000039;0.000039;0.000039;0.000039;0.000039;0.000039;0.000039;0.000039;0.000039;0.000039;0.000039;0.000039;0.000039;0.000039;0.000039;0.000039;0.000039;0.000039;0.000039;0.000039;0.000039;0.000039;0.000039;0.000039;0.000039;0.000039;0.000039;0.000039;0.000039;0.000039;0.000039;0.000039;0.000039;0.000039;0.000039;0.000039;0.000039;0.000039;0.000039;0.000039;0.000039;0.000039;0.000039;0.000039;0.000039;0.000039;0.000039;0.000039;0.000039;0.000039;0.000039;0.000039;0.000039;0.000039;0.000039;0.000039;0.000039
385;0.000064;0.000064;0.010064;0.000064;0.000064;0.000064;0.000064;0.000064;0.000064;0.000064;0.000064;0.000064;0.000064;0.000064;0.000064;0.000064;0.000064;0.000064;0.000064;0.000064;0.000064;0.000064;0.000064;0.000064;0.000064;0.000064;0.000064;0.000064;0.000064;0.000064;0.000064;0.000064;0.000064;0.000064;0.000064;0.000064;0.000064;0.000064;0.000064;0.000064;0.000064;0.000064;0.000064;0.000064;0.000064;0.000064;0.000064;0.000064;0.000064;0.000064;0.000064;0.000064;0.000064;0.000064;0.000064;0.000064;0.000064;0.000064;0.000064;0.000064;0.000064;0.000064;0.000064;0.000064;0.000064;0.000064;0.000064;0.000064;0.000064;0.000064;0.000064;0.000064;0.000064;0.000064;0.000064;0.000064;0.000064;0.000064;0.000064;0.000064;0.000064;0.000064
390;0.00012;0.00012;0.00012;0.01012;0.00012;0.00012;0.00012;0.00012;0.00012;0.00012;0.00012;0.00012;0.00012;0.00012;0.00012;0.00012;0.00012;0.00012;0.00012;0.00012;0.00012;0.00012;0.00012;0.00012;0.00012;0.00012;0.00012;0.00012;0.00012;0.00012;0.00012;0.00012;0.00012;0.00012;0.00012;0.00012;0.00012;0.00012;0.00012;0.00012;0.00012;0.00012;0.00012;0.00012;0.00012;0.00012;0.00012;0.00012;0.00012;0.00012;0.00012;0.00012;0.00012;0.00012;0.00012;0.00012;0.00012;0.00012;0.00012;0.00012;0.00012;0.00012;0.00012;0.00012;0.00012;0.00012;0.00012;0.00012;0.00012;0.00012;0.00012;0.00012;0.00012;0.00012;0.00012;0.00012;0.00012;0.00012;0.00012;0.00012;0.00012;0.00012
395;0.000217;0.000217;0.000217;0.000217;0.010217;0.000217;0.000217;0.000217;0.000217;0.000217;0.000217;0.000217;0.000217;0.000217;0.000217;0.000217;0.000217;0.000217;0.000217;0.000217;0.000217;0.000217;0.000217;0.000217;0.000217;0.000217;0.000217;0.000217;0.000217;0.000217;0.000217;0.000217;0.000217;0.000217;0.000217;0.000217;0.000217;0.000217;0.000217;0.000217;0.000217;0.000217;0.000217;0.000217;0.000217;0.000217;0.000217;0.000217;0.000217;0.000217;0.000217;0.000217;0.000217;0.000217;0.000217;0.000217;0.000217;0.000217;0.000217;0.000217;0.000217;0.000217;0.000217;0.000217;0.000217;0.000217;0.000217;0.000217;0.000217;0.000217;0.000217;0.000217;0.000217;0.000217;0.000217;0.000217;0.000217;0.000217;0.000217;0.000217;0.000217;0.000217
400;0.000396;0.000396;0.000396;0.000396;0.000396;0.010396;0.000396;0.000396;0.000396;0.000396;0.000396;0.000396;0.000396;0.000396;0.000396;0.000396;0.000396;0.000396;0.000396;0.000396;0.000396;0.000396;0.000396;0.000396;0.000396;0.000396;0.000396;0.000396;0.000396;0.000396;0.000396;0.000396;0.000396;0.000396;0.000396;0.000396;0.000396;0.000396;0.000396;0.000396;0.000396;0.000396;0.000396;0.000396;0.000396;0.000396;0.000396;0.000396;0.000396;0.000396;0.000396;0.000396;0.000396;0.000396;0.000396;0.000396;0.000396;0.000396;0.000396;0.000396;0.000396;0.000396;0.000396;0.000396;0.000396;0.000396;0.000396;0.000396;0.000396;0.000396;0.000396;0.000396;0.000396;0.000396;0.000396;0.000396;0.000396;0.000396;0.000396;0.000396;0.000396;0.000396
405;0.00064;0.00064;0.00064;0.00064;0.00064;0.00064;0.01064;0.00064;0.00064;0.00064;0.00064;0.00064;0.00064;0.00064;0.00064;0.00064;0.00064;0.00064;0.00064;0.00064;0.00064;0.00064;0.00064;0.00064;0.00064;0.00064;0.00064;0.00064;0.00064;0.00064;0.00064;0.00064;0.00064;0.00064;0.00064;0.00064;0.00064;0.00064;0.00064;0.00064;0.00064;0.00064;0.00064;0.00064;0.00064;0.00064;0.00064;0.00064;0.00064;0.00064;0.00064;0.00064;0.00064;0.00064;0.00064;0.00064;0.00064;0.00064;0.00064;0.00064;0.00064;0.00064;0.00064;0.00064;0.00064;0.00064;0.00064;0.00064;0.00064;0.00064;0.00064;0.00064;0.00064;0.00064;0.00064;0.00064;0.00064;0.00064;0.00064;0.00064;0.00064;0.00064
410;0.00121;0.00121;0.00121;0.00121;0.00121;0.00121;0.00121;0.01121;0.00121;0.00121;0.00121;0.00121;0.00121;0.00121;0.00121;0.00121;0.00121;0.00121;0.00121;0.00121;0.00121;0.00121;0.00121;0.00121;0.00121;0.00121;0.00121;0.00121;0.00121;0.00121;0.00121;0.00121;0.00121;0.00121;0.00121;0.00121;0.00121;0.00121;0.00121;0.00121;0.00121;0.00121;0.00121;0.00121;0.00121;0.00121;0.00121;0.00121;0.00121;0.00121;0.00121;0.00121;0.00121;0.00121;0.00121;0.00121;0.00121;0.00121;0.00121;0.00121;0.00121;0.00121;0.00121;0.00121;0.00121;0.00121;0.00121;0.00121;0.00121;0.00121;0.00121;0.00121;0.00121;0.00121;0.00121;0.00121;0.00121;0.00121;0.00121;0.00121;0.00121;0.00121
415;0.00218;0.00218;0.00218;0.00218;0.00218;0.00218;0.00218;0.00218;0.01218;0.00218;0.00218;0.00218;0.00218;0.00218;0.00218;0.00218;0.00218;0.00218;0.00218;0.00218;0.00218;0.00218;0.00218;0.00218;0.00218;0.00218;0.00218;0.00218;0.00218;0.00218;0.00218;0.00218;0.00218;0.00218;0.00218;0.00218;0.00218;0.00218;0.00218;0.00218;0.00218;0.00218;0.00218;0.00218;0.00218;0.00218;0.00218;0.00218;0.00218;0.00218;0.00218;0.00218;0.00218;0.00218;0.00218;0.00218;0.00218;0.00218;0.00218;0.00218;0.00218;0.00218;0.00218;0.00218;0.00218;0.00218;0.00218;0.00218;0.00218;0.00218;0.00218;0.00218;0.00218;0.00218;0.00218;0.00218;0.00218;0.00218;0.00218;0.00218;0.00218;0.00218
420;0.004;0.004;0.004;0.004;0.004;0.004;0.004;0.004;0.004;0.014;0.004;0.004;0.004;0.004;0.004;0.004;0.004;0.004;0.004;0.004;0.004;0.004;0.004;0.004;0.004;0.004;0.004;0.004;0.004;0.004;0.004;0.004;0.004;0.004;0.004;0.004;0.004;0.004;0.004;0.004;0.004;0.004;0.004;0.004;0.004;0.004;0.004;0.004;0.004;0.004;0.004;0.004;0.004;0.004;0.004;0.004;0.004;0.004;0.004;0.004;0.004;0.004;0.004;0.004;0.004;0.004;0.004;0.004;0.004;0.004;0.004;0.004;0.004;0.004;0.004;0.004;0.004;0.004;0.004;0.004;0.004;0.004
425;0.0073;0.0073;0.0073;0.0073;0.0073;0.0073;0.0073;0.0073;0.0073;0.0073;0.0173;0.0073;0.0073;0.0073;0.0073;0.0073;0.0073;0.0073;0.0073;0.0073;0.0073;0.0073;0.0073;0.0073;0.0073;0.0073;0.0073;0.0073;0.0073;0.0073;0.0073;0.0073;0.0073;0.0073;0.0073;0.0073;0.0073;0.0073;0.0073;0.0073;0.0073;0.0073;0.0073;0.0073;0.0073;0.0073;0.0073;0.0073;0.0073;0.0073;0.0073;0.0073;0.0073;0.0073;0.0073;0.0073;0.0073;0.0073;0.0073;0.0073;0.0073;0.0073;0.0073;0.0073;0.0073;0.0073;0.0073;0.0073;0.0073;0.0073;0.0073;0.0073;0.0073;0.0073;0.0073;0.0073;0.0073;0.0073;0.0073;0.0073;0.0073;0.0073
430;0.0116;0.0116;0.0116;0.0116;0.0116;0.0116;0.0116;0.0116;0.0116;0.0116;0.0116;0.0216;0.0116;0.0116;0.0116;0.0116;0.0116;0.0116;0.0116;0.0116;0.0116;0.0116;0.0116;0.0116;0.0116;0.0116;0.0116;0.0116;0.0116;0.0116;0.0116;0.0116;0.0116;0.0116;0.0116;0.0116;0.0116;0.0116;0.0116;0.0116;0.0116;0.0116;0.0116;0.0116;0.0116;0.0116;0.0116;0.0116;0.0116;0.0116;0.0116;0.0116;0.0116;0.0116;0.0116;0.0116;0.0116;0.0116;0.0116;0.0116;0.0116;0.0116;0.0116;0.0116;0.0116;0.0116;0.0116;0.0116;0.0116;0.0116;0.0116;0.0116;0.0116;0.0116;0.0116;0.0116;0.0116;0.0116;0.0116;0.0116;0.0116;0.0116
435;0.01684;0.01684;0.01684;0.01684;0.01684;0.01684;0.01684;0.01684;0.01684;0.01684;0.01684;0.01684;0.02684;0.01684;0.01684;0.01684;0.01684;0.01684;0.01684;0.01684;0.01684;0.01684;0.01684;0.01684;0.01684;0.01684;0.01684;0.01684;0.01684;0.01684;0.01684;0.01684;0.01684;0.01684;0.01684;0.01684;0.01684;0.01684;0.01684;0.01684;0.01684;0.01684;0.01684;0.01684;0.01684;0.01684;0.01684;0.01684;0.01684;0.01684;0.01684;0.01684;0.01684;0.01684;0.01684;0.01684;0.01684;0.01684;0.01684;0.01684;0.01684;0.01684;0.01684;0.01684;0.01684;0.01684;0.01684;0.01684;0.01684;0.01684;0.01684;0.01684;0.01684;0.01684;0.01684;0.01684;0.01684;0.01684;0.01684;0.01684;0.01684;0.01684
440;0.023;0.023;0.023;0.023;0.023;0.023;0.023;0.023;0.023;0.023;0.023;0.023;0.023;0.033;0.023;0.023;0.023;0.023;0.023;0.023;0.023;0.023;0.023;0.023;0.023;0.023;0.023;0.023;0.023;0.023;0.023;0.023;0.023;0.023;0.023;0.023;0.023;0.023;0.023;0.023;0.023;0.023;0.023;0.023;0.023;0.023;0.023;0.023;0.023;0.023;0.023;0.023;0.023;0.023;0.023;0.023;0.023;0.023;0.023;0.023;0.023;0.023;0.023;0.023;0.023;0.023;0.023;0.023;0.023;0.023;0.023;0.023;0.023;0.023;0.023;0.023;0.023;0.023;0.023;0.023;0.023;0.023
445;0.0298;0.0298;0.0298;0.0298;0.0298;0.0298;0.0298;0.0298;0.0298;0.0298;0.0298;0.0298;0.0298;0.0298;0.0398;0.0298;0.0298;0.0298;0.0298;0.0298;0.0298;0.0298;0.0298;0.0298;0.0298;0.0298;0.0298;0.0298;0.0298;0.0298;0.0298;0.0298;0.0298;0.0298;0.0298;0.0298;0.0298;0.0298;0.0298;0.0298;0.0298;0.0298;0.0298;0.0298;0.0298;0.0298;0.0298;0.0298;0.0298;0.0298;0.0298;0.0298;0.0298;0.0298;0.0298;0.0298;0.0298;0.0298;0.0298;0.0298;0.0298;0.0298;0.0298;0.0298;0.0298;0.0298;0.0298;0.0298;0.0298;0.0298;0.0298;0.0298;0.0298;0.0298;0.0298;0.0298;0.0298;0.0298;0.0298;0.0298;0.0298;0.0298
450;0.038;0.038;0.038;0.038;0.038;0.038;0.038;0.038;0.038;0.038;0.038;0.038;0.038;0.038;0.038;0.048;0.038;0.038;0.038;0.038;0.038;0.038;0.038;0.038;0.038;0.038;0.038;0.038;0.038;0.038;0.038;0.038;0.038;0.038;0.038;0.038;0.038;0.038;0.038;0.038;0.038;0.038;0.038;0.038;0.038;0.038;0.038;0.038;0.038;0.038;0.038;0.038;0.038;0.038;0.038;0.038;0.038;0.038;0.038;0.038;0.038;0.038;0.038;0.038;0.038;0.038;0.038;0.038;0.038;0.038;0.038;0.038;0.038;0.038;0.038;0.038;0.038;0.038;0.038;0.038;0.038;0.038
455;0.048;0.048;0.048;0.048;0.048;0.048;0.048;0.048;0.048;0.048;0.048;0.048;0.048;0.048;0.048;0.048;0.058;0.048;0.048;0.048;0.048;0.048;0.048;0.048;0.048;0.048;0.048;0.048;0.048;0.048;0.048;0.048;0.048;0.048;0.048;0.048;0.048;0.048;0.048;0.048;0.048;0.048;0.048;0.048;0.048;0.048;0.048;0.048;0.048;0.048;0.048;0.048;0.048;0.048;0.048;0.048;0.048;0.048;0.048;0.048;0.048;0.048;0.048;0.048;0.048;0.048;0.048;0.048;0.048;0.048;0.048;0.048;0.048;0.048;0.048;0.048;0.048;0.048;0.048;0.048;0.048;0.048
460;0.06;0.06;0.06;0.06;0.06;0.06;0.06;0.06;0.06;0.06;0.06;0.06;0.06;0.06;0.06;0.06;0.06;0.07;0.06;0.06;0.06;0.06;0.06;0.06;0.06;0.06;0.06;0.06;0.06;0.06;0.06;0.06;0.06;0.06;0.06;0.06;0.06;0.06;0.06;0.06;0.06;0.06;0.06;0.06;0.06;0.06;0.06;0.06;0.06;0.06;0.06;0.06;0.06;0.06;0.06;0.06;0.06;0.06;0.06;0.06;0.06;0.06;0.06;0.06;0.06;0.06;0.06;0.06;0.06;0.06;0.06;0.06;0.06;0.06;0.06;0.06;0.06;0.06;0.06;0.06;0.06;0.06
465;0.0739;0.0739;0.0739;0.0739;0.0739;0.0739;0.0739;0.0739;0.0739;0.0739;0.0739;0.0739;0.0739;0.0739;0.0739;0.0739;0.0739;0.0739;0.0839;0.0739;0.0739;0.0739;0.0739;0.0739;0.0739;0.0739;0.0739;0.0739;0.0739;0.0739;0.0739;0.0739;0.0739;0.0739;0.0739;0.0739;0.0739;0.0739;0.0739;0.0739;0.0739;0.0739;0.0739;0.0739;0.0739;0.0739;0.0739;0.0739;0.0739;0.0739;0.0739;0.0739;0.0739;0.0739;0.0739;0.0739;0.0739;0.0739;0.0739;0.0739;0.0739;0.0739;0.0739;0.0739;0.0739;0.0739;0.0739;0.0739;0.0739;0.0739;0.0739;0.0739;0.0739;0.0739;0.0739;0.0739;0.0739;0.0739;0.0739;0.0739;0.0739;0.0739
470;0.09098;0.09098;0.09098;0.09098;0.09098;0.09098;0.09098;0.09098;0.09098;0.09098;0.09098;0.09098;0.09098;0.09098;0.09098;0.09098;0.09098;0.09098;0.09098;0.10098;0.09098;0.09098;0.09098;0.09098;0.09098;0.09098;0.09098;0.09098;0.09098;0.09098;0.09098;0.09098;0.09098;0.09098;0.09098;0.09098;0.09098;0.09098;0.09098;0.09098;0.09098;0.09098;0.09098;0.09098;0.09098;0.09098;0.09098;0.09098;0.09098;0.09098;0.09098;0.09098;0.09098;0.09098;0.09098;0.09098;0.09098;0.09098;0.09098;0.09098;0.09098;0.09098;0.09098;0.09098;0.09098;0.09098;0.09098;0.09098;0.09098;0.09098;0.09098;0.09098;0.09098;0.09098;0.09098;0.09098;0.09098;0.09098;0.09098;0.09098;0.09098;0.09098
475;0.1126;0.1126;0.1126;0.1126;0.1126;0.1126;0.1126;0.1126;0.1126;0.1126;0.1126;0.1126;0.1126;0.1126;0.1126;0.1126;0.1126;0.1126;0.1126;0.1126;0.1226;0.1126;0.1126;0.1126;0.1126;0.1126;0.1126;0.1126;0.1126;0.1126;0.1126;0.1126;0.1126;0.1126;0.1126;0.1126;0.1126;0.1126;0.1126;0.1126;0.1126;0.1126;0.1126;0.1126;0.1126;0.1126;0.1126;0.1126;0.1126;0.1126;0.1126;0.1126;0.1126;0.1126;0.1126;0.1126;0.1126;0.1126;0.1126;0.1126;0.1126;0.1126;0.1126;0.1126;0.1126;0.1126;0.1126;0.1126;0.1126;0.1126;0.1126;0.1126;0.1126;0.1126;0.1126;0.1126;0.1126;0.1126;0.1126;0.1126;0.1126;0.1126
480;0.13902;0.13902;0.13902;0.13902;0.13902;0.13902;0.13902;0.13902;0.13902;0.13902;0.13902;0.13902;0.13902;0.13902;0.13902;0.13902;0.13902;0.13902;0.13902;0.13902;0.13902;0.14902;0.13902;0.13902;0.13902;0.13902;0.13902;0.13902;0.13902;0.13902;0.13902;0.13902;0.13902;0.13902;0.13902;0.13902;0.13902;0.13902;0.13902;0.13902;0.13902;0.13902;0.13902;0.13902;0.13902;0.13902;0.13902;0.13902;0.13902;0.13902;0.13902;0.13902;0.13902;0.13902;0.13902;0.13902;0.13902;0.13902;0.13902;0.13902;0.13902;0.13902;0.13902;0.13902;0.13902;0.13902;0.13902;0.13902;0.13902;0.13902;0.13902;0.13902;0.13902;0.13902;0.13902;0.13902;0.13902;0.13902;0.13902;0.13902;0.13902;0.13902
485;0.1693;0.1693;0.1693;0.1693;0.1693;0.1693;0.1693;0.1693;0.1693;0.1693;0.1693;0.1693;0.1693;0.1693;0.1693;0.1693;0.1693;0.1693;0.1693;0.1693;0.1693;0.1693;0.1793;0.1693;0.1693;0.1693;0.1693;0.1693;0.1693;0.1693;0.1693;0.1693;0.1693;0.1693;0.1693;0.1693;0.1693;0.1693;0.1693;0.1693;0.1693;0.1693;0.1693;0.1693;0.1693;0.1693;0.1693;0.1693;0.1693;0.1693;0.1693;0.1693;0.1693;0.1693;0.1693;0.1693;0.1693;0.1693;0.1693;0.1693;0.1693;0.1693;0.1693;0.1693;0.1693;0.1693;0.1693;0.1693;0.1693;0.1693;0.1693;0.1693;0.1693;0.1693;0.1693;0.1693;0.1693;0.1693;0.1693;0.1693;0.1693;0.1693
490;0.20802;0.20802;0.20802;0.20802;0.20802;0.20802;0.20802;0.20802;0.20802;0.20802;0.20802;0.20802;0.20802;0.20802;0.20802;0.20802;0.20802;0.20802;0.20802;0.20802;0.20802;0.20802;0.20802;0.21802;0.20802;0.20802;0.20802;0.20802;0.20802;0.20802;0.20802;0.20802;0.20802;0.20802;0.20802;0.20802;0.20802;0.20802;0.20802;0.20802;0.20802;0.20802;0.20802;0.20802;0.20802;0.20802;0.20802;0.20802;0.20802;0.20802;0.20802;0.20802;0.20802;0.20802;0.20802;0.20802;0.20802;0.20802;0.20802;0.20802;0.20802;0.20802;0.20802;0.20802;0.20802;0.20802;0.20802;0.20802;0.20802;0.20802;0.20802;0.20802;0.20802;0.20802;0.20802;0.20802;0.20802;0.20802;0.20802;0.20802;0.20802;0.20802
495;0.2586;0.2586;0.2586;0.2586;0.2586;0.2586;0.2586;0.2586;0.2586;0.2586;0.2586;0.2586;0.2586;0.2586;0.2586;0.2586;0.2586;0.2586;0.2586;0.2586;0.2586;0.2586;0.2586;0.2586;0.2686;0.2586;0.2586;0.2586;0.2586;0.2586;0.2586;0.2586;0.2586;0.2586;0.2586;0.2586;0.2586;0.2586;0.2586;0.2586;0.2586;0.2586;0.2586;0.2586;0.2586;0.2586;0.2586;0.2586;0.2586;0.2586;0.2586;0.2586;0.2586;0.2586;0.2586;0.2586;0.2586;0.2586;0.2586;0.2586;0.2586;0.2586;0.2586;0.2586;0.2586;0.2586;0.2586;0.2586;0.2586;0.2586;0.2586;0.2586;0.2586;0.2586;0.2586;0.2586;0.2586;0.2586;0.2586;0.2586;0.2586;0.2586
500;0.323;0.323;0.323;0.323;0.323;0.323;0.323;0.323;0.323;0.323;0.323;0.323;0.323;0.323;0.323;0.323;0.323;0.323;0.323;0.323;0.323;0.323;0.323;0.323;0.323;0.333;0.323;0.323;0.323;0.323;0.323;0.323;0.323;0.323;0.323;0.323;0.323;0.323;0.323;0.323;0.323;0.323;0.323;0.323;0.323;0.323;0.323;0.323;0.323;0.323;0.323;0.323;0.323;0.323;0.323;0.323;0.323;0.323;0.323;0.323;0.323;0.323;0.323;0.323;0.323;0.323;0.323;0.323;0.323;0.323;0.323;0.323;0.323;0.323;0.323;0.323;0.323;0.323;0.323;0.323;0.323;0.323
505;0.4073;0.4073;0.4073;0.4073;0.4073;0.4073;0.4073;0.4073;0.4073;0.4073;0.4073;0.4073;0.4073;0.4073;0.4073;0.4073;0.4073;0.4073;0.4073;0.4073;0.4073;0.4073;0.4073;0.4073;0.4073;0.4073;0.4173;0.4073;0.4073;0.4073;0.4073;0.4073;0.4073;0.4073;0.4073;0.4073;0.4073;0.4073;0.4073;0.4073;0.4073;0.4073;0.4073;0.4073;0.4073;0.4073;0.4073;0.4073;0.4073;0.4073;0.4073;0.4073;0.4073;0.4073;0.4073;0.4073;0.4073;0.4073;0.4073;0.4073;0.4073;0.4073;0.4073;0.4073;0.4073;0.4073;0.4073;0.4073;0.4073;0.4073;0.4073;0.4073;0.4073;0.4073;0.4073;0.4073;0.4073;0.4073;0.4073;0.4073;0.4073;0.4073
510;0.503;0.503;0.503;0.503;0.503;0.503;0.503;0.503;0.503;0.503;0.503;0.503;0.503;0.503;0.503;0.503;0.503;0.503;0.503;0.503;0.503;0.503;0.503;0.503;0.503;0.503;0.503;0.513;0.503;0.503;0.503;0.503;0.503;0.503;0.503;0.503;0.503;0.503;0.503;0.503;0.503;0.503;0.503;0.503;0.503;0.503;0.503;0.503;0.503;0.503;0.503;0.503;0.503;0.503;0.503;0.503;0.503;0.503;0.503;0.503;0.503;0.503;0.503;0.503;0.503;0.503;0.503;0.503;0.503;0.503;0.503;0.503;0.503;0.503;0.503;0.503;0.503;0.503;0.503;0.503;0.503;0.503
515;0.6082;0.6082;0.6082;0.6082;0.6082;0.6082;0.6082;0.6082;0.6082;0.6082;0.6082;0.6082;0.6082;0.6082;0.6082;0.6082;0.6082;0.6082;0.6082;0.6082;0.6082;0.6082;0.6082;0.6082;0.6082;0.6082;0.6082;0.6082;0.6182;0.6082;0.6082;0.6082;0.6082;0.6082;0.6082;0.6082;0.6082;0.6082;0.6082;0.6082;0.6082;0.6082;0.6082;0.6082;0.6082;0.6082;0.6082;0.6082;0.6082;0.6082;0.6082;0.6082;0.6082;0.6082;0.6082;0.6082;0.6082;0.6082;0.6082;0.6082;0.6082;0.6082;0.6082;0.6082;0.6082;0.6082;0.6082;0.6082;0.6082;0.6082;0.6082;0.6082;0.6082;0.6082;0.6082;0.6082;0.6082;0.6082;0.6082;0.6082;0.6082;0.6082
520;0.71;0.71;0.71;0.71;0.71;0.71;0.71;0.71;0.71;0.71;0.71;0.71;0.71;0.71;0.71;0.71;0.71;0.71;0.71;0.71;0.71;0.71;0.71;0.71;0.71;0.71;0.71;0.71;0.71;0.72;0.71;0.71;0.71;0.71;0.71;0.71;0.71;0.71;0.71;0.71;0.71;0.71;0.71;0.71;0.71;0.71;0.71;0.71;0.71;0.71;0.71;0.71;0.71;0.71;0.71;0.71;0.71;0.71;0.71;0.71;0.71;0.71;0.71;0.71;0.71;0.71;0.71;0.71;0.71;0.71;0.71;0.71;0.71;0.71;0.71;0.71;0.71;0.71;0.71;0.71;0.71;0.71
525;0.7932;0.7932;0.7932;0.7932;0.7932;0.7932;0.7932;0.7932;0.7932;0.7932;0.7932;0.7932;0.7932;0.7932;0.7932;0.7932;0.7932;0.7932;0.7932;0.7932;0.7932;0.7932;0.7932;0.7932;0.7932;0.7932;0.7932;0.7932;0.7932;0.7932;0.8032;0.7932;0.7932;0.7932;0.7932;0.7932;0.7932;0.7932;0.7932;0.7932;0.7932;0.7932;0.7932;0.7932;0.7932;0.7932;0.7932;0.7932;0.7932;0.7932;0.7932;0.7932;0.7932;0.7932;0.7932;0.7932;0.7932;0.7932;0.7932;0.7932;0.7932;0.7932;0.7932;0.7932;0.7932;0.7932;0.7932;0.7932;0.7932;0.7932;0.7932;0.7932;0.7932;0.7932;0.7932;0.7932;0.7932;0.7932;0.7932;0.7932;0.7932;0.7932
530;0.862;0.862;0.862;0.862;0.862;0.862;0.862;0.862;0.862;0.862;0.862;0.862;0.862;0.862;0.862;0.862;0.862;0.862;0.862;0.862;0.862;0.862;0.862;0.862;0.862;0.862;0.862;0.862;0.862;0.862;0.862;0.872;0.862;0.862;0.862;0.862;0.862;0.862;0.862;0.862;0.862;0.862;0.862;0.862;0.862;0.862;0.862;0.862;0.862;0.862;0.862;0.862;0.862;0.862;0.862;0.862;0.862;0.862;0.862;0.862;0.862;0.862;0.862;0.862;0.862;0.862;0.862;0.862;0.862;0.862;0.862;0.862;0.862;0.862;0.862;0.862;0.862;0.862;0.862;0.862;0.862;0.862
535;0.9148501;0.9148501;0.9148501;0.9148501;0.9148501;0.9148501;0.9148501;0.9148501;0.9148501;0.9148501;0.9148501;0.9148501;0.9148501;0.9148501;0.9148501;0.9148501;0.9148501;0.9148501;0.9148501;0.9148501;0.9148501;0.9148501;0.9148501;0.9148501;0.9148501;0.9148501;0.9148501;0.9148501;0.9148501;0.9148501;0.9148501;0.9148501;0.9248501;0.9148501;0.9148501;0.9148501;0.9148501;0.9148501;0.9148501;0.9148501;0.9148501;0.9148501;0.9148501;0.9148501;0.9148501;0.9148501;0.9148501;0.9148501;0.9148501;0.9148501;0.9148501;0.9148501;0.9148501;0.9148501;0.9148501;0.9148501;0.9148501;0.9148501;0.9148501;0.9148501;0.9148501;0.9148501;0.9148501;0.9148501;0.9148501;0.9148501;0.9148501;0.9148501;0.9148501;0.9148501;0.9148501;0.9148501;0.9148501;0.9148501;0.9148501;0.9148501;0.9148501;0.9148501;0.9148501;0.9148501;0.9148501;0.9148501
540;0.954;0.954;0.954;0.954;0.954;0.954;0.954;0.954;0.954;0.954;0.954;0.954;0.954;0.954;0.954;0.954;0.954;0.954;0.954;0.954;0.954;0.954;0.954;0.954;0.954;0.954;0.954;0.954;0.954;0.954;0.954;0.954;0.954;0.964;0.954;0.954;0.954;0.954;0.954;0.954;0.954;0.954;0.954;0.954;0.954;0.954;0.954;0.954;0.954;0.954;0.954;0.954;0.954;0.954;0.954;0.954;0.954;0.954;0.954;0.954;0.954;0.954;0.954;0.954;0.954;0.954;0.954;0.954;0.954;0.954;0.954;0.954;0.954;0.954;0.954;0.954;0.954;0.954;0.954;0.954;0.954;0.954
545;0.9803;0.9803;0.9803;0.9803;0.9803;0.9803;0.9803;0.9803;0.9803;0.9803;0.9803;0.9803;0.9803;0.9803;0.9803;0.9803;0.9803;0.9803;0.9803;0.9803;0.9803;0.9803;0.9803;0.9803;0.9803;0.9803;0.9803;0.9803;0.9803;0.9803;0.9803;0.9803;0.9803;0.9803;0.9903;0.9803;0.9803;0.9803;0.9803;0.9803;0.9803;0.9803;0.9803;0.9803;0.9803;0.9803;0.9803;0.9803;0.9803;0.9803;0.9803;0.9803;0.9803;0.9803;0.9803;0.9803;0.9803;0.9803;0.9803;0.9803;0.9803;0.9803;0.9803;0.9803;0.9803;0.9803;0.9803;0.9803;0.9803;0.9803;0.9803;0.9803;0.9803;0.9803;0.9803;0.9803;0.9803;0.9803;0.9803;0.9803;0.9803;0.9803
550;0.9949501;0.9949501;0.9949501;0.9949501;0.9949501;0.9949501;0.9949501;0.9949501;0.9949501;0.9949501;0.9949501;0.9949501;0.9949501;0.9949501;0.9949501;0.9949501;0.9949501;0.9949501;0.9949501;0.9949501;0.9949501;0.9949501;0.9949501;0.9949501;0.9949501;0.9949501;0.9949501;0.9949501;0.9949501;0.9949501;0.9949501;0.9949501;0.9949501;0.9949501;0.9949501;1.0049501;0.9949501;0.9949501;0.9949501;0.9949501;0.9949501;0.9949501;0.9949501;0.9949501;0.9949501;0.9949501;0.9949501;0.9949501;0.9949501;0.9949501;0.9949501;0.9949501;0.9949501;0.9949501;0.9949501;0.9949501;0.9949501;0.9949501;0.9949501;0.9949501;0.9949501;0.9949501;0.9949501;0.9949501;0.9949501;0.9949501;0.9949501;0.9949501;0.9949501;0.9949501;0.9949501;0.9949501;0.9949501;0.9949501;0.9949501;0.9949501;0.9949501;0.9949501;0.9949501;0.9949501;0.9949501;0.9949501
555;1;1;1;1;1;1;1;1;1;1;1;1;1;1;1;1;1;1;1;1;1;1;1;1;1;1;1;1;1;1;1;1;1;1;1;1;1.01;1;1;1;1;1;1;1;1;1;1;1;1;1;1;1;1;1;1;1;1;1;1;1;1;1;1;1;1;1;1;1;1;1;1;1;1;1;1;1;1;1;1;1;1;1
560;0.995;0.995;0.995;0.995;0.995;0.995;0.995;0.995;0.995;0.995;0.995;0.995;0.995;0.995;0.995;0.995;0.995;0.995;0.995;0.995;0.995;0.995;0.995;0.995;0.995;0.995;0.995;0.995;0.995;0.995;0.995;0.995;0.995;0.995;0.995;0.995;0.995;1.005;0.995;0.995;0.995;0.995;0.995;0.995;0.995;0.995;0.995;0.995;0.995;0.995;0.995;0.995;0.995;0.995;0.995;0.995;0.995;0.995;0.995;0.995;0.995;0.995;0.995;0.995;0.995;0.995;0.995;0.995;0.995;0.995;0.995;0.995;0.995;0.995;0.995;0.995;0.995;0.995;0.995;0.995;0.995;0.995
565;0.9786;0.9786;0.9786;0.9786;0.9786;0.9786;0.9786;0.9786;0.9786;0.9786;0.9786;0.9786;0.9786;0.9786;0.9786;0.9786;0.9786;0.9786;0.9786;0.9786;0.9786;0.9786;0.9786;0.9786;0.9786;0.9786;0.9786;0.9786;0.9786;0.9786;0.9786;0.9786;0.9786;0.9786;0.9786;0.9786;0.9786;0.9786;0.9886;0.9786;0.9786;0.9786;0.9786;0.9786;0.9786;0.9786;0.9786;0.9786;0.9786;0.9786;0.9786;0.9786;0.9786;0.9786;0.9786;0.9786;0.9786;0.9786;0.9786;0.9786;0.9786;0.9786;0.9786;0.9786;0.9786;0.9786;0.9786;0.9786;0.9786;0.9786;0.9786;0.9786;0.9786;0.9786;0.9786;0.9786;0.9786;0.9786;0.9786;0.9786;0.9786;0.9786
570;0.952;0.952;0.952;0.952;0.952;0.952;0.952;0.952;0.952;0.952;0.952;0.952;0.952;0.952;0.952;0.952;0.952;0.952;0.952;0.952;0.952;0.952;0.952;0.952;0.952;0.952;0.952;0.952;0.952;0.952;0.952;0.952;0.952;0.952;0.952;0.952;0.952;0.952;0.952;0.962;0.952;0.952;0.952;0.952;0.952;0.952;0.952;0.952;0.952;0.952;0.952;0.952;0.952;0.952;0.952;0.952;0.952;0.952;0.952;0.952;0.952;0.952;0.952;0.952;0.952;0.952;0.952;0.952;0.952;0.952;0.952;0.952;0.952;0.952;0.952;0.952;0.952;0.952;0.952;0.952;0.952;0.952
575;0.9154;0.9154;0.9154;0.9154;0.9154;0.9154;0.9154;0.9154;0.9154;0.9154;0.9154;0.9154;0.9154;0.9154;0.9154;0.9154;0.9154;0.9154;0.9154;0.9154;0.9154;0.9154;0.9154;0.9154;0.9154;0.9154;0.9154;0.9154;0.9154;0.9154;0.9154;0.9154;0.9154;0.9154;0.9154;0.9154;0.9154;0.9154;0.9154;0.9154;0.9254;0.9154;0.9154;0.9154;0.9154;0.9154;0.9154;0.9154;0.9154;0.9154;0.9154;0.9154;0.9154;0.9154;0.9154;0.9154;0.9154;0.9154;0.9154;0.9154;0.9154;0.9154;0.9154;0.9154;0.9154;0.9154;0.9154;0.9154;0.9154;0.9154;0.9154;0.9154;0.9154;0.9154;0.9154;0.9154;0.9154;0.9154;0.9154;0.9154;0.9154;0.9154
580;0.87;0.87;0.87;0.87;0.87;0.87;0.87;0.87;0.87;0.87;0.87;0.87;0.87;0.87;0.87;0.87;0.87;0.87;0.87;0.87;0.87;0.87;0.87;0.87;0.87;0.87;0.87;0.87;0.87;0.87;0.87;0.87;0.87;0.87;0.87;0.87;0.87;0.87;0.87;0.87;0.87;0.88;0.87;0.87;0.87;0.87;0.87;0.87;0.87;0.87;0.87;0.87;0.87;0.87;0.87;0.87;0.87;0.87;0.87;0.87;0.87;0.87;0.87;0.87;0.87;0.87;0.87;0.87;0.87;0.87;0.87;0.87;0.87;0.87;0.87;0.87;0.87;0.87;0.87;0.87;0.87;0.87
585;0.8163;0.8163;0.8163;0.8163;0.8163;0.8163;0.8163;0.8163;0.8163;0.8163;0.8163;0.8163;0.8163;0.8163;0.8163;0.8163;0.8163;0.8163;0.8163;0.8163;0.8163;0.8163;0.8163;0.8163;0.8163;0.8163;0.8163;0.8163;0.8163;0.8163;0.8163;0.8163;0.8163;0.8163;0.8163;0.8163;0.8163;0.8163;0.8163;0.8163;0.8163;0.8163;0.8263;0.8163;0.8163;0.8163;0.8163;0.8163;0.8163;0.8163;0.8163;0.8163;0.8163;0.8163;0.8163;0.8163;0.8163;0.8163;0.8163;0.8163;0.8163;0.8163;0.8163;0.8163;0.8163;0.8163;0.8163;0.8163;0.8163;0.8163;0.8163;0.8163;0.8163;0.8163;0.8163;0.8163;0.8163;0.8163;0.8163;0.8163;0.8163;0.8163
590;0.757;0.757;0.757;0.757;0.757;0.757;0.757;0.757;0.757;0.757;0.757;0.757;0.757;0.757;0.757;0.757;0.757;0.757;0.757;0.757;0.757;0.757;0.757;0.757;0.757;0.757;0.757;0.757;0.757;0.757;0.757;0.757;0.757;0.757;0.757;0.757;0.757;0.757;0.757;0.757;0.757;0.757;0.757;0.767;0.757;0.757;0.757;0.757;0.757;0.757;0.757;0.757;0.757;0.757;0.757;0.757;0.757;0.757;0.757;0.757;0.757;0.757;0.757;0.757;0.757;0.757;0.757;0.757;0.757;0.757;0.757;0.757;0.757;0.757;0.757;0.757;0.757;0.757;0.757;0.757;0.757;0.757
595;0.6949;0.6949;0.6949;0.6949;0.6949;0.6949;0.6949;0.6949;0.6949;0.6949;0.6949;0.6949;0.6949;0.6949;0.6949;0.6949;0.6949;0.6949;0.6949;0.6949;0.6949;0.6949;0.6949;0.6949;0.6949;0.6949;0.6949;0.6949;0.6949;0.6949;0.6949;0.6949;0.6949;0.6949;0.6949;0.6949;0.6949;0.6949;0.6949;0.6949;0.6949;0.6949;0.6949;0.6949;0.7049;0.6949;0.6949;0.6949;0.6949;0.6949;0.6949;0.6949;0.6949;0.6949;0.6949;0.6949;0.6949;0.6949;0.6949;0.6949;0.6949;0.6949;0.6949;0.6949;0.6949;0.6949;0.6949;0.6949;0.6949;0.6949;0.6949;0.6949;0.6949;0.6949;0.6949;0.6949;0.6949;0.6949;0.6949;0.6949;0.6949;0.6949
600;0.631;0.631;0.631;0.631;0.631;0.631;0.631;0.631;0.631;0.631;0.631;0.631;0.631;0.631;0.631;0.631;0.631;0.631;0.631;0.631;0.631;0.631;0.631;0.631;0.631;0.631;0.631;0.631;0.631;0.631;0.631;0.631;0.631;0.631;0.631;0.631;0.631;0.631;0.631;0.631;0.631;0.631;0.631;0.631;0.631;0.641;0.631;0.631;0.631;0.631;0.631;0.631;0.631;0.631;0.631;0.631;0.631;0.631;0.631;0.631;0.631;0.631;0.631;0.631;0.631;0.631;0.631;0.631;0.631;0.631;0.631;0.631;0.631;0.631;0.631;0.631;0.631;0.631;0.631;0.631;0.631;0.631
605;0.5668;0.5668;0.5668;0.5668;0.5668;0.5668;0.5668;0.5668;0.5668;0.5668;0.5668;0.5668;0.5668;0.5668;0.5668;0.5668;0.5668;0.5668;0.5668;0.5668;0.5668;0.5668;0.5668;0.5668;0.5668;0.5668;0.5668;0.5668;0.5668;0.5668;0.5668;0.5668;0.5668;0.5668;0.5668;0.5668;0.5668;0.5668;0.5668;0.5668;0.5668;0.5668;0.5668;0.5668;0.5668;0.5668;0.5768;0.5668;0.5668;0.5668;0.5668;0.5668;0.5668;0.5668;0.5668;0.5668;0.5668;0.5668;0.5668;0.5668;0.5668;0.5668;0.5668;0.5668;0.5668;0.5668;0.5668;0.5668;0.5668;0.5668;0.5668;0.5668;0.5668;0.5668;0.5668;0.5668;0.5668;0.5668;0.5668;0.5668;0.5668;0.5668
610;0.503;0.503;0.503;0.503;0.503;0.503;0.503;0.503;0.503;0.503;0.503;0.503;0.503;0.503;0.503;0.503;0.503;0.503;0.503;0.503;0.503;0.503;0.503;0.503;0.503;0.503;0.503;0.503;0.503;0.503;0.503;0.503;0.503;0.503;0.503;0.503;0.503;0.503;0.503;0.503;0.503;0.503;0.503;0.503;0.503;0.503;0.503;0.513;0.503;0.503;0.503;0.503;0.503;0.503;0.503;0.503;0.503;0.503;0.503;0.503;0.503;0.503;0.503;0.503;0.503;0.503;0.503;0.503;0.503;0.503;0.503;0.503;0.503;0.503;0.503;0.503;0.503;0.503;0.503;0.503;0.503;0.503
615;0.4412;0.4412;0.4412;0.4412;0.4412;0.4412;0.4412;0.4412;0.4412;0.4412;0.4412;0.4412;0.4412;0.4412;0.4412;0.4412;0.4412;0.4412;0.4412;0.4412;0.4412;0.4412;0.4412;0.4412;0.4412;0.4412;0.4412;0.4412;0.4412;0.4412;0.4412;0.4412;0.4412;0.4412;0.4412;0.4412;0.4412;0.4412;0.4412;0.4412;0.4412;0.4412;0.4412;0.4412;0.4412;0.4412;0.4412;0.4412;0.4512;0.4412;0.4412;0.4412;0.4412;0.4412;0.4412;0.4412;0.4412;0.4412;0.4412;0.4412;0.4412;0.4412;0.4412;0.4412;0.4412;0.4412;0.4412;0.4412;0.4412;0.4412;0.4412;0.4412;0.4412;0.4412;0.4412;0.4412;0.4412;0.4412;0.4412;0.4412;0.4412;0.4412
620;0.381;0.381;0.381;0.381;0.381;0.381;0.381;0.381;0.381;0.381;0.381;0.381;0.381;0.381;0.381;0.381;0.381;0.381;0.381;0.381;0.381;0.381;0.381;0.381;0.381;0.381;0.381;0.381;0.381;0.381;0.381;0.381;0.381;0.381;0.381;0.381;0.381;0.381;0.381;0.381;0.381;0.381;0.381;0.381;0.381;0.381;0.381;0.381;0.381;0.391;0.381;0.381;0.381;0.381;0.381;0.381;0.381;0.381;0.381;0.381;0.381;0.381;0.381;0.381;0.381;0.381;0.381;0.381;0.381;0.381;0.381;0.381;0.381;0.381;0.381;0.381;0.381;0.381;0.381;0.381;0.381;0.381
625;0.321;0.321;0.321;0.321;0.321;0.321;0.321;0.321;0.321;0.321;0.321;0.321;0.321;0.321;0.321;0.321;0.321;0.321;0.321;0.321;0.321;0.321;0.321;0.321;0.321;0.321;0.321;0.321;0.321;0.321;0.321;0.321;0.321;0.321;0.321;0.321;0.321;0.321;0.321;0.321;0.321;0.321;0.321;0.321;0.321;0.321;0.321;0.321;0.321;0.321;0.331;0.321;0.321;0.321;0.321;0.321;0.321;0.321;0.321;0.321;0.321;0.321;0.321;0.321;0.321;0.321;0.321;0.321;0.321;0.321;0.321;0.321;0.321;0.321;0.321;0.321;0.321;0.321;0.321;0.321;0.321;0.321
630;0.265;0.265;0.265;0.265;0.265;0.265;0.265;0.265;0.265;0.265;0.265;0.265;0.265;0.265;0.265;0.265;0.265;0.265;0.265;0.265;0.265;0.265;0.265;0.265;0.265;0.265;0.265;0.265;0.265;0.265;0.265;0.265;0.265;0.265;0.265;0.265;0.265;0.265;0.265;0.265;0.265;0.265;0.265;0.265;0.265;0.265;0.265;0.265;0.265;0.265;0.265;0.275;0.265;0.265;0.265;0.265;0.265;0.265;0.265;0.265;0.265;0.265;0.265;0.265;0.265;0.265;0.265;0.265;0.265;0.265;0.265;0.265;0.265;0.265;0.265;0.265;0.265;0.265;0.265;0.265;0.265;0.265
635;0.217;0.217;0.217;0.217;0.217;0.217;0.217;0.217;0.217;0.217;0.217;0.217;0.217;0.217;0.217;0.217;0.217;0.217;0.217;0.217;0.217;0.217;0.217;0.217;0.217;0.217;0.217;0.217;0.217;0.217;0.217;0.217;0.217;0.217;0.217;0.217;0.217;0.217;0.217;0.217;0.217;0.217;0.217;0.217;0.217;0.217;0.217;0.217;0.217;0.217;0.217;0.217;0.227;0.217;0.217;0.217;0.217;0.217;0.217;0.217;0.217;0.217;0.217;0.217;0.217;0.217;0.217;0.217;0.217;0.217;0.217;0.217;0.217;0.217;0.217;0.217;0.217;0.217;0.217;0.217;0.217;0.217
640;0.175;0.175;0.175;0.175;0.175;0.175;0.175;0.175;0.175;0.175;0.175;0.175;0.175;0.175;0.175;0.175;0.175;0.175;0.175;0.175;0.175;0.175;0.175;0.175;0.175;0.175;0.175;0.175;0.175;0.175;0.175;0.175;0.175;0.175;0.175;0.175;0.175;0.175;0.175;0.175;0.175;0.175;0.175;0.175;0.175;0.175;0.175;0.175;0.175;0.175;0.175;0.175;0.175;0.185;0.175;0.175;0.175;0.175;0.175;0.175;0.175;0.175;0.175;0.175;0.175;0.175;0.175;0.175;0.175;0.175;0.175;0.175;0.175;0.175;0.175;0.175;0.175;0.175;0.175;0.175;0.175;0.175
645;0.1382;0.1382;0.1382;0.1382;0.1382;0.1382;0.1382;0.1382;0.1382;0.1382;0.1382;0.1382;0.1382;0.1382;0.1382;0.1382;0.1382;0.1382;0.1382;0.1382;0.1382;0.1382;0.1382;0.1382;0.1382;0.1382;0.1382;0.1382;0.1382;0.1382;0.1382;0.1382;0.1382;0.1382;0.1382;0.1382;0.1382;0.1382;0.1382;0.1382;0.1382;0.1382;0.1382;0.1382;0.1382;0.1382;0.1382;0.1382;0.1382;0.1382;0.1382;0.1382;0.1382;0.1382;0.1482;0.1382;0.1382;0.1382;0.1382;0.1382;0.1382;0.1382;0.1382;0.1382;0.1382;0.1382;0.1382;0.1382;0.1382;0.1382;0.1382;0.1382;0.1382;0.1382;0.1382;0.1382;0.1382;0.1382;0.1382;0.1382;0.1382;0.1382
650;0.107;0.107;0.107;0.107;0.107;0.107;0.107;0.107;0.107;0.107;0.107;0.107;0.107;0.107;0.107;0.107;0.107;0.107;0.107;0.107;0.107;0.107;0.107;0.107;0.107;0.107;0.107;0.107;0.107;0.107;0.107;0.107;0.107;0.107;0.107;0.107;0.107;0.107;0.107;0.107;0.107;0.107;0.107;0.107;0.107;0.107;0.107;0.107;0.107;0.107;0.107;0.107;0.107;0.107;0.107;0.117;0.107;0.107;0.107;0.107;0.107;0.107;0.107;0.107;0.107;0.107;0.107;0.107;0.107;0.107;0.107;0.107;0.107;0.107;0.107;0.107;0.107;0.107;0.107;0.107;0.107;0.107
655;0.0816;0.0816;0.0816;0.0816;0.0816;0.0816;0.0816;0.0816;0.0816;0.0816;0.0816;0.0816;0.0816;0.0816;0.0816;0.0816;0.0816;0.0816;0.0816;0.0816;0.0816;0.0816;0.0816;0.0816;0.0816;0.0816;0.0816;0.0816;0.0816;0.0816;0.0816;0.0816;0.0816;0.0816;0.0816;0.0816;0.0816;0.0816;0.0816;0.0816;0.0816;0.0816;0.0816;0.0816;0.0816;0.0816;0.0816;0.0816;0.0816;0.0816;0.0816;0.0816;0.0816;0.0816;0.0816;0.0816;0.0916;0.0816;0.0816;0.0816;0.0816;0.0816;0.0816;0.0816;0.0816;0.0816;0.0816;0.0816;0.0816;0.0816;0.0816;0.0816;0.0816;0.0816;0.0816;0.0816;0.0816;0.0816;0.0816;0.0816;0.0816;0.0816
660;0.061;0.061;0.061;0.061;0.061;0.061;0.061;0.061;0.061;0.061;0.061;0.061;0.061;0.061;0.061;0.061;0.061;0.061;0.061;0.061;0.061;0.061;0.061;0.061;0.061;0.061;0.061;0.061;0.061;0.061;0.061;0.061;0.061;0.061;0.061;0.061;0.061;0.061;0.061;0.061;0.061;0.061;0.061;0.061;0.061;0.061;0.061;0.061;0.061;0.061;0.061;0.061;0.061;0.061;0.061;0.061;0.061;0.071;0.061;0.061;0.061;0.061;0.061;0.061;0.061;0.061;0.061;0.061;0.061;0.061;0.061;0.061;0.061;0.061;0.061;0.061;0.061;0.061;0.061;0.061;0.061;0.061
665;0.04458;0.04458;0.04458;0.04458;0.04458;0.04458;0.04458;0.04458;0.04458;0.04458;0.04458;0.04458;0.04458;0.04458;0.04458;0.04458;0.04458;0.04458;0.04458;0.04458;0.04458;0.04458;0.04458;0.04458;0.04458;0.04458;0.04458;0.04458;0.04458;0.04458;0.04458;0.04458;0.04458;0.04458;0.04458;0.04458;0.04458;0.04458;0.04458;0.04458;0.04458;0.04458;0.04458;0.04458;0.04458;0.04458;0.04458;0.04458;0.04458;0.04458;0.04458;0.04458;0.04458;0.04458;0.04458;0.04458;0.04458;0.04458;0.05458;0.04458;0.04458;0.04458;0.04458;0.04458;0.04458;0.04458;0.04458;0.04458;0.04458;0.04458;0.04458;0.04458;0.04458;0.04458;0.04458;0.04458;0.04458;0.04458;0.04458;0.04458;0.04458;0.04458
670;0.032;0.032;0.032;0.032;0.032;0.032;0.032;0.032;0.032;0.032;0.032;0.032;0.032;0.032;0.032;0.032;0.032;0.032;0.032;0.032;0.032;0.032;0.032;0.032;0.032;0.032;0.032;0.032;0.032;0.032;0.032;0.032;0.032;0.032;0.032;0.032;0.032;0.032;0.032;0.032;0.032;0.032;0.032;0.032;0.032;0.032;0.032;0.032;0.032;0.032;0.032;0.032;0.032;0.032;0.032;0.032;0.032;0.032;0.032;0.042;0.032;0.032;0.032;0.032;0.032;0.032;0.032;0.032;0.032;0.032;0.032;0.032;0.032;0.032;0.032;0.032;0.032;0.032;0.032;0.032;0.032;0.032
675;0.0232;0.0232;0.0232;0.0232;0.0232;0.0232;0.0232;0.0232;0.0232;0.0232;0.0232;0.0232;0.0232;0.0232;0.0232;0.0232;0.0232;0.0232;0.0232;0.0232;0.0232;0.0232;0.0232;0.0232;0.0232;0.0232;0.0232;0.0232;0.0232;0.0232;0.0232;0.0232;0.0232;0.0232;0.0232;0.0232;0.0232;0.0232;0.0232;0.0232;0.0232;0.0232;0.0232;0.0232;0.0232;0.0232;0.0232;0.0232;0.0232;0.0232;0.0232;0.0232;0.0232;0.0232;0.0232;0.0232;0.0232;0.0232;0.0232;0.0232;0.0332;0.0232;0.0232;0.0232;0.0232;0.0232;0.0232;0.0232;0.0232;0.0232;0.0232;0.0232;0.0232;0.0232;0.0232;0.0232;0.0232;0.0232;0.0232;0.0232;0.0232;0.0232
680;0.017;0.017;0.017;0.017;0.017;0.017;0.017;0.017;0.017;0.017;0.017;0.017;0.017;0.017;0.017;0.017;0.017;0.017;0.017;0.017;0.017;0.017;0.017;0.017;0.017;0.017;0.017;0.017;0.017;0.017;0.017;0.017;0.017;0.017;0.017;0.017;0.017;0.017;0.017;0.017;0.017;0.017;0.017;0.017;0.017;0.017;0.017;0.017;0.017;0.017;0.017;0.017;0.017;0.017;0.017;0.017;0.017;0.017;0.017;0.017;0.017;0.027;0.017;0.017;0.017;0.017;0.017;0.017;0.017;0.017;0.017;0.017;0.017;0.017;0.017;0.017;0.017;0.017;0.017;0.017;0.017;0.017
685;0.01192;0.01192;0.01192;0.01192;0.01192;0.01192;0.01192;0.01192;0.01192;0.01192;0.01192;0.01192;0.01192;0.01192;0.01192;0.01192;0.01192;0.01192;0.01192;0.01192;0.01192;0.01192;0.01192;0.01192;0.01192;0.01192;0.01192;0.01192;0.01192;0.01192;0.01192;0.01192;0.01192;0.01192;0.01192;0.01192;0.01192;0.01192;0.01192;0.01192;0.01192;0.01192;0.01192;0.01192;0.01192;0.01192;0.01192;0.01192;0.01192;0.01192;0.01192;0.01192;0.01192;0.01192;0.01192;0.01192;0.01192;0.01192;0.01192;0.01192;0.01192;0.01192;0.02192;0.01192;0.01192;0.01192;0.01192;0.01192;0.01192;0.01192;0.01192;0.01192;0.01192;0.01192;0.01192;0.01192;0.01192;0.01192;0.01192;0.01192;0.01192;0.01192
690;0.00821;0.00821;0.00821;0.00821;0.00821;0.00821;0.00821;0.00821;0.00821;0.00821;0.00821;0.00821;0.00821;0.00821;0.00821;0.00821;0.00821;0.00821;0.00821;0.00821;0.00821;0.00821;0.00821;0.00821;0.00821;0.00821;0.00821;0.00821;0.00821;0.00821;0.00821;0.00821;0.00821;0.00821;0.00821;0.00821;0.00821;0.00821;0.00821;0.00821;0.00821;0.00821;0.00821;0.00821;0.00821;0.00821;0.00821;0.00821;0.00821;0.00821;0.00821;0.00821;0.00821;0.00821;0.00821;0.00821;0.00821;0.00821;0.00821;0.00821;0.00821;0.00821;0.00821;0.01821;0.00821;0.00821;0.00821;0.00821;0.00821;0.00821;0.00821;0.00821;0.00821;0.00821;0.00821;0.00821;0.00821;0.00821;0.00821;0.00821;0.00821;0.00821
695;0.005723;0.005723;0.005723;0.005723;0.005723;0.005723;0.005723;0.005723;0.005723;0.005723;0.005723;0.005723;0.005723;0.005723;0.005723;0.005723;0.005723;0.005723;0.005723;0.005723;0.005723;0.005723;0.005723;0.005723;0.005723;0.005723;0.005723;0.005723;0.005723;0.005723;0.005723;0.005723;0.005723;0.005723;0.005723;0.005723;0.005723;0.005723;0.005723;0.005723;0.005723;0.005723;0.005723;0.005723;0.005723;0.005723;0.005723;0.005723;0.005723;0.005723;0.005723;0.005723;0.005723;0.005723;0.005723;0.005723;0.005723;0.005723;0.005723;0.005723;0.005723;0.005723;0.005723;0.005723;0.015723;0.005723;0.005723;0.005723;0.005723;0.005723;0.005723;0.005723;0.005723;0.005723;0.005723;0.005723;0.005723;0.005723;0.005723;0.005723;0.005723;0.005723
700;0.004102;0.004102;0.004102;0.004102;0.004102;0.004102;0.004102;0.004102;0.004102;0.004102;0.004102;0.004102;0.004102;0.004102;0.004102;0.004102;0.004102;0.004102;0.004102;0.004102;0.004102;0.004102;0.004102;0.004102;0.004102;0.004102;0.004102;0.004102;0.004102;0.004102;0.004102;0.004102;0.004102;0.004102;0.004102;0.004102;0.004102;0.004102;0.004102;0.004102;0.004102;0.004102;0.004102;0.004102;0.004102;0.004102;0.004102;0.004102;0.004102;0.004102;0.004102;0.004102;0.004102;0.004102;0.004102;0.004102;0.004102;0.004102;0.004102;0.004102;0.004102;0.004102;0.004102;0.004102;0.004102;0.014102;0.004102;0.004102;0.004102;0.004102;0.004102;0.004102;0.004102;0.004102;0.004102;0.004102;0.004102;0.004102;0.004102;0.004102;0.004102;0.004102
705;0.002929;0.002929;0.002929;0.002929;0.002929;0.002929;0.002929;0.002929;0.002929;0.002929;0.002929;0.002929;0.002929;0.002929;0.002929;0.002929;0.002929;0.002929;0.002929;0.002929;0.002929;0.002929;0.002929;0.002929;0.002929;0.002929;0.002929;0.002929;0.002929;0.002929;0.002929;0.002929;0.002929;0.002929;0.002929;0.002929;0.002929;0.002929;0.002929;0.002929;0.002929;0.002929;0.002929;0.002929;0.002929;0.002929;0.002929;0.002929;0.002929;0.002929;0.002929;0.002929;0.002929;0.002929;0.002929;0.002929;0.002929;0.002929;0.002929;0.002929;0.002929;0.002929;0.002929;0.002929;0.002929;0.002929;0.012929;0.002929;0.002929;0.002929;0.002929;0.002929;0.002929;0.002929;0.002929;0.002929;0.002929;0.002929;0.002929;0.002929;0.002929;0.002929
710;0.002091;0.002091;0.002091;0.002091;0.002091;0.002091;0.002091;0.002091;0.002091;0.002091;0.002091;0.002091;0.002091;0.002091;0.002091;0.002091;0.002091;0.002091;0.002091;0.002091;0.002091;0.002091;0.002091;0.002091;0.002091;0.002091;0.002091;0.002091;0.002091;0.002091;0.002091;0.002091;0.002091;0.002091;0.002091;0.002091;0.002091;0.002091;0.002091;0.002091;0.002091;0.002091;0.002091;0.002091;0.002091;0.002091;0.002091;0.002091;0.002091;0.002091;0.002091;0.002091;0.002091;0.002091;0.002091;0.002091;0.002091;0.002091;0.002091;0.002091;0.002091;0.002091;0.002091;0.002091;0.002091;0.002091;0.002091;0.012091;0.002091;0.002091;0.002091;0.002091;0.002091;0.002091;0.002091;0.002091;0.002091;0.002091;0.002091;0.002091;0.002091;0.002091
715;0.001484;0.001484;0.001484;0.001484;0.001484;0.001484;0.001484;0.001484;0.001484;0.001484;0.001484;0.001484;0.001484;0.001484;0.001484;0.001484;0.001484;0.001484;0.001484;0.001484;0.001484;0.001484;0.001484;0.001484;0.001484;0.001484;0.001484;0.001484;0.001484;0.001484;0.001484;0.001484;0.001484;0.001484;0.001484;0.001484;0.001484;0.001484;0.001484;0.001484;0.001484;0.001484;0.001484;0.001484;0.001484;0.001484;0.001484;0.001484;0.001484;0.001484;0.001484;0.001484;0.001484;0.001484;0.001484;0.001484;0.001484;0.001484;0.001484;0.001484;0.001484;0.001484;0.001484;0.001484;0.001484;0.001484;0.001484;0.001484;0.011484;0.001484;0.001484;0.001484;0.001484;0.001484;0.001484;0.001484;0.001484;0.001484;0.001484;0.001484;0.001484;0.001484
720;0.001047;0.001047;0.001047;0.001047;0.001047;0.001047;0.001047;0.001047;0.001047;0.001047;0.001047;0.001047;0.001047;0.001047;0.001047;0.001047;0.001047;0.001047;0.001047;0.001047;0.001047;0.001047;0.001047;0.001047;0.001047;0.001047;0.001047;0.001047;0.001047;0.001047;0.001047;0.001047;0.001047;0.001047;0.001047;0.001047;0.001047;0.001047;0.001047;0.001047;0.001047;0.001047;0.001047;0.001047;0.001047;0.001047;0.001047;0.001047;0.001047;0.001047;0.001047;0.001047;0.001047;0.001047;0.001047;0.001047;0.001047;0.001047;0.001047;0.001047;0.001047;0.001047;0.001047;0.001047;0.001047;0.001047;0.001047;0.001047;0.001047;0.011047;0.001047;0.001047;0.001047;0.001047;0.001047;0.001047;0.001047;0.001047;0.001047;0.001047;0.001047;0.001047
725;0.00074;0.00074;0.00074;0.00074;0.00074;0.00074;0.00074;0.00074;0.00074;0.00074;0.00074;0.00074;0.00074;0.00074;0.00074;0.00074;0.00074;0.00074;0.00074;0.00074;0.00074;0.00074;0.00074;0.00074;0.00074;0.00074;0.00074;0.00074;0.00074;0.00074;0.00074;0.00074;0.00074;0.00074;0.00074;0.00074;0.00074;0.00074;0.00074;0.00074;0.00074;0.00074;0.00074;0.00074;0.00074;0.00074;0.00074;0.00074;0.00074;0.00074;0.00074;0.00074;0.00074;0.00074;0.00074;0.00074;0.00074;0.00074;0.00074;0.00074;0.00074;0.00074;0.00074;0.00074;0.00074;0.00074;0.00074;0.00074;0.00074;0.00074;0.01074;0.00074;0.00074;0.00074;0.00074;0.00074;0.00074;0.00074;0.00074;0.00074;0.00074;0.00074
730;0.00052;0.00052;0.00052;0.00052;0.00052;0.00052;0.00052;0.00052;0.00052;0.00052;0.00052;0.00052;0.00052;0.00052;0.00052;0.00052;0.00052;0.00052;0.00052;0.00052;0.00052;0.00052;0.00052;0.00052;0.00052;0.00052;0.00052;0.00052;0.00052;0.00052;0.00052;0.00052;0.00052;0.00052;0.00052;0.00052;0.00052;0.00052;0.00052;0.00052;0.00052;0.00052;0.00052;0.00052;0.00052;0.00052;0.00052;0.00052;0.00052;0.00052;0.00052;0.00052;0.00052;0.00052;0.00052;0.00052;0.00052;0.00052;0.00052;0.00052;0.00052;0.00052;0.00052;0.00052;0.00052;0.00052;0.00052;0.00052;0.00052;0.00052;0.00052;0.01052;0.00052;0.00052;0.00052;0.00052;0.00052;0.00052;0.00052;0.00052;0.00052;0.00052
735;0.0003611;0.0003611;0.0003611;0.0003611;0.0003611;0.0003611;0.0003611;0.0003611;0.0003611;0.0003611;0.0003611;0.0003611;0.0003611;0.0003611;0.0003611;0.0003611;0.0003611;0.0003611;0.0003611;0.0003611;0.0003611;0.0003611;0.0003611;0.0003611;0.0003611;0.0003611;0.0003611;0.0003611;0.0003611;0.0003611;0.0003611;0.0003611;0.0003611;0.0003611;0.0003611;0.0003611;0.0003611;0.0003611;0.0003611;0.0003611;0.0003611;0.0003611;0.0003611;0.0003611;0.0003611;0.0003611;0.0003611;0.0003611;0.0003611;0.0003611;0.0003611;0.0003611;0.0003611;0.0003611;0.0003611;0.0003611;0.0003611;0.0003611;0.0003611;0.0003611;0.0003611;0.0003611;0.0003611;0.0003611;0.0003611;0.0003611;0.0003611;0.0003611;0.0003611;0.0003611;0.0003611;0.0003611;0.0103611;0.0003611;0.0003611;0.0003611;0.0003611;0.0003611;0.0003611;0.0003611;0.0003611;0.0003611
740;0.0002492;0.0002492;0.0002492;0.0002492;0.0002492;0.0002492;0.0002492;0.0002492;0.0002492;0.0002492;0.0002492;0.0002492;0.0002492;0.0002492;0.0002492;0.0002492;0.0002492;0.0002492;0.0002492;0.0002492;0.0002492;0.0002492;0.0002492;0.0002492;0.0002492;0.0002492;0.0002492;0.0002492;0.0002492;0.0002492;0.0002492;0.0002492;0.0002492;0.0002492;0.0002492;0.0002492;0.0002492;0.0002492;0.0002492;0.0002492;0.0002492;0.0002492;0.0002492;0.0002492;0.0002492;0.0002492;0.0002492;0.0002492;0.0002492;0.0002492;0.0002492;0.0002492;0.0002492;0.0002492;0.0002492;0.0002492;0.0002492;0.0002492;0.0002492;0.0002492;0.0002492;0.0002492;0.0002492;0.0002492;0.0002492;0.0002492;0.0002492;0.0002492;0.0002492;0.0002492;0.0002492;0.0002492;0.0002492;0.0102492;0.0002492;0.0002492;0.0002492;0.0002492;0.0002492;0.0002492;0.0002492;0.0002492
745;0.0001719;0.0001719;0.0001719;0.0001719;0.0001719;0.0001719;0.0001719;0.0001719;0.0001719;0.0001719;0.0001719;0.0001719;0.0001719;0.0001719;0.0001719;0.0001719;0.0001719;0.0001719;0.0001719;0.0001719;0.0001719;0.0001719;0.0001719;0.0001719;0.0001719;0.0001719;0.0001719;0.0001719;0.0001719;0.0001719;0.0001719;0.0001719;0.0001719;0.0001719;0.0001719;0.0001719;0.0001719;0.0001719;0.0001719;0.0001719;0.0001719;0.0001719;0.0001719;0.0001719;0.0001719;0.0001719;0.0001719;0.0001719;0.0001719;0.0001719;0.0001719;0.0001719;0.0001719;0.0001719;0.0001719;0.0001719;0.0001719;0.0001719;0.0001719;0.0001719;0.0001719;0.0001719;0.0001719;0.0001719;0.0001719;0.0001719;0.0001719;0.0001719;0.0001719;0.0001719;0.0001719;0.0001719;0.0001719;0.0001719;0.0101719;0.0001719;0.0001719;0.0001719;0.0001719;0.0001719;0.0001719;0.0001719
750;0.00012;0.00012;0.00012;0.00012;0.00012;0.00012;0.00012;0.00012;0.00012;0.00012;0.00012;0.00012;0.00012;0.00012;0.00012;0.00012;0.00012;0.00012;0.00012;0.00012;0.00012;0.00012;0.00012;0.00012;0.00012;0.00012;0.00012;0.00012;0.00012;0.00012;0.00012;0.00012;0.00012;0.00012;0.00012;0.00012;0.00012;0.00012;0.00012;0.00012;0.00012;0.00012;0.00012;0.00012;0.00012;0.00012;0.00012;0.00012;0.00012;0.00012;0.00012;0.00012;0.00012;0.00012;0.00012;0.00012;0.00012;0.00012;0.00012;0.00012;0.00012;0.00012;0.00012;0.00012;0.00012;0.00012;0.00012;0.00012;0.00012;0.00012;0.00012;0.00012;0.00012;0.00012;0.00012;0.01012;0.00012;0.00012;0.00012;0.00012;0.00012;0.00012
755;0.0000848;0.0000848;0.0000848;0.0000848;0.0000848;0.0000848;0.0000848;0.0000848;0.0000848;0.0000848;0.0000848;0.0000848;0.0000848;0.0000848;0.0000848;0.0000848;0.0000848;0.0000848;0.0000848;0.0000848;0.0000848;0.0000848;0.0000848;0.0000848;0.0000848;0.0000848;0.0000848;0.0000848;0.0000848;0.0000848;0.0000848;0.0000848;0.0000848;0.0000848;0.0000848;0.0000848;0.0000848;0.0000848;0.0000848;0.0000848;0.0000848;0.0000848;0.0000848;0.0000848;0.0000848;0.0000848;0.0000848;0.0000848;0.0000848;0.0000848;0.0000848;0.0000848;0.0000848;0.0000848;0.0000848;0.0000848;0.0000848;0.0000848;0.0000848;0.0000848;0.0000848;0.0000848;0.0000848;0.0000848;0.0000848;0.0000848;0.0000848;0.0000848;0.0000848;0.0000848;0.0000848;0.0000848;0.0000848;0.0000848;0.0000848;0.0000848;0.0100848;0.0000848;0.0000848;0.0000848;0.0000848;0.0000848
760;0.00006;0.00006;0.00006;0.00006;0.00006;0.00006;0.00006;0.00006;0.00006;0.00006;0.00006;0.00006;0.00006;0.00006;0.00006;0.00006;0.00006;0.00006;0.00006;0.00006;0.00006;0.00006;0.00006;0.00006;0.00006;0.00006;0.00006;0.00006;0.00006;0.00006;0.00006;0.00006;0.00006;0.00006;0.00006;0.00006;0.00006;0.00006;0.00006;0.00006;0.00006;0.00006;0.00006;0.00006;0.00006;0.00006;0.00006;0.00006;0.00006;0.00006;0.00006;0.00006;0.00006;0.00006;0.00006;0.00006;0.00006;0.00006;0.00006;0.00006;0.00006;0.00006;0.00006;0.00006;0.00006;0.00006;0.00006;0.00006;0.00006;0.00006;0.00006;0.00006;0.00006;0.00006;0.00006;0.00006;0.00006;0.01006;0.00006;0.00006;0.00006;0.00006
765;0.0000424;0.0000424;0.0000424;0.0000424;0.0000424;0.0000424;0.0000424;0.0000424;0.0000424;0.0000424;0.0000424;0.0000424;0.0000424;0.0000424;0.0000424;0.0000424;0.0000424;0.0000424;0.0000424;0.0000424;0.0000424;0.0000424;0.0000424;0.0000424;0.0000424;0.0000424;0.0000424;0.0000424;0.0000424;0.0000424;0.0000424;0.0000424;0.0000424;0.0000424;0.0000424;0.0000424;0.0000424;0.0000424;0.0000424;0.0000424;0.0000424;0.0000424;0.0000424;0.0000424;0.0000424;0.0000424;0.0000424;0.0000424;0.0000424;0.0000424;0.0000424;0.0000424;0.0000424;0.0000424;0.0000424;0.0000424;0.0000424;0.0000424;0.0000424;0.0000424;0.0000424;0.0000424;0.0000424;0.0000424;0.0000424;0.0000424;0.0000424;0.0000424;0.0000424;0.0000424;0.0000424;0.0000424;0.0000424;0.0000424;0.0000424;0.0000424;0.0000424;0.0000424;0.0100424;0.0000424;0.0000424;0.0000424
770;0.00003;0.00003;0.00003;0.00003;0.00003;0.00003;0.00003;0.00003;0.00003;0.00003;0.00003;0.00003;0.00003;0.00003;0.00003;0.00003;0.00003;0.00003;0.00003;0.00003;0.00003;0.00003;0.00003;0.00003;0.00003;0.00003;0.00003;0.00003;0.00003;0.00003;0.00003;0.00003;0.00003;0.00003;0.00003;0.00003;0.00003;0.00003;0.00003;0.00003;0.00003;0.00003;0.00003;0.00003;0.00003;0.00003;0.00003;0.00003;0.00003;0.00003;0.00003;0.00003;0.00003;0.00003;0.00003;0.00003;0.00003;0.00003;0.00003;0.00003;0.00003;0.00003;0.00003;0.00003;0.00003;0.00003;0.00003;0.00003;0.00003;0.00003;0.00003;0.00003;0.00003;0.00003;0.00003;0.00003;0.00003;0.00003;0.00003;0.01003;0.00003;0.00003
775;0.0000212;0.0000212;0.0000212;0.0000212;0.0000212;0.0000212;0.0000212;0.0000212;0.0000212;0.0000212;0.0000212;0.0000212;0.0000212;0.0000212;0.0000212;0.0000212;0.0000212;0.0000212;0.0000212;0.0000212;0.0000212;0.0000212;0.0000212;0.0000212;0.0000212;0.0000212;0.0000212;0.0000212;0.0000212;0.0000212;0.0000212;0.0000212;0.0000212;0.0000212;0.0000212;0.0000212;0.0000212;0.0000212;0.0000212;0.0000212;0.0000212;0.0000212;0.0000212;0.0000212;0.0000212;0.0000212;0.0000212;0.0000212;0.0000212;0.0000212;0.0000212;0.0000212;0.0000212;0.0000212;0.0000212;0.0000212;0.0000212;0.0000212;0.0000212;0.0000212;0.0000212;0.0000212;0.0000212;0.0000212;0.0000212;0.0000212;0.0000212;0.0000212;0.0000212;0.0000212;0.0000212;0.0000212;0.0000212;0.0000212;0.0000212;0.0000212;0.0000212;0.0000212;0.0000212;0.0000212;0.0100212;0.0000212
780;0.00001499;0.00001499;0.00001499;0.00001499;0.00001499;0.00001499;0.00001499;0.00001499;0.00001499;0.00001499;0.00001499;0.00001499;0.00001499;0.00001499;0.00001499;0.00001499;0.00001499;0.00001499;0.00001499;0.00001499;0.00001499;0.00001499;0.00001499;0.00001499;0.00001499;0.00001499;0.00001499;0.00001499;0.00001499;0.00001499;0.00001499;0.00001499;0.00001499;0.00001499;0.00001499;0.00001499;0.00001499;0.00001499;0.00001499;0.00001499;0.00001499;0.00001499;0.00001499;0.00001499;0.00001499;0.00001499;0.00001499;0.00001499;0.00001499;0.00001499;0.00001499;0.00001499;0.00001499;0.00001499;0.00001499;0.00001499;0.00001499;0.00001499;0.00001499;0.00001499;0.00001499;0.00001499;0.00001499;0.00001499;0.00001499;0.00001499;0.00001499;0.00001499;0.00001499;0.00001499;0.00001499;0.00001499;0.00001499;0.00001499;0.00001499;0.00001499;0.00001499;0.00001499;0.00001499;0.00001499;0.00001499;0.01001499
