380;0.006450001;0.011458504;0.005320312;0.005747328;0.005960359;0.004449047;0.006452278;0.006472804;0.006051455;0.005161108;-0.000127224;0.004464882;0.013181375;0.013752573;0.007509328;0.005499112;0.006269298;0.010078562;0.005865401;0.00557198;0.005653695;0.009373027;0;0;0;0;0;0.0118265;0.003719163
385;0.01054999;0.012996515;0.007341227;0.006826393;0.008026429;0.006881599;0.008013783;0.007853407;0.007152891;0.007703872;0.005202899;0.004887902;0.01154625;0.014126966;0.009967342;0.010145373;0.007904598;0.013067227;0.007319807;0.006954966;0.006690843;0.011203823;0;0;0;0;0;0.0123751;0.004091035
390;0.02005001;0.016853312;0.013525801;0.013423889;0.014249528;0.01199743;0.012630981;0.012845093;0.010127528;0.015950063;0.006963869;0.008550834;0.018485963;0.022852056;0.017969785;0.018720979;0.018495737;0.019582035;0.011953711;0.011962565;0.011898309;0.019938059;0;0;0;0;0;0.0164556;0.00771146
395;0.03621;0.026866397;0.029430191;0.029109054;0.031292553;0.025355632;0.024603792;0.025999989;0.018587553;0.033519686;0.022537917;0.02091397;0.049232644;0.042278262;0.037493436;0.040605003;0.041601981;0.039749426;0.026181018;0.026012612;0.026799091;0.038243405;0;0;0;0;0;0.027104;0.02089614
400;0.06785001;0.04566574;0.060476279;0.059888311;0.063927032;0.049848508;0.049003304;0.050112258;0.040009071;0.068452126;0.05086503;0.047234927;0.112210447;0.089417756;0.085024355;0.091733366;0.092544776;0.083940215;0.055344128;0.055978847;0.057424498;0.077388961;76.8436058;30.65814869;172.0959715;50.60931114;222.0700103;0.0542471;0.05105252
405;0.1102;0.096349592;0.116333185;0.116530377;0.12249625;0.096770724;0.096625328;0.098874248;0.086341671;0.129658017;0.106598733;0.100992366;0.220319104;0.182252802;0.178232249;0.189766479;0.193133772;0.177138365;0.109024227;0.112678579;0.115030261;0.143471717;506.5514127;520.9487061;649.044727;580.6886911;595.5565192;0.117068;0.1127467
410;0.2074;0.19547755;0.216434869;0.217826442;0.226927858;0.187030258;0.18597189;0.191078834;0.180369548;0.233964232;0.197986993;0.192456135;0.388524871;0.344705039;0.336236498;0.347380865;0.351679678;0.331294863;0.206491314;0.211380726;0.216873758;0.255870685;1004.119245;1065.977004;1216.107676;1180.632114;1055.62053;0.240245;0.2260946
415;0.3713;0.374280086;0.39931392;0.402472696;0.413341301;0.36394119;0.360837454;0.365099385;0.360413449;0.424206854;0.368504378;0.362601035;0.626587638;0.574833425;0.562458955;0.574275303;0.580919384;0.556373675;0.388448046;0.392507385;0.400293923;0.454710909;2088.453921;2129.579143;2560.721133;2420.574848;2261.150715;0.445994;0.431505
420;0.6456;0.673629613;0.702670657;0.707576906;0.719778976;0.664959922;0.66203437;0.665408328;0.66895925;0.728054336;0.669246565;0.667204104;0.906282231;0.85626195;0.847746537;0.847789733;0.851568456;0.826899594;0.691701459;0.695792577;0.705563295;0.761271068;3572.773059;3585.574726;4433.9609;4127.635854;3972.144375;0.727253;0.7097128
425;1.0390501;1.049898273;1.070386538;1.075749794;1.089573952;1.037078516;1.034075089;1.03585182;1.053630754;1.092060853;1.04582818;1.030697226;1.182170441;1.130532776;1.118348488;1.120053421;1.126713873;1.104458716;1.052700545;1.058670326;1.069846933;1.126254377;5270.063917;5307.358394;6586.610664;6128.516015;5948.349671;1.03541;1.020884
430;1.3856;1.36774947;1.36411166;1.370903454;1.382770145;1.373777706;1.373588057;1.369854231;1.406775973;1.407259216;1.376209147;1.355959924;1.382441386;1.348352976;1.34421502;1.365805759;1.371806569;1.355894191;1.367319752;1.371225672;1.377960367;1.413333248;6944.477257;7078.234141;8707.526465;8161.28331;7896.698276;1.33272;1.286132
435;1.62296;1.594621454;1.571076214;1.577765202;1.585876628;1.588526971;1.588364312;1.584691426;1.621893235;1.603510501;1.585584908;1.587152996;1.592728902;1.56439791;1.559919754;1.566507633;1.568190748;1.557728801;1.601409504;1.593428233;1.59914388;1.611220152;8251.203163;8480.501811;10347.39557;9766.254011;9406.281299;1.5426;1.474784
440;1.74706;1.743094749;1.711571429;1.715071205;1.722722153;1.724488952;1.72178422;1.717598264;1.746490754;1.713868491;1.729615282;1.750474614;1.712198709;1.699100889;1.698921972;1.698024177;1.701024184;1.695679964;1.720916609;1.707615717;1.711558113;1.740466642;8924.333375;9180.667884;11164.52211;10578.3652;10161.72219;1.69202;1.652572
445;1.7826;1.800533137;1.775955065;1.779676503;1.780003663;1.80207012;1.799085663;1.801108302;1.804904935;1.782806519;1.805360363;1.801111216;1.770555226;1.775294925;1.778807735;1.774288729;1.771150162;1.772554842;1.7826;1.777130024;1.776822205;1.776393658;9120.343219;9347.724497;11386.93905;10780.02771;10350.45992;1.7661;1.74431
450;1.77211;1.77900145;1.769652954;1.774409992;1.773118063;1.805642247;1.808516243;1.80351499;1.796959576;1.773419546;1.822629518;1.807724394;1.7826;1.7826;1.7826;1.7826;1.7826;1.7826;1.781246746;1.7826;1.7826;1.7826;9093.481366;9270.274084;11370.42734;10686.65653;10277.92905;1.74631;1.769405
455;1.7441;1.753923563;1.756825698;1.760138365;1.758019219;1.757704153;1.756605336;1.759693927;1.734236089;1.725467571;1.781081998;1.778481063;1.742265163;1.749100813;1.75459809;1.758641449;1.757620253;1.764756103;1.743009259;1.738990639;1.742251937;1.744361277;8919.003658;9051.722571;11194.53934;10434.49552;10049.98998;1.73774;1.733593
460;1.6692;1.644668017;1.664647742;1.665172954;1.662240563;1.685245084;1.69309856;1.682799269;1.658663622;1.641438903;1.650053744;1.672377639;1.65125058;1.659665651;1.663599729;1.674027545;1.669610086;1.676611412;1.648117858;1.635859836;1.636402064;1.652114518;8556.092897;8673.500349;10772.56619;10025.55944;9640.523984;1.63242;1.634148
465;1.5281;1.458787092;1.488687445;1.490715725;1.484986132;1.522524308;1.521121536;1.528192526;1.497707357;1.493443612;1.464991394;1.480257539;1.518687288;1.524866782;1.527010546;1.514522683;1.507013922;1.516804042;1.507248186;1.492862263;1.491562282;1.471619331;7844.145033;7984.624055;9890.973554;9260.590189;8878.308142;1.47285;1.47268
470;1.28764;1.233151338;1.255380744;1.25834714;1.251863601;1.293636377;1.294449179;1.294167254;1.279579582;1.264187509;1.297641922;1.29159732;1.301462755;1.29479657;1.295549396;1.292254375;1.28869099;1.296772405;1.269207139;1.260293911;1.262662405;1.278164793;6672.953201;6869.42496;8411.23955;7976.18478;7634.497082;1.24796;1.2857
475;1.0419;1.022383147;1.033139638;1.03693118;1.031369777;1.037445754;1.045474769;1.03945787;1.040555954;1.022834161;1.05425092;1.048915271;1.044531354;1.04195697;1.041409629;1.044397302;1.040135031;1.042373373;1.017914244;1.016075211;1.019834967;1.030979809;5311.037311;5538.952056;6693.080479;6425.651645;6154.882941;1.01631;1.055199
480;0.8129501;0.813716061;0.808366397;0.811616338;0.807366624;0.818816576;0.82013286;0.820505929;0.831043335;0.813065734;0.829663995;0.831699049;0.825215687;0.815766456;0.813649988;0.825057635;0.823527741;0.823077037;0.790047749;0.793578855;0.793726459;0.802855019;4083.209287;4266.7727;5165.119941;4942.634932;4753.151965;0.801529;0.8349765
485;0.6162;0.616960891;0.610236529;0.612864189;0.609774615;0.615847679;0.615408423;0.615629428;0.635302847;0.613201602;0.615599852;0.622128569;0.640898431;0.62778892;0.625043739;0.630954877;0.631532977;0.628982105;0.611310793;0.613423892;0.613922916;0.615286253;3086.781029;3193.146887;3933.470746;3693.443386;3573.018845;0.623947;0.6429217
490;0.46518;0.479764951;0.463741059;0.467433189;0.464912895;0.459126799;0.458929883;0.459255723;0.479774495;0.462713326;0.464602983;0.464976625;0.476150536;0.465105632;0.463569032;0.476644697;0.476563887;0.473351962;0.461268106;0.460953341;0.462770427;0.465567317;2342.019114;2396.498135;3001.991118;2768.771338;2687.268435;0.481443;0.4944814
495;0.3533;0.375453704;0.359399881;0.361844163;0.360700894;0.352740695;0.352215621;0.350900876;0.370758355;0.353857182;0.363011476;0.362018913;0.374042801;0.361325164;0.358779533;0.364974003;0.364857772;0.362131687;0.354305246;0.353592045;0.355170724;0.364002748;1803.375497;1831.740793;2316.696913;2114.488926;2051.483564;0.377876;0.3800198
500;0.272;0.298301028;0.284265496;0.286798904;0.28416756;0.273709627;0.27450971;0.275072957;0.290971053;0.278132524;0.287013696;0.286049069;0.290120562;0.278046403;0.276683424;0.277757992;0.277177795;0.275199767;0.276710129;0.277537445;0.277734845;0.273973097;1405.795489;1418.054087;1805.694954;1634.99104;1585.96599;0.303912;0.3055746
505;0.2123;0.220292735;0.205905767;0.206792264;0.204351207;0.200807632;0.201618204;0.201435328;0.213555622;0.203184156;0.212706356;0.213014851;0.205526302;0.195822652;0.19396562;0.19924582;0.199121297;0.196953982;0.201506245;0.20352072;0.203467181;0.201362638;1091.228493;1092.204229;1399.349704;1257.467556;1220.728507;0.221855;0.2279393
510;0.1582;0.151384337;0.142250898;0.142220541;0.140471941;0.138379454;0.138627996;0.138516557;0.145601866;0.138030148;0.144519754;0.146526868;0.13333634;0.126861194;0.124802446;0.131601593;0.131183695;0.128414843;0.138771517;0.140934241;0.141376171;0.138236762;815.2088154;808.2546749;1042.849658;929.5215521;902.3689914;0.157526;0.1610814
515;0.1117;0.108556858;0.101059927;0.100515875;0.098073855;0.097546648;0.098040771;0.098239527;0.101171485;0.096075825;0.102239233;0.104029084;0.088060602;0.082172716;0.080711694;0.087608947;0.087481098;0.085529641;0.095830541;0.09766507;0.097909567;0.092966855;584.5086881;573.0940203;745.0050473;658.1779251;638.3717561;0.111545;0.1196987
520;0.07824999;0.076474551;0.070062272;0.068762776;0.066123016;0.069041356;0.069596526;0.06999258;0.069356346;0.065866043;0.074305382;0.076016962;0.057086516;0.051452225;0.050207277;0.055842927;0.056010597;0.054307829;0.065497707;0.066823948;0.067260588;0.061169006;414.6657864;402.4980146;525.4489995;460.6308871;446.6396177;0.0789742;0.07927195
525;0.05725001;0.052687495;0.047460166;0.045879653;0.04303369;0.047783284;0.048104003;0.048499679;0.045303597;0.04301585;0.051869784;0.053802222;0.034045696;0.029438233;0.027697752;0.034249501;0.034154195;0.032944826;0.043963957;0.04503053;0.045527325;0.036902089;294.0368389;283.5035271;369.7704825;322.5731408;312.788059;0.0560025;0.05575356
530;0.04216;0.03758549;0.033261309;0.031335784;0.028566421;0.034061392;0.034647541;0.035101352;0.030534625;0.02859354;0.037530648;0.039138455;0.021656449;0.01649639;0.015216174;0.021354831;0.021382898;0.019900551;0.030434076;0.031523216;0.032149762;0.023596599;205.272351;197.1739376;256.2518451;223.0017275;215.6710484;0.0405088;0.03966754
535;0.02984;0.030074808;0.026286364;0.024267265;0.021479181;0.027696102;0.028354569;0.028742358;0.023395651;0.021166775;0.029580692;0.03133982;0.015116541;0.010563741;0.008995242;0.015036726;0.014974133;0.013508727;0.023414421;0.024540723;0.025222987;0.016391073;142.633787;137.1355304;176.9537095;153.9755082;148.0149029;0.0329355;0.0318172
540;0.0203;0.027215143;0.024285088;0.022211651;0.019350912;0.025424788;0.026010687;0.026270775;0.020520928;0.018669964;0.025506849;0.027593217;0.01316641;0.00897176;0.007119406;0.013030121;0.01312393;0.0117194;0.020818646;0.021908779;0.022594898;0.013583629;102.8930547;99.84144098;126.9497211;110.5842591;105.6966874;0.0299671;0.02916833
545;0.0134;0.027243798;0.024595203;0.022481962;0.019651228;0.025693436;0.026343742;0.026607427;0.020483698;0.01896447;0.024715665;0.02691793;0.013323282;0.00906726;0.007864694;0.013715246;0.01372428;0.012318898;0.020747249;0.021805079;0.02240306;0.013498529;78.47958572;77.54514353;96.31359847;83.96525209;80.08796542;0.0299538;0.02917141
550;0.008749999;0.027882659;0.025943686;0.023689182;0.020895548;0.027106805;0.027678865;0.027892718;0.02141089;0.020164927;0.02539341;0.027670256;0.014814374;0.010571712;0.009395753;0.01509312;0.015102039;0.01386554;0.021917078;0.022808235;0.023422933;0.014539176;61.41223499;62.14092484;74.81526413;65.16244759;62.26443682;0.0312235;0.03015651
555;0.005749999;0.02517993;0.024145547;0.02204471;0.019228276;0.026389649;0.027155612;0.027014991;0.020530386;0.019552452;0.024428097;0.026273484;0.013422697;0.010299308;0.009011174;0.014455428;0.014548882;0.013290875;0.020706334;0.021461827;0.022009714;0.013321472;47.37850747;49.24204615;57.21076308;49.82387958;47.69524031;0.0297211;0.02911624
560;0.0039;0.0185632;0.017586625;0.015672896;0.01296565;0.021547221;0.021963626;0.021876378;0.015437088;0.014704326;0.019024792;0.020867963;0.008628429;0.005540257;0.004404258;0.00931683;0.009295412;0.008380295;0.015048353;0.015679708;0.016204549;0.008057044;33.85387189;36.26921038;40.53373909;35.55869254;33.83223636;0.0223279;0.0221248
565;0.002749999;0.010388385;0.00916842;0.007566324;0.005063526;0.013476529;0.014002127;0.014081807;0.008404378;0.007419919;0.011662708;0.012967746;0.002003204;-0.000961557;-0.002050279;0.002315571;0.002551119;0.001405978;0.007581991;0.0082359;0.00880186;0.00143633;21.71505402;24.06826758;25.75292543;22.96924919;21.48570869;0.0124938;0.01249142
570;0.0021;0.004684972;0.003102978;0.001852702;-0.00047309;0.006799193;0.007160721;0.007282823;0.002846025;0.001605876;0.00501505;0.006576323;-0.002516688;-0.005161138;-0.006253412;-0.00232224;-0.002060137;-0.003338817;0.002088052;0.002892366;0.003392178;-0.003277764;12.59932207;14.30266933;14.72086206;13.3574174;12.22636351;0.00457584;0.00449231
575;0.0018;0.001593387;0.000216484;-0.000750069;-0.002837516;0.003259215;0.003464346;0.003694568;-3.30E-05;-0.001437897;0.001820032;0.003248917;-0.004507323;-0.006601058;-0.007471014;-0.004199903;-0.0038975;-0.004957259;-0.000520984;0.000257423;0.000731907;-0.005281384;6.583164168;7.471882265;7.515086296;6.889705914;6.158379862;0.000523564;-4.46323E-05
580;0.001650001;0.001448173;-0.000674164;-0.001501688;-0.003298326;0.001686991;0.001943714;0.002091401;-0.000981278;-0.002275034;0.000658145;0.001899808;-0.004507725;-0.006222685;-0.006850657;-0.004140447;-0.003985755;-0.00492307;-0.001228616;-0.000544782;-0.000135218;-0.005676209;3.002241672;3.495731127;3.365889636;3.177672561;2.683918415;-0.00121956;-0.002147891
585;0.0014;0.000564743;-0.000748093;-0.001409954;-0.00298817;0.001212084;0.001392959;0.001426889;-0.001045166;-0.002205804;0.000219525;0.001407995;-0.004014543;-0.005397319;-0.006045811;-0.003885013;-0.00341987;-0.004171229;-0.001228949;-0.000627008;-0.000317618;-0.005167399;1.164919892;1.704234969;1.373149237;1.476420315;1.0551529;-0.00195973;-0.002793377
590;0.0011;0.000520662;-0.000641641;-0.001151016;-0.002475185;0.000927978;0.001099397;0.001187249;-0.000947;-0.001912764;0.000151889;0.001185714;-0.003118115;-0.004706391;-0.004951138;-0.003230143;-0.002850151;-0.003571738;-0.001025698;-0.000524738;-0.000262708;-0.004470638;0.360996895;0.879599681;0.523476252;0.71313721;0.390868456;-0.00215588;-0.003095354
595;0.001;4.30E-05;-0.000488049;-0.000835261;-0.001964137;0.000915535;0.00092916;0.000980615;-0.000704398;-0.001542;8.02E-05;0.000970513;-0.002959799;-0.003701152;-0.00405354;-0.002633896;-0.002399126;-0.00294591;-0.000793587;-0.000410311;-0.000156171;-0.003509253;0.058214061;0.289067744;0.126239759;0.222322785;0.091111553;-0.00244304;-0.003174734
600;0.0008;0.000285603;-0.000329671;-0.000553439;-0.001489665;0.000592807;0.000748027;0.00074083;-0.000462116;-0.001198204;0.000332507;0.000768769;-0.002175343;-0.002800418;-0.003360081;-0.002040045;-0.001725019;-0.002388386;-0.000536823;-0.000221674;-3.63E-05;-0.00285518;0;0;0;0;0;-0.00260707;-0.003541721
605;0.0006;0.000652831;-0.000211388;-0.000297581;-0.000977213;0.000443716;0.000571269;0.000593361;-0.000221441;-0.00073254;0.000590718;0.000550599;-0.00137741;-0.001925319;-0.002317055;-0.00141915;-0.001388429;-0.001792791;-0.000287473;-9.24E-05;3.71E-05;-0.001980039;0;0;0;0;0;-0.00267482;-0.003612364
610;0.00034;0.000181762;-5.36E-06;-2.61E-05;-0.000482423;0.000339988;0.000420095;0.000378609;5.37E-05;-0.00046304;0.000304138;0.000380289;-0.001314886;-0.001156143;-0.001570103;-0.000859634;-0.000884627;-0.00132656;-0.000087943;4.73E-05;0.000119814;-0.001248067;0.001091666;0.009393869;0.003496027;0.007065421;0.002466377;-0.00266511;-0.003621928
615;0.00024;0.000511818;0.000100063;0.000231627;-0.000147204;0.000314585;0.000276809;0.000194628;0.000229674;-0.000191695;0.00035706;0.000241149;-0.000498054;-0.000725957;-0.000852344;-0.000437207;-0.00047058;-0.000834528;6.05E-05;0.000124373;0.000179095;-0.001111012;0.001857641;0.015985141;0.005949039;0.012022922;0.004196928;-0.00252762;-0.003413025
620;0.00019;0.000332308;0.000179789;0.000331367;0.00013479;0.000200369;0.000155387;0.000132926;0.000384044;0.000185421;0.000391226;0.000136096;-0.000274006;-0.000312652;-0.000405975;-0.000278444;-0.000120111;-0.000442949;0.000188402;0.000188274;0.000191597;-0.0004657;0;0;0;0;0;-0.00225214;-0.003225335
625;0.0001;0.000774672;0.000178487;0.000392331;0.000291397;0.000150631;9.22E-05;5.00E-05;0.000459089;0.000272936;0.000235604;9.58E-05;-0.000197919;-0.000133062;6.32E-05;-1.73E-05;-3.01E-05;-0.000245456;0.000233518;0.000213828;0.000189732;-0.000249056;0;0;0;0;0;-0.00193167;-0.002903764
630;0.00005;0.000482064;0.000190226;0.000412117;0.000345858;0.000112898;4.50E-05;3.38E-05;0.000458627;0.000409173;0.00035987;4.93E-05;5.21E-05;5.21E-05;0.00013582;4.87E-05;5.12E-05;0.000151191;0.000214571;0.000180864;0.000195796;-9.20E-05;7.70E-05;0.000662225;0.000246454;0.00049808;0.000173868;-0.00169221;-0.002519016
635;0.00003;5.57E-05;0.00019058;0.000326637;0.000322125;4.78E-05;3.17E-05;-1.20E-05;0.000390805;0.000288623;0.00037103;3.98E-05;-0.000169173;0.000111067;0.000106363;3.02E-05;-0.000102768;0.000030526;0.000181964;0.000178308;0.000175844;0.000160582;0.00012458;0.001072019;0.000398963;0.000806299;0.00028146;-0.00136167;-0.002125275
640;0.00002;0.000271053;0.000141601;0.000250443;0.000284345;4.56E-06;2.29E-05;-4.46E-06;0.000365186;0.000210748;0.000150807;2.09E-05;-0.000273402;0.000170638;3.15E-05;0.000195052;0.000227474;0.000074105;0.000157813;0.000139511;0.000138376;2.38E-05;0;0;0;0;0;-0.0011122;-0.001674051
645;0.00001;6.28E-06;0.000109719;0.000238446;0.000244606;7.95E-06;4.06E-05;1.84E-05;0.000265698;0.000199753;-1.34E-05;2.08E-05;0.000104336;0.00019415;7.69E-06;6.57E-05;0.000171538;3.81E-05;0.000116589;7.90E-05;0.000121839;0.000223008;0;0;0;0;0;-0.000902173;-0.001245031
650;0;8.58E-05;0.000107677;0.000172075;0.000179991;-1.59E-05;1.65E-05;-1.86E-05;0.000160166;0.000112591;0.000350108;1.79E-05;0.000182356;-5.96E-05;-0.000070522;0.000133384;0.000037189;-2.71E-05;3.53E-05;6.89E-05;7.00E-05;-3.22E-05;1.21E-05;0.000103896;3.87E-05;7.81E-05;2.73E-05;-0.000703302;-0.001038433
655;0;0.000483903;8.21E-05;0.000124298;0.00016472;2.50E-05;1.85E-05;-2.39E-05;0.000089829;0.000165598;-2.27E-05;1.82E-05;0.000877886;-0.000154666;-8.45E-05;4.46E-05;8.02E-05;-8.32E-05;3.87E-05;5.76E-05;6.80E-05;0.000162848;1.24E-05;0.000106687;3.97E-05;8.02E-05;2.80E-05;-0.000490275;-0.000824957
660;0;0.00024769;7.52E-05;8.05E-05;0.000117079;-3.36E-05;7.90E-06;-2.65E-05;9.53E-05;0.00010241;1.15E-05;-4.36E-06;0.000579719;-0.000316568;-9.35E-05;0.000224687;0.000120492;-0.000179185;1.63E-05;3.66E-05;6.49E-05;0.000178665;3.75E-07;3.23E-06;1.20E-06;2.43E-06;8.47E-07;-0.00031903;-0.000598977
665;0;0.000103187;6.69E-05;0.000057595;0.000104974;-9.76E-08;-2.18E-07;3.44E-05;6.12E-05;3.41E-05;0.000104306;8.80E-07;0.00043957;-7.52E-05;-0.000165459;0.000139118;3.95E-05;0.000114093;2.71E-06;1.00E-05;3.74E-05;0.000160705;0;0;0;0;0;-0.000287193;-0.000375541
670;0;0.000493241;2.16E-05;6.15E-05;7.12E-05;-2.95E-05;-6.81E-06;1.38E-06;7.68E-05;4.88E-05;-0.000104148;-1.19E-05;0.000154917;-0.000055344;-7.95E-05;1.06E-05;2.47E-05;7.83E-05;1.67E-05;1.49E-05;1.04E-05;5.63E-05;0;0;0;0;0;-0.000124072;-0.000259383
675;0;0.000104862;1.18E-05;3.97E-05;0.00002967;-2.35E-05;4.70E-06;-2.68E-05;2.00E-05;-6.65E-06;-2.53E-05;8.84E-06;0.000252059;-0.000134029;-0.000059332;2.40E-05;2.13E-05;0.000192977;-3.33E-05;1.76E-05;2.62E-05;0.00014256;1.39E-06;1.20E-05;4.46E-06;9.00E-06;3.14E-06;1.23E-07;-0.000200078
680;0;0.000614773;4.84E-05;-6.65E-06;3.71E-05;-7.68E-05;-1.73E-05;2.32E-05;1.85E-05;5.59E-05;0.000252193;-3.53E-05;0.000349395;-0.000111797;1.03E-05;0.000052032;0.000101652;-9.91E-05;-3.16E-05;-2.41E-05;3.79E-06;0.000204448;1.22E-06;1.05E-05;3.92E-06;7.91E-06;2.76E-06;2.05E-05;-3.70969E-05
685;0;0.000359945;3.48E-05;-6.51E-08;2.41E-05;2.60E-05;-5.08E-07;-1.77E-05;2.24E-05;5.62E-05;0.000129161;-3.80E-06;0.000592963;-0.000141334;-5.78E-05;0.000088456;-0.00010237;5.93E-05;-2.73E-05;-4.49E-06;3.12E-05;0.000338641;1.96E-07;1.69E-06;6.29E-07;1.27E-06;4.44E-07;5.80E-05;-2.76484E-05
690;0;0.000636356;5.05E-05;1.68E-05;5.09E-05;-7.97E-05;1.60E-05;-2.28E-05;-4.49E-05;-3.50E-07;0.000314701;-4.32E-05;0.00066363;-5.86E-05;-0.000101512;3.48E-05;0.000054501;0.000125038;-6.18E-05;-1.76E-05;6.55E-06;0.000149091;0;0;0;0;0;7.02E-05;-1.27902E-05
695;0;0.00019396;2.87E-05;2.76E-06;1.58E-05;-9.00E-05;1.73E-05;1.89E-05;2.35E-05;-5.33E-06;0.000233012;-0.000036775;0.00027397;-0.000160546;-0.000106851;0.000182893;-0.000108812;1.93E-05;-1.48E-05;-1.56E-05;8.39E-06;0.000212726;0;0;0;0;0;2.75E-05;2.82797E-05
700;0;-6.48E-05;-5.65E-05;3.91E-07;1.14E-05;1.40E-05;1.88E-05;1.42E-05;-6.01E-06;4.77E-05;-0.00029211;1.15E-05;-0.000222598;0.000113696;-6.03E-05;8.20E-05;-7.32E-06;-5.99E-05;-2.62E-06;1.49E-05;-2.55E-05;0.000364795;0;0;0;0;0;1.31E-05;3.21493E-05
705;0;-0.00010052;-0.000078481;2.47E-05;5.11E-05;1.66E-05;5.27E-06;-2.24E-05;5.13E-05;-4.12E-05;-4.81E-05;7.48E-06;8.00E-05;0.000102852;-0.000118073;2.95E-05;1.71E-06;7.58E-05;3.28E-05;1.55E-05;-1.67E-05;0.000492751;0;0;0;0;0;6.18E-05;4.36446E-05
710;0;0.000147327;-6.09E-05;4.33E-06;1.14E-05;5.29E-05;1.65E-05;-1.56E-05;-4.59E-06;0.000010025;-0.000150874;1.56E-05;-0.000130435;-3.59E-06;-0.000083166;4.83E-05;6.84E-05;2.61E-06;2.15E-05;2.76E-05;-2.19E-05;0.0004111;4.03E-07;3.47E-06;1.29E-06;2.61E-06;9.10E-07;3.08E-05;7.2985E-05
715;0;-7.11E-05;-4.26E-05;-3.14E-05;3.05E-05;3.00E-05;1.44E-05;-1.08E-05;-1.81E-05;0.00003423;-2.43E-05;4.48E-06;-0.000389306;-1.15E-05;-5.39E-05;4.91E-05;2.61E-05;5.01E-06;-1.09E-05;2.34E-05;7.31E-06;0.000487899;8.47E-07;7.29E-06;2.71E-06;5.49E-06;1.91E-06;4.54E-05;0.000132719
720;0;0.000154374;-0.000025895;-1.13E-05;2.01E-05;2.35E-05;1.51E-05;1.04E-05;4.03E-05;8.13E-05;-0.000105257;-7.27E-06;0.000301526;1.09E-05;-5.17E-05;-4.25E-06;0.000176729;0.000158506;2.63E-05;-1.06E-05;-1.67E-05;0.000478803;1.07E-06;9.21E-06;3.43E-06;6.92E-06;2.42E-06;3.78E-05;8.11066E-05
725;0;0.000421691;-0.000045741;-1.85E-05;1.10E-05;-1.20E-05;1.47E-05;-2.27E-05;2.37E-06;0.000066835;-0.000207012;9.94E-06;-0.000332052;-2.70E-05;-0.00007357;0.000138128;6.57E-05;-4.73E-05;3.97E-05;2.97E-05;-1.65E-05;0.000550011;9.17E-07;7.89E-06;2.94E-06;5.94E-06;2.07E-06;0.000127939;9.65019E-05
730;0;-4.93E-05;-5.04E-05;3.03E-05;0.000022056;1.61E-06;3.21E-05;-9.44E-06;-8.47E-06;0.000128311;-0.000235886;-7.54E-06;3.62E-05;4.92E-05;-3.28E-05;2.00E-05;-7.08E-05;0.000184768;3.07E-05;-3.10E-06;-1.99E-05;0.000462857;2.36E-07;2.03E-06;7.56E-07;1.53E-06;5.33E-07;3.70E-05;5.21648E-05
735;0;3.11E-05;-5.83E-05;-1.01E-05;5.61E-07;1.93E-05;-6.54E-07;1.39E-05;8.62E-06;-0.000108855;-0.000129414;4.99E-05;-0.000316318;0.000159322;-3.11E-05;0.0000256;-6.17E-05;-1.27E-05;6.63E-05;1.82E-05;-2.47E-05;0.000373321;0;0;0;0;0;8.60E-05;0.000118442
740;0;0.000103544;-3.12E-08;-4.51E-06;1.12E-05;8.31E-06;0.000020764;1.38E-05;-3.15E-06;-5.12E-05;-1.94E-05;-4.84E-06;-0.00045345;0.000251531;-2.02E-06;0.000132617;6.83E-05;0.00001702;1.82E-05;0.000025384;-4.91E-05;0.000486578;0;0;0;0;0;4.33E-05;8.48607E-05
745;0;0.000206013;-6.41E-06;1.42E-05;-1.70E-05;8.18E-05;3.71E-06;-1.82E-05;-1.33E-05;-2.42E-05;-3.20E-05;2.83E-05;-0.000221584;5.25E-05;8.66E-05;0.000188595;0.000214125;-2.62E-05;3.95E-05;0.000013579;-3.24E-05;0.000651352;0;0;0;0;0;0.000174666;0.000132423
750;0;0.000264283;2.24E-05;-7.61E-06;3.37E-05;2.39E-05;1.94E-05;-6.95E-07;7.60E-06;-9.93E-05;-0.00013383;1.67E-05;7.50E-05;-5.67E-05;0.000142038;8.84E-05;0.000268692;-0.000191524;1.01E-05;0.000037525;1.42E-05;2.74E-05;0;0;0;0;0;8.22E-05;0.000102955
755;0;0.000159352;3.44E-05;0.0000279;2.22E-05;-0.000206627;-1.13E-06;-3.56E-05;1.17E-05;-7.19E-05;-0.000185151;4.47E-05;0.000463754;-1.75E-05;0.000256116;0.000224356;5.49E-05;-6.53E-05;-1.70E-05;3.05E-05;5.27E-07;0.000147999;0;0;0;0;0;2.31E-06;0.00015148
760;0;0.000874614;-2.00E-05;2.95E-05;5.46E-05;1.42E-05;-1.92E-05;9.06E-06;-2.13E-05;-6.47E-05;-6.56E-05;7.42E-05;0.000458919;0.000170435;0.000230449;7.52E-05;0.000268114;2.49E-05;-2.36E-06;3.97E-05;8.91E-06;0.000222649;0;0;0;0;0;9.72E-05;0.000146815
765;0;0.00053152;2.94E-05;7.35E-06;7.21E-05;-0.000118739;-5.65E-05;3.20E-05;5.90E-05;-9.68E-05;-0.000157879;8.26E-05;0.000816015;7.49E-05;8.82E-05;0.00015235;0.000334982;-0.000192477;2.66E-06;4.68E-05;1.69E-06;3.03E-05;0;0;0;0;0;3.77E-06;2.24769E-05
770;0;0.000925857;2.37E-05;1.42E-05;6.33E-06;-0.000125651;-1.37E-05;-1.47E-05;1.83E-05;-0.000178071;-0.000159791;0.000034448;0.000170989;0.000142706;0.000276457;0.000123277;0.000396805;-0.000125125;-2.78E-05;-3.39E-06;4.01E-05;0.00011157;0;0;0;0;0;0.000137008;0.000124113
775;0;0.000601291;-5.18E-06;3.19E-05;5.25E-05;0.000122762;-1.28E-05;1.52E-06;-6.13E-05;-0.000200702;-0.000174494;0.000094257;0.000554954;0.000162814;8.55E-05;0.000248921;0.000198979;-0.000207027;-4.55E-05;1.61E-06;3.57E-05;0.000386155;0;0;0;0;0;0.000159867;0.000100061
780;0;0.000158139;0.000082549;4.73E-05;3.96E-05;-0.000247243;-0.000101477;2.13E-05;-0.000034339;-0.00018858;-0.000326127;4.50E-05;0;0;0;0;0;0;0;0;0;0;0;0;0;0;0;0.000194954;0.000190963
